district,job_slug,total_matching_venues,published_matching_venues,verified_matching_venues,last_verified_at_coverage_pct,required_field_coverage_pct,readiness_verdict,observed_at,generator,source_version
amed,(untagged),1,1,1,100,0,BLOCKED_BY_DATA,2026-07-29T18:53:47.659Z,other-bali-intent-os-autopilot,OB-INT-0001..0200@2026-07-29
bangli,(untagged),5,5,4,80,0,BLOCKED_BY_DATA,2026-07-29T18:53:47.663Z,other-bali-intent-os-autopilot,OB-INT-0001..0200@2026-07-29
canggu,(untagged),145,145,143,98.6,0,BLOCKED_BY_DATA,2026-07-29T18:53:47.663Z,other-bali-intent-os-autopilot,OB-INT-0001..0200@2026-07-29
canggu,brunch_after_surf,44,44,38,86.4,100,READY,2026-07-29T18:53:47.663Z,other-bali-intent-os-autopilot,OB-INT-0001..0200@2026-07-29
canggu,date_night_special,29,29,23,79.3,100,READY,2026-07-29T18:53:47.663Z,other-bali-intent-os-autopilot,OB-INT-0001..0200@2026-07-29
canggu,family_early_dinner,8,8,6,75,100,READY,2026-07-29T18:53:47.663Z,other-bali-intent-os-autopilot,OB-INT-0001..0200@2026-07-29
canggu,group_dinner_share,35,35,28,80,100,READY,2026-07-29T18:53:47.663Z,other-bali-intent-os-autopilot,OB-INT-0001..0200@2026-07-29
canggu,just_landed_easy_dinner,4,4,3,75,100,READY,2026-07-29T18:53:47.663Z,other-bali-intent-os-autopilot,OB-INT-0001..0200@2026-07-29
canggu,local_food_calm,19,19,18,94.7,100,READY,2026-07-29T18:53:47.663Z,other-bali-intent-os-autopilot,OB-INT-0001..0200@2026-07-29
canggu,quiet_work_cafe,28,28,26,92.9,100,READY,2026-07-29T18:53:47.663Z,other-bali-intent-os-autopilot,OB-INT-0001..0200@2026-07-29
canggu,special_occasion,13,13,10,76.9,100,READY,2026-07-29T18:53:47.663Z,other-bali-intent-os-autopilot,OB-INT-0001..0200@2026-07-29
canggu,sunset_drinks_view,13,13,10,76.9,100,READY,2026-07-29T18:53:47.663Z,other-bali-intent-os-autopilot,OB-INT-0001..0200@2026-07-29
denpasar,(untagged),6,6,6,100,0,BLOCKED_BY_DATA,2026-07-29T18:53:47.663Z,other-bali-intent-os-autopilot,OB-INT-0001..0200@2026-07-29
denpasar,family_early_dinner,1,1,1,100,100,READY,2026-07-29T18:53:47.663Z,other-bali-intent-os-autopilot,OB-INT-0001..0200@2026-07-29
denpasar,local_food_calm,3,3,3,100,100,READY,2026-07-29T18:53:47.663Z,other-bali-intent-os-autopilot,OB-INT-0001..0200@2026-07-29
jembrana,(untagged),2,2,1,50,0,BLOCKED_BY_DATA,2026-07-29T18:53:47.663Z,other-bali-intent-os-autopilot,OB-INT-0001..0200@2026-07-29
jimbaran,(untagged),29,29,28,96.6,0,BLOCKED_BY_DATA,2026-07-29T18:53:47.663Z,other-bali-intent-os-autopilot,OB-INT-0001..0200@2026-07-29
jimbaran,date_night_special,5,5,5,100,100,READY,2026-07-29T18:53:47.663Z,other-bali-intent-os-autopilot,OB-INT-0001..0200@2026-07-29
jimbaran,family_early_dinner,6,6,6,100,100,READY,2026-07-29T18:53:47.663Z,other-bali-intent-os-autopilot,OB-INT-0001..0200@2026-07-29
jimbaran,group_dinner_share,8,8,8,100,100,READY,2026-07-29T18:53:47.663Z,other-bali-intent-os-autopilot,OB-INT-0001..0200@2026-07-29
jimbaran,just_landed_easy_dinner,3,3,3,100,100,READY,2026-07-29T18:53:47.663Z,other-bali-intent-os-autopilot,OB-INT-0001..0200@2026-07-29
jimbaran,local_food_calm,2,2,2,100,100,READY,2026-07-29T18:53:47.663Z,other-bali-intent-os-autopilot,OB-INT-0001..0200@2026-07-29
jimbaran,quiet_work_cafe,1,1,1,100,100,READY,2026-07-29T18:53:47.663Z,other-bali-intent-os-autopilot,OB-INT-0001..0200@2026-07-29
jimbaran,special_occasion,4,4,4,100,100,READY,2026-07-29T18:53:47.663Z,other-bali-intent-os-autopilot,OB-INT-0001..0200@2026-07-29
jimbaran,sunset_drinks_view,9,9,9,100,100,READY,2026-07-29T18:53:47.663Z,other-bali-intent-os-autopilot,OB-INT-0001..0200@2026-07-29
karangasem,(untagged),7,7,6,85.7,0,BLOCKED_BY_DATA,2026-07-29T18:53:47.663Z,other-bali-intent-os-autopilot,OB-INT-0001..0200@2026-07-29
kuta-legian,(untagged),98,98,97,99,0,BLOCKED_BY_DATA,2026-07-29T18:53:47.663Z,other-bali-intent-os-autopilot,OB-INT-0001..0200@2026-07-29
kuta-legian,family_early_dinner,1,1,1,100,100,READY,2026-07-29T18:53:47.663Z,other-bali-intent-os-autopilot,OB-INT-0001..0200@2026-07-29
kuta-legian,group_dinner_share,1,1,1,100,100,READY,2026-07-29T18:53:47.663Z,other-bali-intent-os-autopilot,OB-INT-0001..0200@2026-07-29
kuta-legian,just_landed_easy_dinner,1,1,1,100,100,READY,2026-07-29T18:53:47.663Z,other-bali-intent-os-autopilot,OB-INT-0001..0200@2026-07-29
lovina,(untagged),3,3,2,66.7,0,BLOCKED_BY_DATA,2026-07-29T18:53:47.663Z,other-bali-intent-os-autopilot,OB-INT-0001..0200@2026-07-29
munduk,(untagged),1,1,1,100,0,BLOCKED_BY_DATA,2026-07-29T18:53:47.663Z,other-bali-intent-os-autopilot,OB-INT-0001..0200@2026-07-29
nusa-dua,(untagged),67,67,66,98.5,0,BLOCKED_BY_DATA,2026-07-29T18:53:47.663Z,other-bali-intent-os-autopilot,OB-INT-0001..0200@2026-07-29
nusa-dua,date_night_special,8,8,8,100,100,READY,2026-07-29T18:53:47.663Z,other-bali-intent-os-autopilot,OB-INT-0001..0200@2026-07-29
nusa-dua,family_early_dinner,7,7,7,100,100,READY,2026-07-29T18:53:47.663Z,other-bali-intent-os-autopilot,OB-INT-0001..0200@2026-07-29
nusa-dua,group_dinner_share,1,1,1,100,100,READY,2026-07-29T18:53:47.663Z,other-bali-intent-os-autopilot,OB-INT-0001..0200@2026-07-29
nusa-dua,just_landed_easy_dinner,3,3,3,100,100,READY,2026-07-29T18:53:47.663Z,other-bali-intent-os-autopilot,OB-INT-0001..0200@2026-07-29
nusa-dua,local_food_calm,5,5,5,100,100,READY,2026-07-29T18:53:47.663Z,other-bali-intent-os-autopilot,OB-INT-0001..0200@2026-07-29
nusa-dua,quiet_work_cafe,1,1,1,100,100,READY,2026-07-29T18:53:47.663Z,other-bali-intent-os-autopilot,OB-INT-0001..0200@2026-07-29
nusa-dua,special_occasion,9,9,9,100,100,READY,2026-07-29T18:53:47.663Z,other-bali-intent-os-autopilot,OB-INT-0001..0200@2026-07-29
nusa-dua,sunset_drinks_view,2,2,2,100,100,READY,2026-07-29T18:53:47.663Z,other-bali-intent-os-autopilot,OB-INT-0001..0200@2026-07-29
nusa-islands,(untagged),8,8,8,100,0,BLOCKED_BY_DATA,2026-07-29T18:53:47.663Z,other-bali-intent-os-autopilot,OB-INT-0001..0200@2026-07-29
sanur,(untagged),61,61,59,96.7,0,BLOCKED_BY_DATA,2026-07-29T18:53:47.663Z,other-bali-intent-os-autopilot,OB-INT-0001..0200@2026-07-29
sanur,date_night_special,4,4,3,75,100,READY,2026-07-29T18:53:47.663Z,other-bali-intent-os-autopilot,OB-INT-0001..0200@2026-07-29
sanur,family_early_dinner,9,9,9,100,100,READY,2026-07-29T18:53:47.663Z,other-bali-intent-os-autopilot,OB-INT-0001..0200@2026-07-29
sanur,group_dinner_share,11,11,9,81.8,100,READY,2026-07-29T18:53:47.663Z,other-bali-intent-os-autopilot,OB-INT-0001..0200@2026-07-29
sanur,just_landed_easy_dinner,4,4,3,75,100,READY,2026-07-29T18:53:47.663Z,other-bali-intent-os-autopilot,OB-INT-0001..0200@2026-07-29
sanur,local_food_calm,7,7,6,85.7,100,READY,2026-07-29T18:53:47.663Z,other-bali-intent-os-autopilot,OB-INT-0001..0200@2026-07-29
sanur,quiet_work_cafe,2,2,2,100,100,READY,2026-07-29T18:53:47.663Z,other-bali-intent-os-autopilot,OB-INT-0001..0200@2026-07-29
sanur,special_occasion,2,2,2,100,100,READY,2026-07-29T18:53:47.663Z,other-bali-intent-os-autopilot,OB-INT-0001..0200@2026-07-29
seminyak,(untagged),146,146,145,99.3,0,BLOCKED_BY_DATA,2026-07-29T18:53:47.663Z,other-bali-intent-os-autopilot,OB-INT-0001..0200@2026-07-29
seminyak,brunch_after_surf,8,8,8,100,100,READY,2026-07-29T18:53:47.663Z,other-bali-intent-os-autopilot,OB-INT-0001..0200@2026-07-29
seminyak,date_night_special,14,14,14,100,100,READY,2026-07-29T18:53:47.663Z,other-bali-intent-os-autopilot,OB-INT-0001..0200@2026-07-29
seminyak,family_early_dinner,5,5,5,100,100,READY,2026-07-29T18:53:47.663Z,other-bali-intent-os-autopilot,OB-INT-0001..0200@2026-07-29
seminyak,group_dinner_share,15,15,15,100,100,READY,2026-07-29T18:53:47.663Z,other-bali-intent-os-autopilot,OB-INT-0001..0200@2026-07-29
seminyak,just_landed_easy_dinner,8,8,8,100,100,READY,2026-07-29T18:53:47.663Z,other-bali-intent-os-autopilot,OB-INT-0001..0200@2026-07-29
seminyak,local_food_calm,3,3,3,100,100,READY,2026-07-29T18:53:47.663Z,other-bali-intent-os-autopilot,OB-INT-0001..0200@2026-07-29
seminyak,quiet_work_cafe,3,3,3,100,100,READY,2026-07-29T18:53:47.663Z,other-bali-intent-os-autopilot,OB-INT-0001..0200@2026-07-29
seminyak,special_occasion,7,7,7,100,100,READY,2026-07-29T18:53:47.663Z,other-bali-intent-os-autopilot,OB-INT-0001..0200@2026-07-29
seminyak,sunset_drinks_view,4,4,4,100,100,READY,2026-07-29T18:53:47.663Z,other-bali-intent-os-autopilot,OB-INT-0001..0200@2026-07-29
tabanan,(untagged),5,5,5,100,0,BLOCKED_BY_DATA,2026-07-29T18:53:47.663Z,other-bali-intent-os-autopilot,OB-INT-0001..0200@2026-07-29
ubud,(untagged),216,216,207,95.8,0,BLOCKED_BY_DATA,2026-07-29T18:53:47.663Z,other-bali-intent-os-autopilot,OB-INT-0001..0200@2026-07-29
ubud,brunch_after_surf,13,13,12,92.3,100,READY,2026-07-29T18:53:47.663Z,other-bali-intent-os-autopilot,OB-INT-0001..0200@2026-07-29
ubud,date_night_special,9,9,8,88.9,100,READY,2026-07-29T18:53:47.663Z,other-bali-intent-os-autopilot,OB-INT-0001..0200@2026-07-29
ubud,family_early_dinner,8,8,7,87.5,100,READY,2026-07-29T18:53:47.663Z,other-bali-intent-os-autopilot,OB-INT-0001..0200@2026-07-29
ubud,group_dinner_share,10,10,9,90,100,READY,2026-07-29T18:53:47.663Z,other-bali-intent-os-autopilot,OB-INT-0001..0200@2026-07-29
ubud,just_landed_easy_dinner,5,5,5,100,100,READY,2026-07-29T18:53:47.663Z,other-bali-intent-os-autopilot,OB-INT-0001..0200@2026-07-29
ubud,local_food_calm,22,22,21,95.5,100,READY,2026-07-29T18:53:47.663Z,other-bali-intent-os-autopilot,OB-INT-0001..0200@2026-07-29
ubud,quiet_work_cafe,9,9,8,88.9,100,READY,2026-07-29T18:53:47.663Z,other-bali-intent-os-autopilot,OB-INT-0001..0200@2026-07-29
ubud,special_occasion,6,6,4,66.7,100,READY,2026-07-29T18:53:47.663Z,other-bali-intent-os-autopilot,OB-INT-0001..0200@2026-07-29
ubud,sunset_drinks_view,3,3,2,66.7,100,READY,2026-07-29T18:53:47.663Z,other-bali-intent-os-autopilot,OB-INT-0001..0200@2026-07-29
uluwatu-bukit,(untagged),90,90,90,100,0,BLOCKED_BY_DATA,2026-07-29T18:53:47.663Z,other-bali-intent-os-autopilot,OB-INT-0001..0200@2026-07-29
uluwatu-bukit,brunch_after_surf,11,11,11,100,100,READY,2026-07-29T18:53:47.663Z,other-bali-intent-os-autopilot,OB-INT-0001..0200@2026-07-29
uluwatu-bukit,date_night_special,13,13,13,100,100,READY,2026-07-29T18:53:47.663Z,other-bali-intent-os-autopilot,OB-INT-0001..0200@2026-07-29
uluwatu-bukit,family_early_dinner,9,9,9,100,100,READY,2026-07-29T18:53:47.663Z,other-bali-intent-os-autopilot,OB-INT-0001..0200@2026-07-29
uluwatu-bukit,group_dinner_share,16,16,16,100,100,READY,2026-07-29T18:53:47.663Z,other-bali-intent-os-autopilot,OB-INT-0001..0200@2026-07-29
uluwatu-bukit,just_landed_easy_dinner,2,2,2,100,100,READY,2026-07-29T18:53:47.663Z,other-bali-intent-os-autopilot,OB-INT-0001..0200@2026-07-29
uluwatu-bukit,local_food_calm,1,1,1,100,100,READY,2026-07-29T18:53:47.663Z,other-bali-intent-os-autopilot,OB-INT-0001..0200@2026-07-29
uluwatu-bukit,quiet_work_cafe,8,8,8,100,100,READY,2026-07-29T18:53:47.663Z,other-bali-intent-os-autopilot,OB-INT-0001..0200@2026-07-29
uluwatu-bukit,special_occasion,10,10,10,100,100,READY,2026-07-29T18:53:47.663Z,other-bali-intent-os-autopilot,OB-INT-0001..0200@2026-07-29
uluwatu-bukit,sunset_drinks_view,9,9,9,100,100,READY,2026-07-29T18:53:47.663Z,other-bali-intent-os-autopilot,OB-INT-0001..0200@2026-07-29
