priority,slug,name,district,official_url,instagram_url,gmaps_short_link,street_address,area_note,latitude,longitude,source_url,source_type,status,note
1,7am-bakers-umalas,7AM Bakers Umalas,canggu,https://sevenambakers.com/,https://www.instagram.com/7am.bakers/,https://goo.gl/maps/AyvyKmGZwPrxoxCm8,,Umalas / Kerobokan / Umalas,,,,,,
1,adda-yoga,Adda Yoga,canggu,https://addayogabali.com/,https://www.instagram.com/addayogacanggu/,https://maps.app.goo.gl/b9zTiKjThF9YJZwFA,,,,,,,,
1,amavi-canggu-bali,AMAVI Canggu Bali,canggu,https://amavicanggu.grandcentralgroup.co.id/,https://www.instagram.com/amavi.canggu/,,"Jl. Pantai Berawa No.9, Tibubeneng, Kec. Kuta Utara, Kabupaten Badung, Bali 80361, Indonesia",,,,,,,
1,amo-spa-canggu-canggu,AMO Spa Canggu,canggu,https://amospa.com/,https://www.instagram.com/amospabali/,,,Batu Bolong / Canggu,,,,,,
1,amplitude-skate-and-bike-park,Amplitude Skate & Bike Park,canggu,https://raceamplitude.com,,,,,,,,,,
1,artisan-pererenan,Artisan – Pererenan,canggu,https://artisangroup.id/,https://www.instagram.com/artisan.bali/,,"Jl. Munduk Kedungu No.5, Pererenan, Kec. Mengwi, Kabupaten Badung, Bali 80351, Indonesia",,,,,,,
1,at06,AT06,canggu,https://at06bali.com/,https://www.instagram.com/at06.bali/,,"Jl. Pantai Batu Mejan No.6, Canggu, Kec. Kuta Utara, Kabupaten Badung, Bali 80361, Indonesia",,,,,,,
1,atlas-beach-club,Atlas Beach Club,canggu,https://atlasbeachfest.com/,https://www.instagram.com/atlasbeachfest/,https://maps.app.goo.gl/yadZxkdVaeQgTcMy7,,Tibubeneng / Canggu / Berawa near Finns,,,,,,
1,baked-pererenan,BAKED Pererenan,canggu,https://baked.co.id/,https://www.instagram.com/baked.indonesia/,https://goo.gl/maps/DHyuaqtcoF338b2v9,,Badung / Pererenan,,,,,,
1,baked-berawa,BAKED. Berawa,canggu,https://baked.co.id/,https://www.instagram.com/baked.indonesia/,,,Tibubeneng / Canggu / Berawa / Semat,,,,,,
1,bali-climbing-bouldering-gym,Bali Climbing Bouldering Gym,canggu,https://bali-climbing.com/,,,,,,,,,,
1,bali-mma-canggu,Bali MMA,canggu,https://balimma.com/,https://www.instagram.com/balimma/,,,Padonan / Canggu edge,,,,,,
1,bali-padel-academy,Bali Padel Academy,canggu,https://www.balipadelacademy.com/,,,,,,,,,,
1,bambou-cafe-and-lagree-cemagi,Bambou Café & Lagree Cemagi,canggu,https://www.bamboucafe.com/bali,https://www.instagram.com/bamboucafecemagi/,,,Cemagi / Mengwi / Cemagi / Mengening,,,,,,
1,beach-boy-canggu,Beach Boy Canggu,canggu,https://www.beachboycanggu.com/,https://www.instagram.com/beachboycanggu/,,,Canggu / Munduk Catu,,,,,,
1,body-factory-bali-canggu,Body Factory Bali,canggu,https://bodyfactorybali.com/,https://www.instagram.com/bodyfactory_bali/,,,Nelayan / Canggu,,,,,,
1,body-factory-bali-recovery-canggu,Body Factory Bali Recovery,canggu,https://bodyfactorybali.com/,https://www.instagram.com/bodyfactory_bali/,,,Nelayan / Canggu,,,,,,
1,bottega-italiana,Bottega Italiana,canggu,https://www.bottegaitalianabali.com/,https://www.instagram.com/bottegaitalianabali/,,,Canggu/Batu Bolong/Berawa,,,,,,
1,brother-gym,Brother Gym,canggu,https://brother-gym-canggu.pages.dev/,https://www.instagram.com/brother_gym_canggu_bali/,,,,,,,,,
1,brunch-club-pererenan,Brunch Club Pererenan,canggu,https://brunchclubbali.com/,https://www.instagram.com/brunch_club_bali/,https://maps.app.goo.gl/3VKiHQJRgohi4vdh8,,Pererenan / Pantai Pererenan,,,,,,
1,cafe-del-mar-bali,Café del Mar Bali,canggu,https://cafedelmarbali.co.id/,https://www.instagram.com/cafedelmarbali/,,,Tibubeneng / Canggu / Batu Belig / Berawa edge,,,,,,
1,cafe-vida-healthy-organic-restaurant-canggu,CAFE VIDA Healthy Organic Restaurant Canggu,canggu,https://www.facebook.com/cafevidabali/,https://www.instagram.com/cafe_vida_bali/,,,Canggu / Batu Bolong,,,,,,
1,canggu-club-tennis-centre,Canggu Club Tennis Centre,canggu,https://finnslifestylevillage.com/,https://www.instagram.com/finnsrecclub/,,,,,,,,,
1,canggu-yoga-centre-canggu,Canggu Yoga Centre,canggu,https://cangguyogacentre.id,https://www.instagram.com/cangguyogacentre/?hl=en,,,Canggu,,,,,,
1,cantina-classe-canggu,Cantina Classe — Canggu,canggu,https://thewonderspace.com/cantinacanggu/,https://www.instagram.com/cantinaclasse/,,"Jl. Canggu Padang Linjong No.8C, Canggu, Kec. Kuta Utara, Kabupaten Badung, Bali 80361, Indonesia",,,,,,,
1,como-uma-canggu-wellness-spa-canggu,COMO Uma Canggu Wellness / Spa,canggu,https://www.comohotels.com/bali/como-uma-canggu,https://www.instagram.com/comoumacanggu/,,,Echo Beach / Canggu,,,,,,
1,cutiepai-nails,CutiePai Nails,canggu,https://cutiepainails.com/,https://www.instagram.com/cutiepainails/,,,Badung / Pererenan,,,,,,
1,desa-seni-yoga,Desa Seni Yoga,canggu,https://desaseni.com/,https://www.instagram.com/desaseni_/,,,Berawa boundary / verify pin,,,,,,
1,deus-ex-machina,Deus Ex Machina,canggu,https://deuscustoms.co.id/pages/the-temple-of-enthusiasm-1,https://www.instagram.com/deusexmachina.id/,,,Canggu/Batu Bolong/Berawa,,,,,,
1,dodo-pizza,Dodo Pizza,canggu,https://dodopizza.co.id/,https://www.instagram.com/dodopizza.bali/,,"Jl. Anggrek, Tibubeneng, Canggu, Kabupaten Badung, Bali 80361, Indonesia",,,,,,,
1,ecosfera-yoga-canggu-canggu,Ecosfera Yoga Canggu,canggu,https://ecosferahotel.com/yoga/,https://www.instagram.com/ecosfera_spa_yoga/,,,Batu Mejan / Echo Beach,,,,,,
1,espace-spa-canggu-canggu,Espace Spa Canggu,canggu,https://espacespabali.com/,https://www.instagram.com/espacespabali/,,,Canggu,,,,,,
1,estetica-belle,Estetica Belle,canggu,https://www.esteticabelle.com/,https://www.instagram.com/esteticabellecanggu/,,,Badung / Pererenan,,,,,,
1,f45-training-canggu-canggu,F45 Training Canggu,canggu,https://f45training.com/id/studio/canggu/,https://www.instagram.com/f45_training_Canggu,,,Canggu,,,,,,
1,face-therapy-spa-pererenan,Face Therapy Spa Pererenan,canggu,https://linktr.ee/facetherapy,https://www.instagram.com/face_therapy/,,,Badung / Pererenan,,,,,,
1,finns-beach-club,FINNS Beach Club,canggu,https://finnsbeachclub.com/,https://www.instagram.com/finnsbeachclub/,,,Tibubeneng / Canggu / Berawa near Finns,,,,,,
1,finns-recreation-club-finns-lifestyle-village,FINNS Recreation Club / FINNS Lifestyle Village,canggu,https://finnsrecclub.com/,https://instagram.com/finnsrecclub,,,Tibubeneng / Canggu / Berawa,,,,,,
1,fitness-plus-canggu,Fitness Plus Canggu,canggu,https://canggu.fitnessplusindonesia.co.id/,https://www.instagram.com/fitnessplus.canggu/,,,,,,,,,
1,flex-gym-bali,Flex Gym Bali,canggu,https://flexgym.co.id/,https://www.instagram.com/flexgym.id/,,,,,,,,,
1,glo-day-spa-salon-canggu-canggu,Glo Day Spa & Salon Canggu,canggu,https://www.glospabali.com/,https://www.instagram.com/glosalonandbeauty/,,,Canggu,,,,,,
1,goldust-beauty-facials-canggu,Goldust Beauty / Facials,canggu,https://goldustspa.com/,https://www.instagram.com/goldustspa,,,Canggu,,,,,,
1,goldust-spa-canggu,Goldust Spa,canggu,https://goldustspa.com/,https://www.instagram.com/goldustspa,,,Canggu,,,,,,
1,gravity-stretching-canggu,Gravity Stretching Canggu,canggu,https://bookgravity.com,,,,,,,,,,
1,guan-yin-yoga-canggu,Guan Yin Yoga Canggu,canggu,https://tuguhotels.com/hotels/bali/guan-yin-yoga-shala/,https://www.instagram.com/guanyinyogabali/,,,Canggu,,,,,,
1,the-shampoo-lounge-canggu,HairShop Canggu,canggu,https://www.hairshop.store/canggu,,https://maps.app.goo.gl/kGCz9j7,"Tegal Gundul Square, Jl. Pantai Berawa No.52 Unit 10, Tibubeneng, Kuta Utara, Bali 80361",Canggu,,,,,,
1,hippie-fish-pererenan-beach,Hippie Fish Pererenan Beach,canggu,https://hippie-fish.com/,https://www.instagram.com/hippiefishbali/,https://maps.app.goo.gl/a4kZUJDcX6grYce96?g_st=iw,,Pererenan / Mengwi / Pererenan Beach,,,,,,
1,home-by-chef-wayan,HOME by Chef Wayan,canggu,https://bychefwayan.com/,https://www.instagram.com/home.by.chefwayan/,https://maps.app.goo.gl/mET5aM7JhTn8TbwW8,"Jl. Pantai Pererenan No. 92, Pererenan, Kec. Mengwi, Kabupaten Badung, Bali 80351",,,,,,,
1,house-of-orange-beauty-canggu-canggu,House of Orange Beauty Canggu,canggu,https://houseoforangebali.com/,https://www.instagram.com/houseoforangebali/,,,Canggu,,,,,,
1,hungry-bird-coffee,Hungry Bird Coffee Roaster,canggu,https://www.coffeeinsurrection.com/hungry-bird-coffee-roaster.html,https://www.instagram.com/hungrybirdcoffee/,,"Jl. Segara Perancak No.86, Tibubeneng, Kuta Utara, Badung Regency, Bali 80361, Indonesia",,,,,,,
1,isla-by-earth-island,ISLA by Earth Island,canggu,https://earth-island.com/pages/islaislabyearthisland,https://www.instagram.com/earth___island/,https://maps.app.goo.gl/yQY19DNbKQmwKHkw7,,Canggu / Canggu shortcut / Subak Canggu,,,,,,
1,jet-black-ginger-canggu-canggu,Jet Black Ginger Canggu,canggu,https://www.jetblackginger.com/pages/appointments,https://www.instagram.com/jet_black_ginger/,,,Canggu,,,,,,
1,ji-restaurant-bali,Ji Restaurant Bali,canggu,https://jirestaurantbali.com/,https://instagram.com/jirestaurantbali,,,Canggu / Batu Bolong Beach,,,,,,
1,ju-bali,Ju Bali,canggu,https://ju-bali.com/,https://www.instagram.com/ju_bali/,,"80361, Jl. Bumbak Dauh No.8, Kerobokan, Kec. Kuta Utara, Kabupaten Badung, Bali 80361, Indonesia",,,,,,,
1,jungle-padel-canggu-canggu,Jungle Padel Canggu,canggu,https://junglepadel.com/,https://www.instagram.com/junglepadel/,,,Canggu shortcut / verify branch,,,,,,
1,jungle-padel-canggu-shortcut,Jungle Padel Canggu Shortcut,canggu,https://junglepadel.com/canggu/,https://www.instagram.com/junglepadel/,,,Canggu / Canggu shortcut,,,,,,
1,la-brisa-bali,La Brisa Bali,canggu,https://labrisa-bali.com/,https://www.instagram.com/labrisabali/,https://maps.app.goo.gl/nWV1nkuvvL98YDpo9,,Canggu / Echo Beach,,,,,,
1,lolas-cantina-canggu,Lola’s Cantina Mexicana — Canggu,canggu,https://www.lolasbali.com/,https://www.instagram.com/lolasbali/,,,"Canggu Shortcut, Tibubeneng, Kuta Utara, Badung, Bali 80361, Indonesia",,,,,,
1,loop-cafe,LOOP cafe,canggu,https://loopbali.com/,https://www.instagram.com/loopcafe.bali/,,"Jl. Dalem Lingsir No.12, Pererenan, Kec. Mengwi, Kabupaten Badung, Bali 80351, Indonesia",,,,,,,
1,luigis-hot-pizza,Luigi’s Hot Pizza,canggu,https://luigishotpizza.com/,https://www.instagram.com/luigishotpizzabali/,,,Canggu/Batu Bolong/Berawa,,,,,,
1,lulu-bistrot,Lulu Bistrot,canggu,https://www.lulubistrot.com/,https://www.instagram.com/lulu.bistrot/,,,Canggu / Batu Bolong,,,,,,
1,luna-and-sol-pilates-yoga,Luna & Sol Pilates - Yoga,canggu,https://luna-solpilates.com/,https://www.instagram.com/lunaandsol_bali/,,,,,,,,,
1,lyma-beach,Lyma Beach,canggu,https://lymabeach.com/,https://www.instagram.com/lymabeach/,,,Pererenan / Mengwi / Pantai Lima / Seseh-Cemagi route,,,,,,
1,milk-and-madu-beach-road,Milk & Madu Beach Road,canggu,https://milkandmadu.com/,,https://maps.app.goo.gl/meBFhZxCPeFSduT3A,,Canggu / Batu Bolong,,,,,,
1,milk-and-madu-berawa,Milk & Madu Berawa,canggu,https://milkandmadu.com/,https://instagram.com/milkandmadu,https://maps.app.goo.gl/6CZNVmn3fjT8GJ1X9,,Berawa / Tegal Gundul,,,,,,
1,mission-flow-studio,Mission Flow Studio,canggu,https://missionflowstudio.com/,https://www.instagram.com/missionflowstudio/,,,Badung / Pererenan,,,,,,
1,motion-cafe,Motion Cafe,canggu,https://www.motionfitnessbali.com/,https://www.instagram.com/motionfitnessfoods/,https://maps.app.goo.gl/cyVUJzzikQNpW3Rs6,,Canggu/Berawa,,,,,,
1,neighbourhood-food-berawa,Neighbourhood Food Berawa,canggu,https://www.neighbourhoodfood.co/,https://www.instagram.com/neighbourhoodbali/,https://maps.app.goo.gl/E4gtpbFjZhLzBZ416,,Tibubeneng / Canggu / Berawa near Finns,,,,,,
1,neighbourhood-food-seseh,Neighbourhood Food Seseh,canggu,https://www.neighbourhoodfood.co/,https://www.instagram.com/neighbourhoodbali/,https://maps.app.goo.gl/X34by5F1v9b2WgXu7,,Seseh / Cemagi / Mengwi / Seseh,,,,,,
1,nirvana-life-bali-canggu,Nirvana Life Bali,canggu,https://nirvanalife.com/bali,https://www.instagram.com/nirvanalifebali/,,,Berawa / Canggu,,,,,,
1,nirvana-strength-tibubeneng,Nirvana Strength Tibubeneng,canggu,https://nirvanalife.com/bali/,https://www.instagram.com/nirvanalifebali/,,,,,,,,,
1,nude-berawa,NÜDE Berawa,canggu,https://nude-bali.com/locations/berawa/,https://www.instagram.com/nudebali/,,,Tibubeneng / Canggu / Berawa,,,,,,
1,obsidian-gym-bali-canggu,Obsidian Gym Bali,canggu,https://obsidian-bali.com,https://www.instagram.com/obsidian.bali/,,,Canggu,,,,,,
1,only-nails-pererenan,Only Nails Pererenan,canggu,https://onlynailsbali.com/,https://www.instagram.com/onlynailsbali/,,,Badung / Pererenan,,,,,,
1,paed-thai-canggu,Paed Thai — Canggu,canggu,http://thewonderspace.com/paedthaicanggu/,https://www.instagram.com/paedthai/,,"Jl. Canggu Padang Linjong No.8A, Canggu, Kec. Kuta Utara, Kabupaten Badung, Bali 80361, Indonesia",,,,,,,
1,pizza-fabbrica,Pizza Fabbrica,canggu,https://pizzafabbricabali.com/,https://www.instagram.com/pizzafabbricabali/,,,Canggu/Batu Bolong/Berawa,,,,,,
1,poule-de-luxe-bali,Poule de Luxe Bali,canggu,https://www.pouledeluxe.fr/,https://www.instagram.com/pouledeluxebali/,,,Kerobokan / Seminyak edge / Batu Belig,,,,,,
1,prana-padel,Prana Padel,canggu,https://app.playtomic.com/tenant/4b52e8ac-646c-4e33-998e-57b0633948f5,,,,,,,,,,
1,pranava-yoga,Pranava Yoga,canggu,https://www.matrabali.com/pranava-yoga,https://www.instagram.com/yoga_pranava/,,,,,,,,,
1,rite-bali,Rite Bali,canggu,https://ritebali.com/,https://www.instagram.com/rite.bali/,,,Badung / Pererenan,,,,,,
1,rite-bali-recovery-canggu,RITE Bali Recovery,canggu,https://ritebali.com/,https://www.instagram.com/rite.bali/,,,Pererenan,,,,,,
1,rite-bali-yoga-canggu,RITE Bali Yoga,canggu,https://ritebali.com/,https://www.instagram.com/rite.bali/,,,Pererenan,,,,,,
1,riviera-bistro-berawa,Riviera Bistro Berawa,canggu,https://rivieragroupbali.com/riviera-bistro/,https://www.instagram.com/rivierabistro.berawa/,,,Tibubeneng / Canggu / Berawa,,,,,,
1,riviera-cafe-cemagi,Riviera Cafe Cemagi,canggu,https://rivieragroupbali.com/riviera-cafe/,https://www.instagram.com/rivieracafe.cemagi/,,,Cemagi / Mengwi / Cemagi,,,,,,
1,riviera-trattoria-pererenan,Riviera Trattoria Pererenan,canggu,https://rivieragroupbali.com/riviera-trattoria/,https://www.instagram.com/riviera.pererenan/,,,Pererenan / Mengwi / Pererenan north,,,,,,
1,rize-cafe,Rize Cafe,canggu,https://rize-bali.com/,https://www.instagram.com/rize.bali/,https://maps.app.goo.gl/zff45NQwJHxg8CTB8,,Badung / Pererenan,,,,,,
1,s2s-crossfit,S2S Crossfit,canggu,https://s2scrossfit.com/,https://www.instagram.com/s2scrossfit_bali/,,,,,,,,,
1,samadi-bali,Samadi Bali,canggu,https://samadibali.com/,https://www.instagram.com/samadiyogacanggu/,,,Canggu/Berawa,,,,,,
1,saya-club,Saya Club,canggu,https://sayaclub.com/,,,,,,,,,,
1,seabird-bistro-and-coworking-canggu-by-wonderspace,Seabird Bistro & Coworking Canggu by Wonderspace,canggu,https://thewonderspace.com/seabirdcanggu/,,,"Jl. Nelayan No.888B, Canggu, Kec. Kuta Utara, Kabupaten Badung, Bali 80361, Indonesia",,,,,,,
1,secret-spot-bali,Secret Spot,canggu,https://www.instagram.com/secretspot.bali/,https://www.instagram.com/secretspot.bali/,,"Jl. Tanah Barak No. 7, Canggu, Kec. Kuta Utara, Kabupaten Badung, Bali 80361",,,,,,,
1,sensorium-bali,Sensorium Bali,canggu,https://sensoriumbali.co.id/,https://www.instagram.com/sensorium_bali/,,,Pererenan / Canggu edge / Pererenan / Batu Mejan,,,,,,
1,serenity-eco-guesthouse-yoga-canggu,Serenity Eco Guesthouse & Yoga,canggu,https://www.serenitybali.com/,https://www.instagram.com/serenitybali/,,,Nelayan / Canggu,,,,,,
1,seseh-general-store,Seseh General Store,canggu,https://www.sesehgeneralstore.com/,https://www.instagram.com/sesehgeneralstore/,https://maps.app.goo.gl/mWDXxp44kTDPFSpo8,,Seseh / Cemagi / Mengwi / Seseh,,,,,,
1,shelter-restaurant,Shelter Restaurant,canggu,https://www.shelterbali.com/,https://www.instagram.com/shelter.pererenan/,https://maps.app.goo.gl/hZLoJfrHWPwoTzdA9,,Pererenan / Pantai Pererenan,,,,,,
1,shichirin-japanese-restaurant-canggu,Shichirin Japanese Restaurant — Canggu,canggu,http://thewonderspace.com/shichirincanggu/,https://www.instagram.com/shichirincanggu/,,"Jl. Pemelisan Agung Pantai Berawa no.88 Canggu Kuta, Utara, Tibubeneng, Kec. Kuta Utara, Kabupaten Badung, Bali 80361, Indonesia",,,,,,,
1,soma-fight-club-canggu,SOMA Fight Club,canggu,https://somafightclub.com/,https://www.instagram.com/somafightclub/,,,Canggu,,,,,,
1,spring-spa-canggu,Spring Spa Canggu,canggu,https://springspa.com/,,,,Batu Bolong / Canggu,,,,,,
1,surya-fitness-gym,Surya Fitness Gym,canggu,https://www.suryagymbali.com/,https://www.instagram.com/suryagymbali/,,,,,,,,,
1,sushimi-bali,Sushimi Bali,canggu,http://www.sushimibali.com/,https://www.instagram.com/sushimibali/,,"Jl. Pantai Berawa No.101C, Tibubeneng, Kuta Utara, Badung Regency, Bali 80361, Indonesia",,,,,,,
1,swarna-spa-and-wellness,Swarna Spa and Wellness,canggu,https://swarnaspa.com/,https://www.instagram.com/swarnaspaandwellness/,,,Badung / Pererenan,,,,,,
1,the-avocado-factory,The Avocado Factory,canggu,https://theavocadofactory.com/,https://www.instagram.com/theavocadofactory/,,"Jl. Pantai Batu Mejan, Canggu, Kuta Utara, Badung, Bali 80351, Indonesia","Jl. Pantai Batu Mejan, Canggu, Kuta Utara, Badung, Bali 80351, Indonesia",,,,,,
1,the-canggu-studio-canggu,The Canggu Studio,canggu,https://thecanggustudio.com/,https://www.instagram.com/thecanggustudio/,,,Canggu,,,,,,
1,the-canggu-studio-yoga-canggu,The Canggu Studio Yoga,canggu,https://thecanggustudio.com/,https://www.instagram.com/thecanggustudio/,,,Canggu,,,,,,
1,the-free-bird-studio,The Free Bird Studio,canggu,https://thefreebirdstudio.com/,https://www.instagram.com/the_free_bird_studio/,,,,,,,,,
1,the-practice-bali-canggu,The Practice Bali,canggu,https://thepracticebali.com/,https://www.instagram.com/thepracticebaliyoga/,,,Batu Bolong / Canggu,,,,,,
1,therapy-canggu-canggu,Therapy Canggu,canggu,https://therapy.co.id/,https://www.instagram.com/therapy.bali/,,,Batu Bolong / Canggu,,,,,,
1,therapy-day-spa-pererenan,Therapy Day Spa Pererenan,canggu,https://therapy.co.id/,https://www.instagram.com/therapy.bali/,,,Badung / Pererenan,,,,,,
1,therapy-hair-spa-canggu-canggu,Therapy Hair & Spa Canggu,canggu,https://therapy.co.id/,https://www.instagram.com/therapy.bali,,,Canggu,,,,,,
1,think-pink-nails-canggu-canggu,Think Pink Nails Canggu,canggu,https://www.thinkpinksalon.com/,https://www.instagram.com/thinkpink.salon/,,,Canggu,,,,,,
1,tonic-day-spa-botanicals-canggu,Tonic Day Spa & Botanicals,canggu,https://tonic.co.id/,https://www.instagram.com/tonic.bali/,,,Berawa / Canggu,,,,,,
1,top-gym,Top Gym,canggu,https://topgym.id/canggu,https://www.instagram.com/topgym.bali/,https://maps.app.goo.gl/GUoRP8ULyY1k4YbR8,,,,,,,,
1,tropical-nomad,Tropical Nomad,canggu,https://tropical-nomad-coworking-space.webflow.io/,https://www.instagram.com/tropicalnomadcanggu/,,,Canggu / Canggu shortcut / Subak Canggu,,,,,,
1,two-face-canggu,TWO FACE Canggu,canggu,https://www.twofacebali.com/two-face-canggu,https://www.instagram.com/twofacecoffee/,https://maps.app.goo.gl/eowu8RhR4RAcipYy9,,Canggu / Munduk Catu,,,,,,
1,udara-bali,Udara Bali,canggu,https://www.udara-bali.com/dining/,https://www.instagram.com/udarabali/,https://goo.gl/maps/NaJntBzADYq,,Badung / Seseh (Adjacent Pererenan),,,,,,
1,udara-bali-yoga-detox-and-spa-organic-ocean,Udara Bali Yoga Detox & Spa / Organic Ocean,canggu,https://www.udara-bali.com/,https://www.instagram.com/udarabali/,,,Seseh / Mengwi / Seseh,,,,,,
1,wanderlust-fitness-village-canggu,Wanderlust Fitness Village,canggu,https://wanderlustfitnessvillage.com/,https://www.instagram.com/wanderlustfitnessvillage_bali/,,,Canggu / Padonan,,,,,,
1,warung-bu-mi,Warung Bu Mi,canggu,https://warungbumi.shop/,https://instagram.com/warungbumicanggu,,,Canggu/Batu Bolong/Berawa,,,,,,
1,warung-sika,Warung Sika,canggu,https://warungsika.biz.id/,https://www.instagram.com/warung_sika/,,,,,,,,,
1,warung-yess,Warung Yess,canggu,https://www.warungyess.com/,https://www.instagram.com/warungyess/,,,,,,,,,
1,watercress-berawa,Watercress Berawa,canggu,https://watercressbali.com/,https://www.instagram.com/watercressbali/,https://maps.app.goo.gl/Hmzc6VNVFdFLcG5E9,,"Opposite Bali Equestrian Centre, Berawa, Tibubeneng, Kuta Utara, Badung, Bali, Indonesia",,,,,,
1,woods-bali,Woods Bali,canggu,https://woodsbali.com/,https://www.instagram.com/woodsbali/,https://goo.gl/maps/uDhS9ktvS4XcB2Zy7,,Badung / Pererenan,,,,,,
1,workmates-coworking-space-and-cafe,Workmates Coworking Space & Cafe,canggu,https://thewonderspace.com/workmatescanggu/,,,"Gg. Bonton No.8A, Canggu, Kec. Kuta Utara, Kabupaten Badung, Bali 80363, Indonesia",,,,,,,
1,wrong-gym-pererenan,Wrong Gym Pererenan,canggu,https://wronggym.com/,https://www.instagram.com/thewronggym/,,,Pererenan / Mengwi / Pererenan north,,,,,,
1,yuki-canggu,YUKI Canggu,canggu,https://www.yuki-bali.com/canggu,https://www.instagram.com/yukibali_/,https://maps.app.goo.gl/VJjbkT1JaT7hVgAt6,,Canggu / Batu Bolong Beach,,,,,,
1,zin-cafe-canggu,ZIN Cafe Canggu,canggu,https://zin.world/zin-cafe/,https://www.instagram.com/zin_cafe/,,,Canggu / Nelayan,,,,,,
1,alchemy,Alchemy,ubud,https://www.alchemybali.com/,https://www.instagram.com/alchemybali/,https://maps.app.goo.gl/Up8Yt6KLsgNqWuXK7,,"Penestanan, Ubud",,,,,,
1,alchemy-yoga-meditation-center,Alchemy Yoga & Meditation Center,ubud,https://www.alchemyyogacenter.com/,https://www.instagram.com/alchemyyogaubud/,,"Jl. Penestanan Kelod No. 75, Penestanan, Ubud, Gianyar 80571","Jl. Penestanan Kelod No. 75, Penestanan, Ubud, Gianyar 80571",,,,,,
1,alchemy-yoga-and-meditation-center-ubud,Alchemy Yoga and Meditation Center,ubud,https://alchemyyogacenter.com/,https://www.instagram.com/alchemyyogaubud/,,,Penestanan,,,,,,
1,ankhusa-restaurant-ubud-by-wonderspace,Ankhusa Restaurant Ubud by Wonderspace,ubud,http://thewonderspace.com/ankhusabali/,https://www.instagram.com/ankhusabali/,,"Jl. Raya Desa Kenderan No.88 A, Kenderan, Kecamatan Ubud, Kabupaten Gianyar, Bali 80571, Indonesia",,,,,,,
1,aperitif-restaurant,Apéritif Restaurant,ubud,https://www.aperitif.com/,https://www.instagram.com/aperitifbali/,,"Br. Nagi, Jl. Lanyahan, Petulu, Kecamatan Ubud, Kabupaten Gianyar, Bali 80571, Indonesia","Br. Nagi, Jl. Lanyahan, Petulu, Kecamatan Ubud, Kabupaten Gianyar, Bali 80571, Indonesia",,,,,,
1,bali-bohemia,Bali Bohemia,ubud,https://balibohemia.com/restaurant,https://www.instagram.com/rotibohemia/,https://maps.app.goo.gl/KAPgKKWvwd3ewVte7,,Ubud,,,,,,
1,bali-botanica-spa,Bali Botanica by Oneworld Ayurveda,ubud,https://balibotanica.com/,https://www.instagram.com/balibotanicadayspa/,,"Jl. Raya Sanggingan, Kedewatan, Ubud","Jl. Raya Sanggingan, Kedewatan, Ubud",,,,,,
1,bebek-bengil,Bebek Bengil,ubud,https://www.bebekbengil.co.id/en,https://www.instagram.com/bebekbengilrestaurant/,,"Jl. Hanoman, Padang Tegal, Ubud, Gianyar Regency, Bali 80571, Indonesia",,,,,,,
1,big-dragon-villas-ubud,Big Dragon Villas Ubud,ubud,https://bigdragonvillasubud.com/,https://www.instagram.com/bigdragonvillasubud/,,,,,,,,,
1,brie-restaurant-and-cheesery,Brie Restaurant & Cheesery,ubud,https://brie.chaika.team/,https://www.instagram.com/brie.bali/,,"Jl. Penestanan Kelod, Sayan, Kecamatan Ubud, Kabupaten Gianyar, Bali 80571, Indonesia",,,,,,,
1,cantika-zest,Cantika Zest,ubud,http://www.cantikazestbali.com/,https://www.instagram.com/cantikazestspa/,,"Jl. Raya Katik Lantang, Penestanan Kelod, Ubud","Jl. Raya Katik Lantang, Penestanan Kelod, Ubud",,,,,,
1,cantina-classe-ubud,Cantina Classe — Ubud,ubud,https://thewonderspace.com/cantinaubud/,https://www.instagram.com/cantinaclasse/,,"Jl. Drupadi, Melinggih, Kec. Payangan, Kabupaten Gianyar, Bali 80572, Indonesia",,,,,,,
1,casa-luna,Casa Luna,ubud,https://casalunabali.com/,https://www.instagram.com/casalunabali/,https://maps.app.goo.gl/7zWFe2cwqrDdzdUH6,,Ubud,,,,,,
1,cascades,CasCades,ubud,https://www.cascadesbali.com/,https://www.instagram.com/cascadesbali/,https://maps.app.goo.gl/S1ND6UaAvFaQpnCXA,,Ubud,,,,,,
1,chupacabras,Chupacabras,ubud,https://www.chupacabrasbali.com/,https://www.instagram.com/chupacabrasbali/,https://maps.app.goo.gl/Mmp4RidTuja58DHRA,,,,,,,,
1,como-shambhala-at-como-uma-ubud-yoga-ubud,COMO Shambhala at COMO Uma Ubud Yoga,ubud,https://www.comohotels.com/bali/como-uma-ubud,https://www.instagram.com/comoumaubud/,,,Kedewatan,,,,,,
1,dala-spa-at-alaya-resort-ubud,DaLa Spa at Alaya Resort Ubud,ubud,https://www.alayaresort.com/ubud/spa/,https://www.instagram.com/dalaspa/,,,Pengosekan,,,,,,
1,dala-spa-beauty-at-alaya-ubud-ubud,DaLa Spa Beauty at Alaya Ubud,ubud,https://alayahotels.com/alayaresortubud/dala-spa/,https://www.instagram.com/dalaspa/,,,Pengosekan,,,,,,
1,fair-warung-bale,Fair Warung Balé,ubud,https://fairwarungbale.shop/,https://www.instagram.com/fairwarungbaleubud/,,,Ubud,,,,,,
1,gelato-secrets-ubud,Gelato Secrets Ubud,ubud,https://gelatosecrets.com/,https://www.instagram.com/gelatosecrets/,,,Ubud,,,,,,
1,habitat-bistro,Habitat Bistro,ubud,http://thewonderspace.com/habitatbistroubud/,https://www.instagram.com/habitatbistroubud/,,"Jl. Bisma No.888A, Ubud, Kecamatan Ubud, Kabupaten Gianyar, Bali 80571, Indonesia",,,,,,,
1,heart-space-bali,Heart Space Bali,ubud,https://www.heartspacebali.com/,https://www.instagram.com/heartspace.bali/,,"Jl. Nyuh Kuning No. 1, MAS, Ubud, Gianyar 80571","Jl. Nyuh Kuning No. 1, MAS, Ubud, Gianyar 80571",,,,,,
1,intuitive-flow,Intuitive Flow,ubud,https://intuitiveflow.com/,https://www.instagram.com/intuitive_flow_yogastudio/,,,"Nalanda School, Penestanan Kelod, Ubud, Gianyar 80571",,,,,,
1,jaens-spa,Jaens Spa,ubud,https://jaensspa.com/,https://www.instagram.com/jaensspa/,,"Jl. Raya Pengosekan, Ubud (multiple outlets near Monkey Forest)","Jl. Raya Pengosekan, Ubud (multiple outlets near Monkey Forest)",,,,,,
1,jaens-spa-ubud-ubud,Jaens Spa Ubud,ubud,https://jaensspa.com/,https://www.instagram.com/jaensspatriloka/,,,Ubud,,,,,,
1,karsa-spa,Karsa Spa,ubud,https://karsaspa.com/,https://www.instagram.com/karsaspa/,,,"Bangkiang Sidem, on the Artist's Trail at the end of the Campuhan Ridge Walk, Ubud",,,,,,
1,kojin-teppanyaki-restaurant-ubud-by-wonderspace,Kojin Teppanyaki Restaurant Ubud by Wonderspace,ubud,http://thewonderspace.com/kojinbali/,https://www.instagram.com/kojinbali/,,"Jl. Raya Desa Kenderan No.88A, Kenderan, Kecamatan Ubud, Kabupaten Gianyar, Bali 80571, Indonesia",,,,,,,
1,kush-ayurveda-yoga-barn,KUSH Ayurvedic Rejuvenation Spa at The Yoga Barn,ubud,https://theyogabarn.com/,,,"Jl. Sukma / Pengosekan, at The Yoga Barn, Ubud","Jl. Sukma / Pengosekan, at The Yoga Barn, Ubud",,,,,,
1,la-portal-to-shamballah,La Portal to Shamballah,ubud,https://www.laportaltoshamballah.com/,https://www.instagram.com/laportal.shamballah.ubud/,,,,,,,,,
1,laka-leke,Laka Leke,ubud,https://www.lakaleke.com/,https://www.instagram.com/lakalekerestaurant/,,,Ubud,,,,,,
1,locavore-nxt,Locavore NXT,ubud,https://locavorenxt.com/,https://www.instagram.com/locavorenxt/,,"Jl. A.A. Gede Rai, Gang Pura Panti Bija, Lodtunduh, Ubud, Gianyar, Bali 80571, Indonesia","Jl. A.A. Gede Rai, Gang Pura Panti Bija, Lodtunduh, Ubud, Gianyar, Bali 80571, Indonesia",,,,,,
1,mandapa-spa-ubud,Mandapa Spa,ubud,https://www.ritzcarlton.com/en/hotels/dpsub-mandapa-a-ritz-carlton-reserve/overview/,,,,Kedewatan / Sayan,,,,,,
1,mango-tree-spa-loccitane,Mango Tree Spa by L'OCCITANE,ubud,https://www.mangotreespabali.com/,,,,"At Kupu Kupu Barong Villas, Ayung River valley, Kedewatan, Ubud",,,,,,
1,maya-ubud-fitness-centre-ubud,Maya Ubud Fitness Centre,ubud,http://mayaresorts.com/ubud/,https://www.instagram.com/mayaubud/,,,Peliatan / Ubud edge,,,,,,
1,maya-ubud-spa-ubud,Maya Ubud Spa,ubud,http://mayaresorts.com/ubud/,https://www.instagram.com/mayaubud,,,Peliatan / Ubud edge,,,,,,
1,maya-ubud-yoga-ubud,Maya Ubud Yoga,ubud,http://mayaresorts.com/ubud/,https://www.instagram.com/mayaubud/,,,Peliatan / Ubud edge,,,,,,
1,melting-wok-warung,Melting Wok Warung,ubud,https://www.instagram.com/melting_wok_warung/,https://www.instagram.com/melting_wok_warung/,,"Jl. Gootama No.13, Ubud, Kec. Ubud, Gianyar Regency, Bali 80571, Indonesia",,,,,,,
1,milk-and-madu-ubud,Milk & Madu Ubud,ubud,https://milkandmadu.com/location/,https://www.instagram.com/milkandmadu/,https://maps.app.goo.gl/UmVZZDgFxPPTT8Mn7,"Jl. Suweta No.3, Ubud, Gianyar, Bali 80571, Indonesia","Jl. Suweta No.3, Ubud, Gianyar, Bali 80571, Indonesia",,,,,,
1,mozaic,Mozaic,ubud,https://www.mozaic-bali.com/,https://www.instagram.com/mozaicrestaurantubud/,,"Jl. Raya Sanggingan, Kedewatan, Ubud, Gianyar, Bali 80571, Indonesia","Jl. Raya Sanggingan, Kedewatan, Ubud, Gianyar, Bali 80571, Indonesia",,,,,,
1,norii-japanese-restaurant-ubud,Norii Japanese Restaurant — Ubud,ubud,http://thewonderspace.com/noriiubud/,https://www.instagram.com/noriibali/,,"Jl. Sawah Indah Gang Amarea No.8, Peliatan, Kecamatan Ubud, Kabupaten Gianyar, Bali 80571, Indonesia",,,,,,,
1,oneworld-ayurveda,Oneworld Ayurveda,ubud,https://oneworldayurveda.com/ubud/,https://www.instagram.com/oneworldayurveda/,,,"Pengosekan, Ubud, Gianyar 80571",,,,,,
1,onion-collective,Onion Collective,ubud,https://theonionco.com/,https://www.instagram.com/theonionco/,,,Ubud,,,,,,
1,putri-bali-spa,Putri Bali Spa,ubud,https://www.putribalispa.com/,https://www.instagram.com/putribali_spa/,,"Jl. Raya Sanggingan, Ubud","Jl. Raya Sanggingan, Ubud",,,,,,
1,pyramids-of-chi,Pyramids of Chi,ubud,https://ubud.pyramidsofchi.com/,https://www.instagram.com/pyramidsofchi/,,"Jl. Kelebang Moding, Bentuyung Sari, Ubud, Gianyar 80571","Jl. Kelebang Moding, Bentuyung Sari, Ubud, Gianyar 80571",,,,,,
1,radiantly-alive,Radiantly Alive,ubud,https://www.radiantlyalive.com/,https://www.instagram.com/radiantlyaliveyoga/,,"Jl. Jembawan No. 3, Ubud, Gianyar 80571","Jl. Jembawan No. 3, Ubud, Gianyar 80571",,,,,,
1,room4dessert,Room4Dessert,ubud,https://www.room4dessert.com/,https://www.instagram.com/r4d_room4dessert/,,"Jl. Raya Sanggingan, Kedewatan, Ubud, Gianyar, Bali 80561, Indonesia","Jl. Raya Sanggingan, Kedewatan, Ubud, Gianyar, Bali 80561, Indonesia",,,,,,
1,sacred-river-spa-at-four-seasons-sayan-ubud,Sacred River Spa at Four Seasons Sayan,ubud,https://www.fourseasons.com/sayan/spa/,,,,Sayan,,,,,,
1,sang-spa,Sang Spa & Yoga,ubud,https://sangspa.com/,https://www.instagram.com/sangspaubud/,,"Jl. Jembawan No. 13B, Padang Tegal, Ubud (with a second Pengosekan outlet)","Jl. Jembawan No. 13B, Padang Tegal, Ubud (with a second Pengosekan outlet)",,,,,,
1,sayuri-healing-food,Sayuri Healing Food,ubud,https://sayurihealingfood.com/,https://www.instagram.com/sayuri_healing_food/,,"Jl. Sukma Kesuma No.2, Peliatan, Ubud, Gianyar Regency, Bali 80571, Indonesia",,,,,,,
1,seniman-coffee-studio,Seniman Coffee Studio,ubud,https://www.senimancoffee.com/seniman-ubud/,https://www.instagram.com/senimancoffee/,https://maps.app.goo.gl/TyQT3rqL8VbPVHUi8,,Ubud,,,,,,
1,seven-paintings-ubud-restaurant,Seven Paintings Ubud Restaurant,ubud,http://sevenpaintingsubud.com/,,,"Jl. Bisma No.888A, Ubud, Kecamatan Ubud, Kabupaten Gianyar, Bali 80571, Indonesia",,,,,,,
1,shichirin-japanese-restaurant-ubud,Shichirin Japanese Restaurant — Ubud,ubud,http://thewonderspace.com/shichirinubud/,https://www.instagram.com/shichirincanggu/,,"Jl. Bisma No.888A, Ubud, Kecamatan Ubud, Kabupaten Gianyar, Bali 80571, Indonesia",,,,,,,
1,spring-spa-ubud,Spring Spa Ubud,ubud,https://www.springspa.com/locations/bali/ubud,,,,"Ubud, Bali (rice-terrace setting)",,,,,,
1,svaha-spa,Svaha Spa,ubud,https://svahaspa.com/,https://www.instagram.com/svaha.spa/,,"Jl. Bisma, Ubud (plus Teges, Kenderan and other Ubud outlets)","Jl. Bisma, Ubud (plus Teges, Kenderan and other Ubud outlets)",,,,,,
1,svaha-spa-beauty-ubud-ubud,Svaha Spa Beauty Ubud,ubud,https://svahawellness.com/,,,,Bisma / Ubud Centre edge,,,,,,
1,svaha-spa-bisma-ubud,Svaha Spa Bisma,ubud,https://svahawellness.com/,https://www.instagram.com/svahaspabisma/,,,Bisma / Ubud Centre edge,,,,,,
1,taksu-spa-ubud,Taksu Spa,ubud,https://taksu.org/,https://www.instagram.com/taksuwellnesscenter/,,,Ubud Centre,,,,,,
1,taksu-spa-beauty-ubud,Taksu Spa Beauty,ubud,https://taksu.org/,https://www.instagram.com/taksuwellnesscenter/,,,Ubud Centre,,,,,,
1,taksu-yoga,Taksu Yoga,ubud,https://taksu.org/contact/,https://www.instagram.com/taksuwellnesscenter/,,,,,,,,,
1,taksu-yoga-ubud,Taksu Yoga & Wellness Center,ubud,https://taksu.org/,https://www.instagram.com/taksuwellnesscenter/,,"Jl. Goutama Selatan, Ubud, Gianyar 80571","Jl. Goutama Selatan, Ubud, Gianyar 80571",,,,,,
1,the-jungle-club-ubud-by-wonderspace,The Jungle Club Ubud by Wonderspace,ubud,http://jungleclububud.com/,https://www.instagram.com/jungleclububud/,,"Jl. Jaga Raga No.8A, Celuk, Ubud, Gianyar Regency, Bali 80582, Indonesia",,,,,,,
1,the-shala-bali,The Shala Bali,ubud,https://www.theshalabali.com/,https://www.instagram.com/theshalabali/,,"Jl. Sanggingan No. 90, Penestanan Kaja, Ubud, Gianyar 80571","Jl. Sanggingan No. 90, Penestanan Kaja, Ubud, Gianyar 80571",,,,,,
1,the-yoga-barn,The Yoga Barn,ubud,https://www.theyogabarn.com/,https://www.instagram.com/theyogabarn/,,"Jl. Raya Pengosekan, Padang Tegal, Ubud, Gianyar 80571","Jl. Raya Pengosekan, Padang Tegal, Ubud, Gianyar 80571",,,,,,
1,titi-batu-ubud-club-ubud,Titi Batu Ubud Club,ubud,https://titibatu.com/,https://www.instagram.com/titi_batu,,,Lodtunduh / Nyuh Kuning edge,,,,,,
1,tukies-coconut-shop,Tukies Coconut Shop,ubud,https://www.facebook.com/tukies.online/,https://www.instagram.com/tukiescoconutshop/,,"Jl. Monkey Forest No.15, Ubud, Gianyar Regency, Bali 80571, Indonesia",,,,,,,
1,ubud-fitness-center,Ubud Fitness Center,ubud,https://www.ubudfitnesscentre.com/,https://www.instagram.com/ubud_fitness/,,,Ubud,,,,,,
1,ubud-pilates,Ubud Pilates,ubud,https://ubudpilates.com/,https://www.instagram.com/ubudpilates,,,Ubud,,,,,,
1,ubud-sari-health-resort,Ubud Sari Health Resort,ubud,https://ubudsari.com/,https://www.instagram.com/ubudsari/,,,"~5 minutes from Ubud centre, Ubud",,,,,,
1,ubud-traditional-spa,Ubud Traditional Spa,ubud,https://ubudtraditionalspa.com/,https://www.instagram.com/ubud.traditionalspa/,,,"Payogan village, near Pura Puncak temple, ~4 km west of Ubud centre",,,,,,
1,ubud-yoga-centre,Ubud Yoga Centre,ubud,https://ubudyogacentre.com/,https://www.instagram.com/ubudyogacentre/,,"Jl. Raya Singakerta No. 108, Nyuh Kuning, Ubud, Gianyar 80571","Jl. Raya Singakerta No. 108, Nyuh Kuning, Ubud, Gianyar 80571",,,,,,
1,ubud-yoga-house,Ubud Yoga House,ubud,https://ubudyogahouse.com/,https://www.instagram.com/ubudyogahouse/,,"Jl. Subak Sokwayah, Ubud, Gianyar 80571","Jl. Subak Sokwayah, Ubud, Gianyar 80571",,,,,,
1,manga-madu,Warung Mangga Madu,ubud,https://warungmanggamadu.shop/,https://www.instagram.com/warungmanggamadu/,,,Ubud,,,,,,
1,watercress-ubud,Watercress Ubud,ubud,https://watercressbali.com/,https://www.instagram.com/watercressbali/,https://maps.app.goo.gl/uwHUepXkmVaZZ6kRA,"Jl. Monkey Forest, Ubud, Gianyar, Bali 80571, Indonesia","Jl. Monkey Forest, Ubud, Gianyar, Bali 80571, Indonesia",,,,,,
1,zest-ubud,Zest Ubud,ubud,https://www.zestubud.com/,https://www.instagram.com/zestubud/,https://goo.gl/maps/6EWyKfQ4z6VbFzch7,"Jl. Penestanan No.7, Sayan, Ubud, Gianyar 80571","Jl. Penestanan No.7, Sayan, Ubud, Gianyar 80571",,,,,,
1,zuna-yoga-ubud,Zuna Yoga,ubud,https://zunayoga.com/,https://www.instagram.com/zunayoga/,,,Ubud,,,,,,
1,360-move-uluwatu,360 Move Uluwatu,uluwatu-bukit,https://360moveuluwatu.com/,https://www.instagram.com/360move_uluwatu/,,,,,,,,,
1,alchemy-uluwatu,Alchemy Uluwatu,uluwatu-bukit,https://www.alchemybali.com/uluwatu,https://www.instagram.com/alchemybali/,https://maps.app.goo.gl/VJywLyNdL3XZM5jE8,,Uluwatu/Bukit,,,,,,
1,alchemy-yoga-and-meditation-center-uluwatu,Alchemy Yoga & Meditation Center Uluwatu,uluwatu-bukit,https://www.alchemyyogacenter.com/uluwatu-aymc-schedule,https://www.instagram.com/alchemyyogauluwatu/,,,,,,,,,
1,ami-studio,Ami Studio,uluwatu-bukit,https://classpass.com/studios/ami-studio-bali,https://www.instagram.com/amipilatesuluwatu/,,,,,,,,,
1,ants-pants-uluwatu,Ants Pants Uluwatu,uluwatu-bukit,https://antspantsbali.com/,https://www.instagram.com/antspants.uluwatu/,,"Family Nest Experience Villas, JI. Labuansait, JI Jl. Pantai Cemongkak, Pecatu, Kec. Kuta Sel., Kabupaten Badung, Bali 80361, Indonesia",,,,,,,
1,bambu-fitness-bali,Bambu Fitness Bali,uluwatu-bukit,https://bambufitnessbali.com/,https://www.instagram.com/bambufitnessbali/,,,,,,,,,
1,bambu-pilates,Bambu Pilates,uluwatu-bukit,https://bambufitnessbali.com/,,,,,,,,,,
1,bgs-uluwatu,BGS Uluwatu,uluwatu-bukit,https://bgsbali.com/store/bgs-uluwatu/,https://www.instagram.com/bgsbali/,https://maps.app.goo.gl/FXZZRc7kGUPgsiU9A,,Uluwatu/Bukit,,,,,,
1,bluvana-reformer-studio,Bluvana Reformer Studio,uluwatu-bukit,https://classpass.com/studios/bluvana-reformer-studio-bali,,,,,,,,,,
1,d-nailbar-spa-uluwatu,D'Nailbar Spa Uluwatu,uluwatu-bukit,http://dnailbar.com/,https://www.instagram.com/dnailbar_uluwatu/,,,,,,,,,
1,drifter-surf-cafe,Drifter Surf Shop & Cafe,uluwatu-bukit,https://driftersurf.com/pages/cafe,https://www.instagram.com/driftersurfshop/,,"Jl. Labuansait No.52, Pecatu, Kec. Kuta Sel., Kabupaten Badung, Bali 80361",,,,,,,
1,gooseberry-french-restaurant-uluwatu,Gooseberry French Restaurant | Uluwatu,uluwatu-bukit,https://www.gooseberry-restaurant.com/,https://www.instagram.com/gooseberry_restaurant/,https://maps.app.goo.gl/PZLU53eQUEqKAc8X6,,Pecatu / uluwatu bukit,,,,,,
1,humans-cafe,HUMANS CAFE,uluwatu-bukit,http://humansbali.com/,https://www.instagram.com/humans.bali/,,"55J6+93R, Jl. Bali Cliff, Ungasan, Kec. Kuta Sel., Kabupaten Badung, Bali 80361, Indonesia",,,,,,,
1,kala-uluwatu,KALA Uluwatu,uluwatu-bukit,https://kalauluwatu.com/,https://www.instagram.com/kala.uluwatu/,,,Uluwatu/Bukit,,,,,,
1,karma-spa-at-karma-kandara,Karma Spa at Karma Kandara,uluwatu-bukit,https://karmagroup.com/resort/karma-kandara-bali/,,,,,,,,,,
1,la-terrazza-uluwatu,La Terrazza Uluwatu,uluwatu-bukit,https://www.laterrazzauluwatu.com/,https://www.instagram.com/laterrazza_uluwatu_bali/,,"53MQ+VFW, Jl. Pantai Suluban Jl. Labuansait, Pecatu, Kec. Kuta Sel., Kabupaten Badung, Bali 80361, Indonesia",,,,,,,
1,la-tribu,La Tribu,uluwatu-bukit,https://classpass.com/studios/la-tribu-uluwatu,,,,,,,,,,
1,la-tribu-bali,La Tribu Bali,uluwatu-bukit,https://latribubali.id/,https://www.instagram.com/latribubali/,,,,,,,,,
1,lemanja-uluwatu,Lemanjá Uluwatu,uluwatu-bukit,https://www.lemanjabali.com/,https://www.instagram.com/lemanjabali/,,"Jl. Labuansait No.168, Pecatu, Kec. Kuta Sel., Kabupaten Badung, Bali 80361, Indonesia",,,,,,,
1,lolas-cantina-uluwatu,Lola’s Cantina Mexicana — Uluwatu,uluwatu-bukit,https://www.lolasbali.com/,https://www.instagram.com/lolasbali/,,"Jl. Labuansait No.10, Pecatu, Kuta Selatan, Badung, Bali 80361, Indonesia","Jl. Labuansait No.10, Pecatu, Kuta Selatan, Badung, Bali 80361, Indonesia",,,,,,
1,mana-uluwatu,Mana Uluwatu,uluwatu-bukit,https://uluwatusurfvillas.com/restaurant/,https://www.instagram.com/manauluwatu/,,,Pecatu / uluwatu bukit,,,,,,
1,mantra-wellness,Mantra Wellness,uluwatu-bukit,https://classpass.com/studios/mantra-wellness-bali,,,,,,,,,,
1,masonry-restaurant,MASONRY Restaurant,uluwatu-bukit,https://masonrybali.com/uluwatu,https://www.instagram.com/masonry.bali/,,,Uluwatu/Bukit,,,,,,
1,milk-and-madu-uluwatu,Milk & Madu Uluwatu,uluwatu-bukit,https://milkandmadu.com/location/,https://www.instagram.com/milkandmadu/,https://maps.app.goo.gl/1BDUXs5ihRX2Vxmp8,"Jalan Labuan Sait, Banjar Dinas Labuan Sait, Pecatu, Kuta Selatan, Badung, Bali 80361, Indonesia","Jalan Labuan Sait, Banjar Dinas Labuan Sait, Pecatu, Kuta Selatan, Badung, Bali 80361, Indonesia",,,,,,
1,morning-light-yoga,Morning Light Yoga,uluwatu-bukit,https://uluwatusurfvillas.com/yoga/,,,,,,,,,,
1,morning-light-yoga-studio,Morning Light Yoga Studio,uluwatu-bukit,https://uluwatusurfvillas.com/yoga/,https://www.instagram.com/morninglightyoga/,,,,,,,,,
1,naya-uluwatu,NAYA Uluwatu,uluwatu-bukit,https://momence.com/u/studio-naya,https://www.instagram.com/nayapilatesbali/,,,,,,,,,
1,ours-spa-boutique,Ours Spa & Boutique,uluwatu-bukit,https://oursspabali.com/,https://www.instagram.com/ourspabali/,,,,,,,,,
1,papi-sapi,Papi Sapi,uluwatu-bukit,https://papisapi.com/,https://www.instagram.com/papisapi_/,https://maps.app.goo.gl/kbamNkgPuz11gbRWA,,Uluwatu/Bukit,,,,,,
1,piccolina,Piccolina,uluwatu-bukit,https://piccolinabali.com/,https://www.instagram.com/piccolina.bali/,,,,,,,,,
1,raw-gym-uluwatu,Raw Gym Uluwatu,uluwatu-bukit,https://rawuluwatu.com/,https://www.instagram.com/raw_uluwatu/,,,,,,,,,
1,reform-pilates-bali,Reform Pilates Bali,uluwatu-bukit,https://www.reformpilatesbali.com/,https://www.instagram.com/reformpilatesbali/,,,,,,,,,
1,reform-pilates-bingin,Reform Pilates Bingin,uluwatu-bukit,https://classpass.com/studios/reform-pilates-bingin-bali,,,,,,,,,,
1,reform-uluwatu,Reform+ Uluwatu,uluwatu-bukit,https://www.reformpilatesbali.com/reformplus,https://www.instagram.com/reformpilatesbali/,,,,,,,,,
1,rockfish-cliffside,Rockfish Cliffside,uluwatu-bukit,https://rockfish-cliffside.com/,https://www.instagram.com/rockfish_cliffside/,,"Br. Dinas Karang Boma, Jl. Batu Bolong, Pecatu, Kuta Selatan, Badung, Bali, Indonesia","Br. Dinas Karang Boma, Jl. Batu Bolong, Pecatu, Kuta Selatan, Badung, Bali, Indonesia",,,,,,
1,rose-petal,Rose Petal,uluwatu-bukit,https://rosepetalbali.com/,,,,,,,,,,
1,single-fin,Single Fin,uluwatu-bukit,https://www.singlefinbali.com/,https://www.instagram.com/singlefinbali/,,,Pecatu / uluwatu bukit,,,,,,
1,six-senses-spa-uluwatu,Six Senses Spa Uluwatu,uluwatu-bukit,https://www.sixsenses.com/en/hotels-resorts/asia-the-pacific/indonesia/uluwatu-bali/wellness-spa/,,,,,,,,,,
1,spa-at-mu,Spa at Mu,uluwatu-bukit,https://mu-bali.com/,,,,,,,,,,
1,spring-spa-uluwatu,Spring Spa Uluwatu,uluwatu-bukit,https://www.springspa.com/locations/bali/uluwatu,,,,,,,,,,
1,studio-fondue,Studio Fondue,uluwatu-bukit,https://studio-fondue.com/,https://www.instagram.com/studio.fondue/,,,,,,,,,
1,suka-espresso,Suka Espresso,uluwatu-bukit,https://www.bysuka.com/suka-uluwatu,https://www.instagram.com/sukaespresso/,,,Pecatu / uluwatu bukit,,,,,,
1,sundays-beach-club,Sundays Beach Club,uluwatu-bukit,https://www.sundaysbeachclub.com/,https://www.instagram.com/sundaysbeachclub/,,,Ungasan / uluwatu bukit,,,,,,
1,supreme-indian-restaurant,Supreme Indian Restaurant,uluwatu-bukit,https://supremebali.com/,https://www.instagram.com/supreme_balirestaurant/,,,,,,,,,
1,svaha-spa-bingin,Svaha Spa Bingin,uluwatu-bukit,https://svahaspa.com/bingin,https://www.instagram.com/svahaspa/,,,,,,,,,
1,the-asa-maia,The Asa Maia,uluwatu-bukit,https://www.theasamaia.com/,https://www.instagram.com/theasamaia/,,,,,,,,,
1,the-bvlgari-spa,The Bvlgari Spa,uluwatu-bukit,https://www.bulgarihotels.com/en_US/bali/spa-and-fitness/the-spa,,,,,,,,,,
1,the-space-bali,The Space Bali,uluwatu-bukit,https://thespacebali.org/,https://www.instagram.com/thespacebali.bingin/,,,,,,,,,
1,the-temple-lodge,The Temple Lodge,uluwatu-bukit,https://www.thetemplelodge.com/,https://www.instagram.com/thetemplelodge/,,,,,,,,,
1,the-warung-at-alila-villas-uluwatu,The Warung at Alila Villas Uluwatu,uluwatu-bukit,https://www.alilahotels.com/uluwatu/dining/the-warung/,,,,Pecatu / uluwatu bukit,,,,,,
1,the-yoga-rescue,The Yoga Rescue,uluwatu-bukit,https://theyogarescue.com/,https://www.instagram.com/theyogarescue/,,,,,,,,,
1,tropical-temptation-adult-only-beach-club,Tropical Temptation - Adult Only Beach Club,uluwatu-bukit,https://ttbeach.club/,https://www.instagram.com/tropicaltemptation/,,,Ungasan / uluwatu bukit,,,,,,
1,ula-cafe,Ula Cafe,uluwatu-bukit,http://ulabali.com/,https://www.instagram.com/ula_bali/,,"Jl. Pantai Balangan, Ungasan, Kec. Kuta Sel., Kabupaten Badung, Bali 80361, Indonesia",,,,,,,
1,ulu-active-recovery,ULU Active & Recovery,uluwatu-bukit,https://ulutribe.com/ulu-active/,https://www.instagram.com/ulu.active/,,,,,,,,,
1,ulu-garden,Ulu Garden,uluwatu-bukit,https://ulutribe.com/ulu-garden/,https://www.instagram.com/ulu.garden/,https://maps.app.goo.gl/XVPZGC9e1rhpYodG9,,Uluwatu/Bukit,,,,,,
1,ulu-yoga-bali,ULU Yoga Bali,uluwatu-bukit,https://uluyoga.com/,https://www.instagram.com/uluyogabali/,,,,,,,,,
1,uluwatu-collective,Uluwatu Collective,uluwatu-bukit,https://classpass.com/studios/uluwatu-collective-bali,,,,,,,,,,
1,vela-spa,Vela Spa,uluwatu-bukit,https://theungasan.com/wellness-retreat-bali,,,,,,,,,,
1,waatu,WAATU,uluwatu-bukit,https://waatu.com/,https://www.instagram.com/waatu.bali/,https://maps.app.goo.gl/Qncha4ogaVhVkgUD8,,Uluwatu/Bukit,,,,,,
1,white-rock-beach-club,White Rock Beach Club,uluwatu-bukit,https://whiterockbali.com/,https://www.instagram.com/whiterockbeachclub/,,,Ungasan / uluwatu bukit,,,,,,
1,yinside-yoga,YinSide Yoga,uluwatu-bukit,https://yinsideyogabali.com/,https://www.instagram.com/yinside.yoga/,,,,,,,,,
1,yoga-the-istana,Yoga @ The Istana,uluwatu-bukit,https://theistana.com/,https://www.instagram.com/the_istana/,,,,,,,,,
1,yoga-searcher-bali,Yoga Searcher Bali,uluwatu-bukit,https://yogasearcher-bali.com/,https://www.instagram.com/yogasearcherbali/,,,,,,,,,
1,yuki-uluwatu,YUKI Uluwatu,uluwatu-bukit,https://www.yuki-bali.com/uluwatu,https://www.instagram.com/yukibali_/,https://maps.app.goo.gl/qr3wZrGTXh7HGyie6,,Pecatu / uluwatu bukit,,,,,,
2,moana-fish-eatery,Moana Fish Eatery,canggu,,https://www.instagram.com/moana.bali/,https://maps.app.goo.gl/ZgKeetdPYWy7WxrU9,,Batu Bolong,,,,,,
2,skool-kitchen,SKOOL Kitchen,canggu,,https://www.instagram.com/skoolkitchen/,https://maps.app.goo.gl/HiqdzhtCbuZe92SGA,,"Batu Bolong Beach, Canggu",,,,,,
2,touche-cafe-and-restaurant,Touché Cafe & Restaurant,canggu,,https://www.instagram.com/touche.bali/,https://maps.app.goo.gl/3rm5EdsYDw9jkDxK9,,Pererenan / Mengwi / Pererenan north,,,,,,
3,blu-cafe-chef-made,BLU Cafe. Chef Made,canggu,,https://www.instagram.com/blu_cafe_chefmade/,,"Jalan Pantai Pererenan No.150b , Pererenan, Kec. Mengwi, Banjar, Pengembungan, Bali, Pererenan, Kec. Mengwi, Kabupaten Badung, Bali 80351, Indonesia",,,,,,,
3,dandelion,Casa Tua,canggu,,https://www.instagram.com/casatua.canggu/,,"Jl. Pantai Batu Bolong No.10, Canggu","Jl. Pantai Batu Bolong No.10, Canggu",,,,,,
3,focaccia-buddies,Focaccia Buddies,canggu,,https://www.instagram.com/focacciabuddies.bali/,,"Jl. Pantai Pererenan No.107, Pererenan, Kec. Mengwi, Kabupaten Badung, Bali 80351, Indonesia",,,,,,,
3,home-cafe-mengwi,HOME Cafe MENGWI,canggu,,https://www.instagram.com/homekikicafe/,,"Br. Tiying Tutul No.19, Pererenan, Mengwi, Badung Regency, Bali 80351, Indonesia",,,,,,,
3,kopiten,Kopiten,canggu,,https://www.instagram.com/kopiten_coffee/,,"Jl. Raya Tumbakbayuh - Pererenan, Tumbak Bayuh, Kec. Mengwi, Kabupaten Badung, Bali 80351, Indonesia",,,,,,,
3,mavammy,Mavammy,canggu,,https://www.instagram.com/mavammy/,,"Jl. Pantai Batu Bolong No.8, Canggu, Kec. Kuta Utara, Kabupaten Badung, Bali 80361, Indonesia",,,,,,,
3,momento-daily-resto,Momento Daily Resto,canggu,,https://www.instagram.com/momento.bali/,,"Jl. Pantai Batu Bolong No.32, Canggu, Kec. Kuta Utara, Kabupaten Badung, Bali 80361, Indonesia",,,,,,,
3,nuna-bali,Nuna Bali,canggu,,,,"Jl. Pantai Batu Mejan No.106, Canggu, Kec. Kuta Utara, Kabupaten Badung, Bali, Indonesia",,,,,,,
3,porch,Porch,canggu,,https://www.instagram.com/porch.bali/,,"Jl. Raya Semat No.1, Tibubeneng, Kec. Kuta Utara, Kabupaten Badung, Bali 80361, Indonesia",,,,,,,
3,wohl-cafe,WOHL Cafe,canggu,,https://www.instagram.com/wohlcafe/,,"Jl. Sempol No.26, Pererenan, Kec. Mengwi, Kabupaten Badung, Bali 80351, Indonesia",,,,,,,
3,xo-rooftop,XO ROOFTOP,canggu,,https://www.instagram.com/xo.rooftop/,,"Jl. Kayu Tulang Teratai Grand Village No.B1, Canggu, Kec. Kuta Utara, Kabupaten Badung, Bali 80361, Indonesia",,,,,,,
3,mamu-ubud-cafe-shisha-hookah,MAMU Ubud Cafe Shisha Hookah,ubud,,https://www.instagram.com/mamu_bali/,,"Jl. Made Lebah, Mas, Kecamatan Ubud, Kabupaten Gianyar, Bali 80571, Indonesia",,,,,,,
3,nasi-ayam-kedewatan-ibu-mangku,Nasi Ayam Kedewatan Ibu Mangku — Outlet Pusat Ubud,ubud,,https://www.instagram.com/nasiayamkedewatan/,,"Jl. Raya Kedewatan No.18, Kedewatan, Ubud, Gianyar, Bali, Indonesia","Jl. Raya Kedewatan No.18, Kedewatan, Ubud, Gianyar, Bali, Indonesia",,,,,,
3,dewas-landing-cafe,Dewas Landing Cafe,uluwatu-bukit,,https://www.instagram.com/dewaslanding.cafe/,,"Jl. Raya Uluwatu, Pecatu, Kec. Kuta Sel., Kabupaten Badung, Bali 80361, Indonesia",,,,,,,
3,gains,GAINS,uluwatu-bukit,,https://www.instagram.com/gainsuluwatu/,,"54Q9+W93, Jl. Buana Sari, Pecatu, Kec. Kuta Sel., Kabupaten Badung, Bali 80361, Indonesia",,,,,,,
3,made-s-bakery-cafe-playground,Made’s Bakery Cafe Playground,uluwatu-bukit,,https://www.instagram.com/mades_bakery_/,,"Jl. Dharmawangsa No.85, Ungasan, Kec. Kuta Sel., Kabupaten Badung, Bali 80361, Indonesia",,,,,,,
3,pak-gula,PAK GULA,uluwatu-bukit,,https://www.instagram.com/pak.g.bingin/,,"Jl. Pantai Bingin No.05, Pecatu, Kec. Kuta Sel., Kabupaten Badung, Bali 80361, Indonesia",,,,,,,
3,rotisserie-by-cashew-tree,Rotisserie by Cashew Tree,uluwatu-bukit,,https://www.instagram.com/rotisserie.cashewtree/,,"Jl. Bangbang Metuug No.3, Pecatu, Kec. Kuta Sel., Kabupaten Badung, Bali 80361, Indonesia",,,,,,,
3,snowcat-bali-ussr-cuisine,Snowcat Bali USSR Cuisine,uluwatu-bukit,,https://www.instagram.com/snowcatbali/,,"Jl. Raya Uluwatu No.93, Ungasan, Kec. Kuta Sel., Kabupaten Badung, Bali 80361, Indonesia",,,,,,,
3,white-water-bingin,White Water — Bingin,uluwatu-bukit,,https://www.instagram.com/whitewater.bali/,,"Jl. Pantai Bingin, Pecatu, Kec. Kuta Sel., Kabupaten Badung, Bali 80361, Indonesia",,,,,,,
4,babi-guling-men-agus,Babi Guling Men Agus,canggu,,https://www.instagram.com/babigulingmenagus/,,,,,,,,,
4,babi-guling-men-lari,Babi Guling Men Lari,canggu,,https://www.instagram.com/begulingmenlari/,,,,,,,,,
4,babi-guling-sari-kembar-99,Babi Guling Sari Kembar 99,canggu,,https://www.instagram.com/babiguling.sarikembar99/,,,,,,,,,
4,global-futsal-dalung,Global Futsal Dalung,canggu,,https://www.instagram.com/explore/locations/1029503333/global-futsal-sport-dalung/,,,,,,,,,
4,honey-kitchen,Honey Kitchen,canggu,,https://www.instagram.com/honeykitchenbali/,,,Badung / Pererenan,,,,,,
4,jaya-gym-jalan-raya-canggu,Jaya Gym Jalan Raya Canggu,canggu,,https://www.instagram.com/explore/locations/274786509/jaya-gymcanggu/,,,,,,,,,
4,jm-taekwondo-bali,JM Taekwondo Bali,canggu,,https://www.instagram.com/rivasjhkim_bali/,,,,,,,,,
4,milu-by-nook,Milu by Nook,canggu,,https://www.instagram.com/milubynook/,,,Tibubeneng / Canggu / Berawa,,,,,,
4,nail-lesss-canggu,Nail Lesss Canggu,canggu,,https://www.instagram.com/nail_lesss/,,,Badung / Pererenan,,,,,,
4,nook-umalas,Nook Umalas,canggu,,https://www.instagram.com/nook_bali/,,,Umalas / Kerobokan / Umalas,,,,,,
4,oma-jamu,Oma Jamu,canggu,,https://www.instagram.com/omajamuvegan/,,,Canggu/Berawa,,,,,,
4,paradise-padel-bali,Paradise Padel Bali,canggu,,https://www.instagram.com/paradisepadelbali/,,,,,,,,,
4,the-slow,The Slow,canggu,,https://www.instagram.com/the.slow/,,,Canggu,,,,,,
4,tugu-tennis-court,Tugu Tennis Court,canggu,,https://www.instagram.com/popular/tugu-tennis-court/,,,,,,,,,
4,victory-fitness-club,Victory Fitness Club,canggu,,https://www.instagram.com/victoryfitnessclub/,,,,,,,,,
4,babi-guling-swari,Warung Babi Guling Swari,canggu,,https://www.instagram.com/babigulingswari/,,,,,,,,,
4,warung-jawa-bu-sri,Warung Jawa Bu Sri,canggu,,https://www.instagram.com/warungjawabusricanggu/,,,,,,,,,
4,warung-local,Warung Local,canggu,,https://www.instagram.com/warunglocal/,,,,,,,,,
4,warung-nonii,Warung Nonii,canggu,,https://www.instagram.com/waroengnonii/,,,Canggu/Batu Bolong/Berawa,,,,,,
4,warung-varuna,Warung Varuna,canggu,,https://www.instagram.com/warungvaruna/,,,,,,,,,
4,jungle-flower-restaurant,Jungle Flower Restaurant,ubud,,https://www.instagram.com/jungleflowerrestaurant/,,,,,,,,,
4,sawobali,Sawobali,ubud,,https://www.instagram.com/sawobali/,,,Ubud,,,,,,
4,warung-mendez,Warung Mendez,ubud,,https://www.instagram.com/warung.mendez/,,,Ubud,,,,,,
4,warung-siam,Warung Siam,ubud,,https://www.instagram.com/warungsiam/,,,Ubud,,,,,,
4,whos-who,Who's Who,ubud,,https://www.instagram.com/whoswhobali/,,,Ubud,,,,,,
4,wulan-vegetarian-warung,Wulan Vegetarian Warung,ubud,,https://www.instagram.com/wulanveg/,,,Ubud,,,,,,
4,artisan-uluwatu,Artisan - Uluwatu,uluwatu-bukit,,https://www.instagram.com/artisan.bali/,,,Pecatu / uluwatu bukit,,,,,,
4,dbuchu-bingin,D'Buchu,uluwatu-bukit,,https://www.instagram.com/d_buchuu/,,,,,,,,,
4,dorsey-s-barber-shop-uluwatu,Dorsey's Barber Shop Uluwatu,uluwatu-bukit,,https://www.instagram.com/dorseysbarbershop/,,,,,,,,,
4,island-grooming-barbershop,Island Grooming Barbershop,uluwatu-bukit,,https://www.instagram.com/ulu.islandgrooming/,,,,,,,,,
4,laggas-uluwatu,Laggas Uluwatu,uluwatu-bukit,,https://www.instagram.com/laggasbali/,,,Uluwatu/Bukit,,,,,,
4,son-of-a-baker,Son of A Baker,uluwatu-bukit,,https://www.instagram.com/sonofabaker.bali/,,,Uluwatu/Bukit,,,,,,
4,ulu-artisan-ungasan,ULU ARTISAN — Ungasan,uluwatu-bukit,,https://www.instagram.com/artisan.bali/,,,Uluwatu/Bukit,,,,,,
4,warung-local-pecatu,Warung Local,uluwatu-bukit,,https://www.instagram.com/warunglocal/,,,,,,,,,
4,warung-ubay-ungasan,Warung Ubay,uluwatu-bukit,,https://www.instagram.com/warung_ubay/,,,,,,,,,
4,yeyes-warung-uluwatu,Yeye's Warung,uluwatu-bukit,,https://www.instagram.com/warung_yeyes/,,,,,,,,,
4,zando-fight-camp-uluwatu,Zando Fight Camp Uluwatu,uluwatu-bukit,,https://www.instagram.com/zando_fight_camp/,,,,,,,,,
5,coco-nails-ubud,Coco Nails Ubud,ubud,,,,,Ubud,,,,,,
5,ubud-beauty-salon,Ubud Beauty Salon,ubud,,,,,Ubud,,,,,,
5,ubud-gym,Ubud Gym,ubud,,,,,Ubud centre/edge,,,,,,
5,babi-guling-bali-ayu-pecatu,Babi Guling Bali Ayu,uluwatu-bukit,,,,,,,,,,,
5,balumba-surf-school-uluwatu,Balumba Surf School,uluwatu-bukit,,,,,,,,,,,
5,padang-padang-surf-camp-uluwatu,Padang Padang Surf Camp,uluwatu-bukit,,,,,,,,,,,
5,poggy-bali-surf-school-uluwatu,Poggy Bali Surf School,uluwatu-bukit,,,,,,,,,,,
5,warung-bu-jonny-uluwatu,Warung Bu Jonny (Cak Man),uluwatu-bukit,,,,,,,,,,,
