slug,name,district,official_url,instagram_url,address_if_real,latitude,longitude,source_url,source_type,status,note
7am-bakers-umalas,7AM Bakers Umalas,canggu,https://sevenambakers.com/,https://www.instagram.com/7am.bakers/,,,,,,,
adda-yoga,Adda Yoga,canggu,https://addayogabali.com/,https://www.instagram.com/addayogacanggu/,,,,,,,
amavi-canggu-bali,AMAVI Canggu Bali,canggu,https://amavicanggu.grandcentralgroup.co.id/,https://www.instagram.com/amavi.canggu/,,,,,,,
amo-spa-canggu-canggu,AMO Spa Canggu,canggu,https://amospa.com/,https://www.instagram.com/amospabali/,,,,,,,
amplitude-skate-and-bike-park,Amplitude Skate & Bike Park,canggu,https://raceamplitude.com,,,,,,,,
artisan-pererenan,Artisan – Pererenan,canggu,https://artisangroup.id/,https://www.instagram.com/artisan.bali/,,,,,,,
at06,AT06,canggu,https://at06bali.com/,https://www.instagram.com/at06.bali/,,,,,,,
atlas-beach-club,Atlas Beach Club,canggu,https://atlasbeachfest.com/,https://www.instagram.com/atlasbeachfest/,,,,,,,
babi-guling-men-agus,Babi Guling Men Agus,canggu,,https://www.instagram.com/babigulingmenagus/,,,,,,,
babi-guling-men-lari,Babi Guling Men Lari,canggu,,https://www.instagram.com/begulingmenlari/,,,,,,,
babi-guling-sari-kembar-99,Babi Guling Sari Kembar 99,canggu,,https://www.instagram.com/babiguling.sarikembar99/,,,,,,,
baked-pererenan,BAKED Pererenan,canggu,https://baked.co.id/,https://www.instagram.com/baked.indonesia/,,,,,,,
baked-berawa,BAKED. Berawa,canggu,https://baked.co.id/,https://www.instagram.com/baked.indonesia/,,,,,,,
bali-climbing-bouldering-gym,Bali Climbing Bouldering Gym,canggu,https://bali-climbing.com/,,,,,,,,
bali-mma-canggu,Bali MMA,canggu,https://balimma.com/,https://www.instagram.com/balimma/,,,,,,,
bali-padel-academy,Bali Padel Academy,canggu,https://www.balipadelacademy.com/,,,,,,,,
bambou-cafe-and-lagree-cemagi,Bambou Café & Lagree Cemagi,canggu,https://www.bamboucafe.com/bali,https://www.instagram.com/bamboucafecemagi/,,,,,,,
beach-boy-canggu,Beach Boy Canggu,canggu,https://www.beachboycanggu.com/,https://www.instagram.com/beachboycanggu/,,,,,,,
blu-cafe-chef-made,BLU Cafe. Chef Made,canggu,,https://www.instagram.com/blu_cafe_chefmade/,,,,,,,
body-factory-bali-canggu,Body Factory Bali,canggu,https://bodyfactorybali.com/,https://www.instagram.com/bodyfactory_bali/,,,,,,,
bottega-italiana,Bottega Italiana,canggu,https://www.bottegaitalianabali.com/,https://www.instagram.com/bottegaitalianabali/,,,,,,,
brother-gym,Brother Gym,canggu,https://brother-gym-canggu.pages.dev/,https://www.instagram.com/brother_gym_canggu_bali/,,,,,,,
brunch-club-pererenan,Brunch Club Pererenan,canggu,https://brunchclubbali.com/,https://www.instagram.com/brunch_club_bali/,,,,,,,
cafe-del-mar-bali,Café del Mar Bali,canggu,https://cafedelmarbali.co.id/,https://www.instagram.com/cafedelmarbali/,,,,,,,
cafe-vida-healthy-organic-restaurant-canggu,CAFE VIDA Healthy Organic Restaurant Canggu,canggu,https://www.facebook.com/cafevidabali/,https://www.instagram.com/cafe_vida_bali/,,,,,,,
canggu-club-tennis-centre,Canggu Club Tennis Centre,canggu,https://finnslifestylevillage.com/,https://www.instagram.com/finnsrecclub/,,,,,,,
canggu-yoga-centre-canggu,Canggu Yoga Centre,canggu,https://cangguyogacentre.id,https://www.instagram.com/cangguyogacentre/?hl=en,,,,,,,
cantina-classe-canggu,Cantina Classe — Canggu,canggu,https://thewonderspace.com/cantinacanggu/,https://www.instagram.com/cantinaclasse/,,,,,,,
dandelion,Casa Tua,canggu,,https://www.instagram.com/casatua.canggu/,Jl. Pantai Batu Bolong No.10;  Canggu,,,,,,
como-uma-canggu-wellness-spa-canggu,COMO Uma Canggu Wellness / Spa,canggu,https://www.comohotels.com/bali/como-uma-canggu,https://www.instagram.com/comoumacanggu/,,,,,,,
cutiepai-nails,CutiePai Nails,canggu,https://cutiepainails.com/,https://www.instagram.com/cutiepainails/,,,,,,,
desa-seni-yoga,Desa Seni Yoga,canggu,https://desaseni.com/,https://www.instagram.com/desaseni_/,,,,,,,
deus-ex-machina,Deus Ex Machina,canggu,https://deuscustoms.co.id/pages/the-temple-of-enthusiasm-1,https://www.instagram.com/deusexmachina.id/,,,,,,,
dodo-pizza,Dodo Pizza,canggu,https://dodopizza.co.id/,https://www.instagram.com/dodopizza.bali/,,,,,,,
ecosfera-yoga-canggu-canggu,Ecosfera Yoga Canggu,canggu,https://ecosferahotel.com/yoga/,https://www.instagram.com/ecosfera_spa_yoga/,,,,,,,
espace-spa-canggu-canggu,Espace Spa Canggu,canggu,https://espacespabali.com/,https://www.instagram.com/espacespabali/,,,,,,,
estetica-belle,Estetica Belle,canggu,https://www.esteticabelle.com/,https://www.instagram.com/esteticabellecanggu/,,,,,,,
f45-training-canggu-canggu,F45 Training Canggu,canggu,https://f45training.com/id/studio/canggu/,https://www.instagram.com/f45_training_Canggu,,,,,,,
face-therapy-spa-pererenan,Face Therapy Spa Pererenan,canggu,https://linktr.ee/facetherapy,https://www.instagram.com/face_therapy/,,,,,,,
finns-beach-club,FINNS Beach Club,canggu,https://finnsbeachclub.com/,https://www.instagram.com/finnsbeachclub/,,,,,,,
finns-recreation-club-finns-lifestyle-village,FINNS Recreation Club / FINNS Lifestyle Village,canggu,https://finnsrecclub.com/,https://instagram.com/finnsrecclub,,,,,,,
fitness-plus-canggu,Fitness Plus Canggu,canggu,https://canggu.fitnessplusindonesia.co.id/,https://www.instagram.com/fitnessplus.canggu/,,,,,,,
flex-gym-bali,Flex Gym Bali,canggu,https://flexgym.co.id/,https://www.instagram.com/flexgym.id/,,,,,,,
focaccia-buddies,Focaccia Buddies,canggu,,https://www.instagram.com/focacciabuddies.bali/,,,,,,,
glo-day-spa-salon-canggu-canggu,Glo Day Spa & Salon Canggu,canggu,https://www.glospabali.com/,https://www.instagram.com/glosalonandbeauty/,,,,,,,
global-futsal-dalung,Global Futsal Dalung,canggu,,https://www.instagram.com/explore/locations/1029503333/global-futsal-sport-dalung/,,,,,,,
goldust-beauty-facials-canggu,Goldust Beauty / Facials,canggu,https://goldustspa.com/,https://www.instagram.com/goldustspa,,,,,,,
goldust-spa-canggu,Goldust Spa,canggu,https://goldustspa.com/,https://www.instagram.com/goldustspa,,,,,,,
gravity-stretching-canggu,Gravity Stretching Canggu,canggu,https://bookgravity.com,,,,,,,,
guan-yin-yoga-canggu,Guan Yin Yoga Canggu,canggu,https://tuguhotels.com/hotels/bali/guan-yin-yoga-shala/,https://www.instagram.com/guanyinyogabali/,,,,,,,
the-shampoo-lounge-canggu,HairShop Canggu,canggu,https://www.hairshop.store/canggu,,,,,,,,
hippie-fish-pererenan-beach,Hippie Fish Pererenan Beach,canggu,https://hippie-fish.com/,https://www.instagram.com/hippiefishbali/,,,,,,,
home-by-chef-wayan,HOME by Chef Wayan,canggu,https://bychefwayan.com/,https://www.instagram.com/home.by.chefwayan/,,,,,,,
home-cafe-mengwi,HOME Cafe MENGWI,canggu,,https://www.instagram.com/homekikicafe/,,,,,,,
honey-kitchen,Honey Kitchen,canggu,,https://www.instagram.com/honeykitchenbali/,,,,,,,
house-of-orange-beauty-canggu-canggu,House of Orange Beauty Canggu,canggu,https://houseoforangebali.com/,https://www.instagram.com/houseoforangebali/,,,,,,,
hungry-bird-coffee,Hungry Bird Coffee Roaster,canggu,https://www.coffeeinsurrection.com/hungry-bird-coffee-roaster.html,https://www.instagram.com/hungrybirdcoffee/,,,,,,,
isla-by-earth-island,ISLA by Earth Island,canggu,https://earth-island.com/pages/islaislabyearthisland,https://www.instagram.com/earth___island/,,,,,,,
jaya-gym-jalan-raya-canggu,Jaya Gym Jalan Raya Canggu,canggu,,https://www.instagram.com/explore/locations/274786509/jaya-gymcanggu/,,,,,,,
jet-black-ginger-canggu-canggu,Jet Black Ginger Canggu,canggu,https://www.jetblackginger.com/pages/appointments,https://www.instagram.com/jet_black_ginger/,,,,,,,
ji-restaurant-bali,Ji Restaurant Bali,canggu,https://jirestaurantbali.com/,https://instagram.com/jirestaurantbali,,,,,,,
jm-taekwondo-bali,JM Taekwondo Bali,canggu,,https://www.instagram.com/rivasjhkim_bali/,,,,,,,
ju-bali,Ju Bali,canggu,https://ju-bali.com/,https://www.instagram.com/ju_bali/,,,,,,,
jungle-padel-canggu-canggu,Jungle Padel Canggu,canggu,https://junglepadel.com/,https://www.instagram.com/junglepadel/,,,,,,,
jungle-padel-canggu-shortcut,Jungle Padel Canggu Shortcut,canggu,https://junglepadel.com/canggu/,https://www.instagram.com/junglepadel/,,,,,,,
kopiten,Kopiten,canggu,,https://www.instagram.com/kopiten_coffee/,,,,,,,
la-brisa-bali,La Brisa Bali,canggu,https://labrisa-bali.com/,https://www.instagram.com/labrisabali/,,,,,,,
lolas-cantina-canggu,Lola’s Cantina Mexicana — Canggu,canggu,https://www.lolasbali.com/,https://www.instagram.com/lolasbali/,,,,,,,
loop-cafe,LOOP cafe,canggu,https://loopbali.com/,https://www.instagram.com/loopcafe.bali/,,,,,,,
luigis-hot-pizza,Luigi’s Hot Pizza,canggu,https://luigishotpizza.com/,https://www.instagram.com/luigishotpizzabali/,,,,,,,
lulu-bistrot,Lulu Bistrot,canggu,https://www.lulubistrot.com/,https://www.instagram.com/lulu.bistrot/,,,,,,,
luna-and-sol-pilates-yoga,Luna & Sol Pilates - Yoga,canggu,https://luna-solpilates.com/,https://www.instagram.com/lunaandsol_bali/,,,,,,,
lyma-beach,Lyma Beach,canggu,https://lymabeach.com/,https://www.instagram.com/lymabeach/,,,,,,,
mavammy,Mavammy,canggu,,https://www.instagram.com/mavammy/,,,,,,,
milk-and-madu-beach-road,Milk & Madu Beach Road,canggu,https://milkandmadu.com/,,,,,,,,
milk-and-madu-berawa,Milk & Madu Berawa,canggu,https://milkandmadu.com/,https://instagram.com/milkandmadu,,,,,,,
milu-by-nook,Milu by Nook,canggu,,https://www.instagram.com/milubynook/,,,,,,,
mission-flow-studio,Mission Flow Studio,canggu,https://missionflowstudio.com/,https://www.instagram.com/missionflowstudio/,,,,,,,
moana-fish-eatery,Moana Fish Eatery,canggu,,https://www.instagram.com/moana.bali/,,,,,,,
momento-daily-resto,Momento Daily Resto,canggu,,https://www.instagram.com/momento.bali/,,,,,,,
motion-cafe,Motion Cafe,canggu,https://www.motionfitnessbali.com/,https://www.instagram.com/motionfitnessfoods/,,,,,,,
nail-lesss-canggu,Nail Lesss Canggu,canggu,,https://www.instagram.com/nail_lesss/,,,,,,,
neighbourhood-food-berawa,Neighbourhood Food Berawa,canggu,https://www.neighbourhoodfood.co/,https://www.instagram.com/neighbourhoodbali/,,,,,,,
neighbourhood-food-seseh,Neighbourhood Food Seseh,canggu,https://www.neighbourhoodfood.co/,https://www.instagram.com/neighbourhoodbali/,,,,,,,
nirvana-life-bali-canggu,Nirvana Life Bali,canggu,https://nirvanalife.com/bali,https://www.instagram.com/nirvanalifebali/,,,,,,,
nirvana-strength-tibubeneng,Nirvana Strength Tibubeneng,canggu,https://nirvanalife.com/bali/,https://www.instagram.com/nirvanalifebali/,,,,,,,
nook-umalas,Nook Umalas,canggu,,https://www.instagram.com/nook_bali/,,,,,,,
nude-berawa,NÜDE Berawa,canggu,https://nude-bali.com/locations/berawa/,https://www.instagram.com/nudebali/,,,,,,,
nuna-bali,Nuna Bali,canggu,,,,,,,,,
obsidian-gym-bali-canggu,Obsidian Gym Bali,canggu,https://obsidian-bali.com,https://www.instagram.com/obsidian.bali/,,,,,,,
only-nails-pererenan,Only Nails Pererenan,canggu,https://onlynailsbali.com/,https://www.instagram.com/onlynailsbali/,,,,,,,
paed-thai-canggu,Paed Thai — Canggu,canggu,http://thewonderspace.com/paedthaicanggu/,https://www.instagram.com/paedthai/,,,,,,,
paradise-padel-bali,Paradise Padel Bali,canggu,,https://www.instagram.com/paradisepadelbali/,,,,,,,
pizza-fabbrica,Pizza Fabbrica,canggu,https://pizzafabbricabali.com/,https://www.instagram.com/pizzafabbricabali/,,,,,,,
porch,Porch,canggu,,https://www.instagram.com/porch.bali/,,,,,,,
poule-de-luxe-bali,Poule de Luxe Bali,canggu,https://www.pouledeluxe.fr/,https://www.instagram.com/pouledeluxebali/,,,,,,,
prana-padel,Prana Padel,canggu,https://app.playtomic.com/tenant/4b52e8ac-646c-4e33-998e-57b0633948f5,,,,,,,,
pranava-yoga,Pranava Yoga,canggu,https://www.matrabali.com/pranava-yoga,https://www.instagram.com/yoga_pranava/,,,,,,,
rite-bali,Rite Bali,canggu,https://ritebali.com/,https://www.instagram.com/rite.bali/,,,,,,,
riviera-bistro-berawa,Riviera Bistro Berawa,canggu,https://rivieragroupbali.com/riviera-bistro/,https://www.instagram.com/rivierabistro.berawa/,,,,,,,
riviera-cafe-cemagi,Riviera Cafe Cemagi,canggu,https://rivieragroupbali.com/riviera-cafe/,https://www.instagram.com/rivieracafe.cemagi/,,,,,,,
riviera-trattoria-pererenan,Riviera Trattoria Pererenan,canggu,https://rivieragroupbali.com/riviera-trattoria/,https://www.instagram.com/riviera.pererenan/,,,,,,,
rize-cafe,Rize Cafe,canggu,https://rize-bali.com/,https://www.instagram.com/rize.bali/,,,,,,,
s2s-crossfit,S2S Crossfit,canggu,https://s2scrossfit.com/,https://www.instagram.com/s2scrossfit_bali/,,,,,,,
samadi-bali,Samadi Bali,canggu,https://samadibali.com/,https://www.instagram.com/samadiyogacanggu/,,,,,,,
saya-club,Saya Club,canggu,https://sayaclub.com/,,,,,,,,
seabird-bistro-and-coworking-canggu-by-wonderspace,Seabird Bistro & Coworking Canggu by Wonderspace,canggu,https://thewonderspace.com/seabirdcanggu/,,,,,,,,
secret-spot-bali,Secret Spot,canggu,https://www.instagram.com/secretspot.bali/,https://www.instagram.com/secretspot.bali/,,,,,,,
sensorium-bali,Sensorium Bali,canggu,https://sensoriumbali.co.id/,https://www.instagram.com/sensorium_bali/,,,,,,,
serenity-eco-guesthouse-yoga-canggu,Serenity Eco Guesthouse & Yoga,canggu,https://www.serenitybali.com/,https://www.instagram.com/serenitybali/,,,,,,,
seseh-general-store,Seseh General Store,canggu,https://www.sesehgeneralstore.com/,https://www.instagram.com/sesehgeneralstore/,,,,,,,
shelter-restaurant,Shelter Restaurant,canggu,https://www.shelterbali.com/,https://www.instagram.com/shelter.pererenan/,,,,,,,
shichirin-japanese-restaurant-canggu,Shichirin Japanese Restaurant — Canggu,canggu,http://thewonderspace.com/shichirincanggu/,https://www.instagram.com/shichirincanggu/,,,,,,,
skool-kitchen,SKOOL Kitchen,canggu,,https://www.instagram.com/skoolkitchen/,,,,,,,
soma-fight-club-canggu,SOMA Fight Club,canggu,https://somafightclub.com/,https://www.instagram.com/somafightclub/,,,,,,,
spring-spa-canggu,Spring Spa Canggu,canggu,https://springspa.com/,,,,,,,,
surya-fitness-gym,Surya Fitness Gym,canggu,https://www.suryagymbali.com/,https://www.instagram.com/suryagymbali/,,,,,,,
sushimi-bali,Sushimi Bali,canggu,http://www.sushimibali.com/,https://www.instagram.com/sushimibali/,,,,,,,
swarna-spa-and-wellness,Swarna Spa and Wellness,canggu,https://swarnaspa.com/,https://www.instagram.com/swarnaspaandwellness/,,,,,,,
the-avocado-factory,The Avocado Factory,canggu,https://theavocadofactory.com/,https://www.instagram.com/theavocadofactory/,Jl. Pantai Batu Mejan;  Canggu;  Kuta Utara;  Badung;  Bali 80351;  Indonesia,,,,,,
the-canggu-studio-canggu,The Canggu Studio,canggu,https://thecanggustudio.com/,https://www.instagram.com/thecanggustudio/,,,,,,,
the-free-bird-studio,The Free Bird Studio,canggu,https://thefreebirdstudio.com/,https://www.instagram.com/the_free_bird_studio/,,,,,,,
the-practice-bali-canggu,The Practice Bali,canggu,https://thepracticebali.com/,https://www.instagram.com/thepracticebaliyoga/,,,,,,,
the-slow,The Slow,canggu,,https://www.instagram.com/the.slow/,,,,,,,
therapy-canggu-canggu,Therapy Canggu,canggu,https://therapy.co.id/,https://www.instagram.com/therapy.bali/,,,,,,,
therapy-day-spa-pererenan,Therapy Day Spa Pererenan,canggu,https://therapy.co.id/,https://www.instagram.com/therapy.bali/,,,,,,,
therapy-hair-spa-canggu-canggu,Therapy Hair & Spa Canggu,canggu,https://therapy.co.id/,https://www.instagram.com/therapy.bali,,,,,,,
think-pink-nails-canggu-canggu,Think Pink Nails Canggu,canggu,https://www.thinkpinksalon.com/,https://www.instagram.com/thinkpink.salon/,,,,,,,
tonic-day-spa-botanicals-canggu,Tonic Day Spa & Botanicals,canggu,https://tonic.co.id/,https://www.instagram.com/tonic.bali/,,,,,,,
top-gym,Top Gym,canggu,https://topgym.id/canggu,https://www.instagram.com/topgym.bali/,,,,,,,
touche-cafe-and-restaurant,Touché Cafe & Restaurant,canggu,,https://www.instagram.com/touche.bali/,,,,,,,
tropical-nomad,Tropical Nomad,canggu,https://tropical-nomad-coworking-space.webflow.io/,https://www.instagram.com/tropicalnomadcanggu/,,,,,,,
tugu-tennis-court,Tugu Tennis Court,canggu,,https://www.instagram.com/popular/tugu-tennis-court/,,,,,,,
two-face-canggu,TWO FACE Canggu,canggu,https://www.twofacebali.com/two-face-canggu,https://www.instagram.com/twofacecoffee/,,,,,,,
udara-bali,Udara Bali,canggu,https://www.udara-bali.com/dining/,https://www.instagram.com/udarabali/,,,,,,,
udara-bali-yoga-detox-and-spa-organic-ocean,Udara Bali Yoga Detox & Spa / Organic Ocean,canggu,https://www.udara-bali.com/,https://www.instagram.com/udarabali/,,,,,,,
victory-fitness-club,Victory Fitness Club,canggu,,https://www.instagram.com/victoryfitnessclub/,,,,,,,
wanderlust-fitness-village-canggu,Wanderlust Fitness Village,canggu,https://wanderlustfitnessvillage.com/,https://www.instagram.com/wanderlustfitnessvillage_bali/,,,,,,,
babi-guling-swari,Warung Babi Guling Swari,canggu,,https://www.instagram.com/babigulingswari/,,,,,,,
warung-bu-mi,Warung Bu Mi,canggu,https://warungbumi.shop/,https://instagram.com/warungbumicanggu,,,,,,,
warung-jawa-bu-sri,Warung Jawa Bu Sri,canggu,,https://www.instagram.com/warungjawabusricanggu/,,,,,,,
warung-local,Warung Local,canggu,,https://www.instagram.com/warunglocal/,,,,,,,
warung-nonii,Warung Nonii,canggu,,https://www.instagram.com/waroengnonii/,,,,,,,
warung-sika,Warung Sika,canggu,https://warungsika.biz.id/,https://www.instagram.com/warung_sika/,,,,,,,
warung-varuna,Warung Varuna,canggu,,https://www.instagram.com/warungvaruna/,,,,,,,
warung-yess,Warung Yess,canggu,https://www.warungyess.com/,https://www.instagram.com/warungyess/,,,,,,,
watercress-berawa,Watercress Berawa,canggu,https://watercressbali.com/,https://www.instagram.com/watercressbali/,,,,,,,
wohl-cafe,WOHL Cafe,canggu,,https://www.instagram.com/wohlcafe/,,,,,,,
woods-bali,Woods Bali,canggu,https://woodsbali.com/,https://www.instagram.com/woodsbali/,,,,,,,
workmates-coworking-space-and-cafe,Workmates Coworking Space & Cafe,canggu,https://thewonderspace.com/workmatescanggu/,,,,,,,,
wrong-gym-pererenan,Wrong Gym Pererenan,canggu,https://wronggym.com/,https://www.instagram.com/thewronggym/,,,,,,,
xo-rooftop,XO ROOFTOP,canggu,,https://www.instagram.com/xo.rooftop/,,,,,,,
yuki-canggu,YUKI Canggu,canggu,https://www.yuki-bali.com/canggu,https://www.instagram.com/yukibali_/,,,,,,,
zin-cafe-canggu,ZIN Cafe Canggu,canggu,https://zin.world/zin-cafe/,https://www.instagram.com/zin_cafe/,,,,,,,
alchemy,Alchemy,ubud,https://www.alchemybali.com/,https://www.instagram.com/alchemybali/,,,,,,,
alchemy-yoga-meditation-center,Alchemy Yoga & Meditation Center,ubud,https://www.alchemyyogacenter.com/,https://www.instagram.com/alchemyyogaubud/,Jl. Penestanan Kelod No. 75;  Penestanan;  Ubud;  Gianyar 80571,,,,,,
alchemy-yoga-and-meditation-center-ubud,Alchemy Yoga and Meditation Center,ubud,https://alchemyyogacenter.com/,https://www.instagram.com/alchemyyogaubud/,,,,,,,
ankhusa-restaurant-ubud-by-wonderspace,Ankhusa Restaurant Ubud by Wonderspace,ubud,http://thewonderspace.com/ankhusabali/,https://www.instagram.com/ankhusabali/,,,,,,,
aperitif-restaurant,Apéritif Restaurant,ubud,https://www.aperitif.com/,https://www.instagram.com/aperitifbali/,Br. Nagi;  Jl. Lanyahan;  Petulu;  Kecamatan Ubud;  Kabupaten Gianyar;  Bali 80571;  Indonesia,,,,,,
bali-bohemia,Bali Bohemia,ubud,https://balibohemia.com/restaurant,https://www.instagram.com/rotibohemia/,,,,,,,
bali-botanica-spa,Bali Botanica by Oneworld Ayurveda,ubud,https://balibotanica.com/,https://www.instagram.com/balibotanicadayspa/,Jl. Raya Sanggingan;  Kedewatan;  Ubud,,,,,,
bebek-bengil,Bebek Bengil,ubud,https://www.bebekbengil.co.id/en,https://www.instagram.com/bebekbengilrestaurant/,,,,,,,
big-dragon-villas-ubud,Big Dragon Villas Ubud,ubud,https://bigdragonvillasubud.com/,https://www.instagram.com/bigdragonvillasubud/,,,,,,,
brie-restaurant-and-cheesery,Brie Restaurant & Cheesery,ubud,https://brie.chaika.team/,https://www.instagram.com/brie.bali/,,,,,,,
cantika-zest,Cantika Zest,ubud,http://www.cantikazestbali.com/,https://www.instagram.com/cantikazestspa/,Jl. Raya Katik Lantang;  Penestanan Kelod;  Ubud,,,,,,
cantina-classe-ubud,Cantina Classe — Ubud,ubud,https://thewonderspace.com/cantinaubud/,https://www.instagram.com/cantinaclasse/,,,,,,,
casa-luna,Casa Luna,ubud,https://casalunabali.com/,https://www.instagram.com/casalunabali/,,,,,,,
cascades,CasCades,ubud,https://www.cascadesbali.com/,https://www.instagram.com/cascadesbali/,,,,,,,
chupacabras,Chupacabras,ubud,https://www.chupacabrasbali.com/,https://www.instagram.com/chupacabrasbali/,,,,,,,
coco-nails-ubud,Coco Nails Ubud,ubud,,,,,,,,,
como-shambhala-at-como-uma-ubud-yoga-ubud,COMO Shambhala at COMO Uma Ubud Yoga,ubud,https://www.comohotels.com/bali/como-uma-ubud,https://www.instagram.com/comoumaubud/,,,,,,,
dala-spa-at-alaya-resort-ubud,DaLa Spa at Alaya Resort Ubud,ubud,https://www.alayaresort.com/ubud/spa/,https://www.instagram.com/dalaspa/,,,,,,,
dala-spa-beauty-at-alaya-ubud-ubud,DaLa Spa Beauty at Alaya Ubud,ubud,https://alayahotels.com/alayaresortubud/dala-spa/,https://www.instagram.com/dalaspa/,,,,,,,
fair-warung-bale,Fair Warung Balé,ubud,https://fairwarungbale.shop/,https://www.instagram.com/fairwarungbaleubud/,,,,,,,
gelato-secrets-ubud,Gelato Secrets Ubud,ubud,https://gelatosecrets.com/,https://www.instagram.com/gelatosecrets/,,,,,,,
habitat-bistro,Habitat Bistro,ubud,http://thewonderspace.com/habitatbistroubud/,https://www.instagram.com/habitatbistroubud/,,,,,,,
heart-space-bali,Heart Space Bali,ubud,https://www.heartspacebali.com/,https://www.instagram.com/heartspace.bali/,Jl. Nyuh Kuning No. 1;  MAS;  Ubud;  Gianyar 80571,,,,,,
intuitive-flow,Intuitive Flow,ubud,https://intuitiveflow.com/,https://www.instagram.com/intuitive_flow_yogastudio/,,,,,,,
jaens-spa,Jaens Spa,ubud,https://jaensspa.com/,https://www.instagram.com/jaensspa/,Jl. Raya Pengosekan;  Ubud (multiple outlets near Monkey Forest),,,,,,
jaens-spa-ubud-ubud,Jaens Spa Ubud,ubud,https://jaensspa.com/,https://www.instagram.com/jaensspatriloka/,,,,,,,
karsa-spa,Karsa Spa,ubud,https://karsaspa.com/,https://www.instagram.com/karsaspa/,,,,,,,
kojin-teppanyaki-restaurant-ubud-by-wonderspace,Kojin Teppanyaki Restaurant Ubud by Wonderspace,ubud,http://thewonderspace.com/kojinbali/,https://www.instagram.com/kojinbali/,,,,,,,
kush-ayurveda-yoga-barn,KUSH Ayurvedic Rejuvenation Spa at The Yoga Barn,ubud,https://theyogabarn.com/,,Jl. Sukma / Pengosekan;  at The Yoga Barn;  Ubud,,,,,,
la-portal-to-shamballah,La Portal to Shamballah,ubud,https://www.laportaltoshamballah.com/,https://www.instagram.com/laportal.shamballah.ubud/,,,,,,,
laka-leke,Laka Leke,ubud,https://www.lakaleke.com/,https://www.instagram.com/lakalekerestaurant/,,,,,,,
locavore-nxt,Locavore NXT,ubud,https://locavorenxt.com/,https://www.instagram.com/locavorenxt/,Jl. A.A. Gede Rai;  Gang Pura Panti Bija;  Lodtunduh;  Ubud;  Gianyar;  Bali 80571;  Indonesia,,,,,,
mamu-ubud-cafe-shisha-hookah,MAMU Ubud Cafe Shisha Hookah,ubud,,https://www.instagram.com/mamu_bali/,,,,,,,
mandapa-spa-ubud,Mandapa Spa,ubud,https://www.ritzcarlton.com/en/hotels/dpsub-mandapa-a-ritz-carlton-reserve/overview/,,,,,,,,
mango-tree-spa-loccitane,Mango Tree Spa by L'OCCITANE,ubud,https://www.mangotreespabali.com/,,,,,,,,
maya-ubud-spa-ubud,Maya Ubud Spa & Wellness,ubud,http://mayaresorts.com/ubud/,https://www.instagram.com/mayaubud,,,,,,,
melting-wok-warung,Melting Wok Warung,ubud,https://www.instagram.com/melting_wok_warung/,https://www.instagram.com/melting_wok_warung/,,,,,,,
milk-and-madu-ubud,Milk & Madu Ubud,ubud,https://milkandmadu.com/location/,https://www.instagram.com/milkandmadu/,Jl. Suweta No.3;  Ubud;  Gianyar;  Bali 80571;  Indonesia,,,,,,
mozaic,Mozaic,ubud,https://www.mozaic-bali.com/,https://www.instagram.com/mozaicrestaurantubud/,Jl. Raya Sanggingan;  Kedewatan;  Ubud;  Gianyar;  Bali 80571;  Indonesia,,,,,,
nasi-ayam-kedewatan-ibu-mangku,Nasi Ayam Kedewatan Ibu Mangku — Outlet Pusat Ubud,ubud,,https://www.instagram.com/nasiayamkedewatan/,Jl. Raya Kedewatan No.18;  Kedewatan;  Ubud;  Gianyar;  Bali;  Indonesia,,,,,,
norii-japanese-restaurant-ubud,Norii Japanese Restaurant — Ubud,ubud,http://thewonderspace.com/noriiubud/,https://www.instagram.com/noriibali/,,,,,,,
oneworld-ayurveda,Oneworld Ayurveda,ubud,https://oneworldayurveda.com/ubud/,https://www.instagram.com/oneworldayurveda/,,,,,,,
onion-collective,Onion Collective,ubud,https://theonionco.com/,https://www.instagram.com/theonionco/,,,,,,,
putri-bali-spa,Putri Bali Spa,ubud,https://www.putribalispa.com/,https://www.instagram.com/putribali_spa/,Jl. Raya Sanggingan;  Ubud,,,,,,
pyramids-of-chi,Pyramids of Chi,ubud,https://ubud.pyramidsofchi.com/,https://www.instagram.com/pyramidsofchi/,Jl. Kelebang Moding;  Bentuyung Sari;  Ubud;  Gianyar 80571,,,,,,
radiantly-alive,Radiantly Alive,ubud,https://www.radiantlyalive.com/,https://www.instagram.com/radiantlyaliveyoga/,Jl. Jembawan No. 3;  Ubud;  Gianyar 80571,,,,,,
room4dessert,Room4Dessert,ubud,https://www.room4dessert.com/,https://www.instagram.com/r4d_room4dessert/,Jl. Raya Sanggingan;  Kedewatan;  Ubud;  Gianyar;  Bali 80561;  Indonesia,,,,,,
sacred-river-spa-at-four-seasons-sayan-ubud,Sacred River Spa at Four Seasons Sayan,ubud,https://www.fourseasons.com/sayan/spa/,,,,,,,,
sang-spa,Sang Spa & Yoga,ubud,https://sangspa.com/,https://www.instagram.com/sangspaubud/,Jl. Jembawan No. 13B;  Padang Tegal;  Ubud (with a second Pengosekan outlet),,,,,,
sawobali,Sawobali,ubud,,https://www.instagram.com/sawobali/,,,,,,,
sayuri-healing-food,Sayuri Healing Food,ubud,https://sayurihealingfood.com/,https://www.instagram.com/sayuri_healing_food/,,,,,,,
seniman-coffee-studio,Seniman Coffee Studio,ubud,https://www.senimancoffee.com/seniman-ubud/,https://www.instagram.com/senimancoffee/,,,,,,,
seven-paintings-ubud-restaurant,Seven Paintings Ubud Restaurant,ubud,http://sevenpaintingsubud.com/,,,,,,,,
shichirin-japanese-restaurant-ubud,Shichirin Japanese Restaurant — Ubud,ubud,http://thewonderspace.com/shichirinubud/,https://www.instagram.com/shichirincanggu/,,,,,,,
spring-spa-ubud,Spring Spa Ubud,ubud,https://www.springspa.com/locations/bali/ubud,,,,,,,,
svaha-spa,Svaha Spa,ubud,https://svahaspa.com/,https://www.instagram.com/svaha.spa/,Jl. Bisma;  Ubud (plus Teges;  Kenderan and other Ubud outlets),,,,,,
svaha-spa-beauty-ubud-ubud,Svaha Spa Beauty Ubud,ubud,https://svahawellness.com/,,,,,,,,
svaha-spa-bisma-ubud,Svaha Spa Bisma,ubud,https://svahawellness.com/,https://www.instagram.com/svahaspabisma/,,,,,,,
taksu-spa-ubud,Taksu Spa,ubud,https://taksu.org/,https://www.instagram.com/taksuwellnesscenter/,,,,,,,
taksu-spa-beauty-ubud,Taksu Spa Beauty,ubud,https://taksu.org/,https://www.instagram.com/taksuwellnesscenter/,,,,,,,
taksu-yoga,Taksu Yoga,ubud,https://taksu.org/contact/,https://www.instagram.com/taksuwellnesscenter/,,,,,,,
taksu-yoga-ubud,Taksu Yoga & Wellness Center,ubud,https://taksu.org/,https://www.instagram.com/taksuwellnesscenter/,Jl. Goutama Selatan;  Ubud;  Gianyar 80571,,,,,,
the-jungle-club-ubud-by-wonderspace,The Jungle Club Ubud by Wonderspace,ubud,http://jungleclububud.com/,https://www.instagram.com/jungleclububud/,,,,,,,
the-shala-bali,The Shala Bali,ubud,https://www.theshalabali.com/,https://www.instagram.com/theshalabali/,Jl. Sanggingan No. 90;  Penestanan Kaja;  Ubud;  Gianyar 80571,,,,,,
the-yoga-barn,The Yoga Barn,ubud,https://www.theyogabarn.com/,https://www.instagram.com/theyogabarn/,Jl. Raya Pengosekan;  Padang Tegal;  Ubud;  Gianyar 80571,,,,,,
titi-batu-ubud-club-ubud,Titi Batu Ubud Club,ubud,https://titibatu.com/,https://www.instagram.com/titi_batu,,,,,,,
tukies-coconut-shop,Tukies Coconut Shop,ubud,https://www.facebook.com/tukies.online/,https://www.instagram.com/tukiescoconutshop/,,,,,,,
ubud-beauty-salon,Ubud Beauty Salon,ubud,,,,,,,,,
ubud-fitness-center,Ubud Fitness Center,ubud,https://www.ubudfitnesscentre.com/,https://www.instagram.com/ubud_fitness/,,,,,,,
ubud-gym,Ubud Gym,ubud,,,,,,,,,
ubud-pilates,Ubud Pilates,ubud,https://ubudpilates.com/,https://www.instagram.com/ubudpilates,,,,,,,
ubud-sari-health-resort,Ubud Sari Health Resort,ubud,https://ubudsari.com/,https://www.instagram.com/ubudsari/,,,,,,,
ubud-traditional-spa,Ubud Traditional Spa,ubud,https://ubudtraditionalspa.com/,https://www.instagram.com/ubud.traditionalspa/,,,,,,,
ubud-yoga-centre,Ubud Yoga Centre,ubud,https://ubudyogacentre.com/,https://www.instagram.com/ubudyogacentre/,Jl. Raya Singakerta No. 108;  Nyuh Kuning;  Ubud;  Gianyar 80571,,,,,,
ubud-yoga-house,Ubud Yoga House,ubud,https://ubudyogahouse.com/,https://www.instagram.com/ubudyogahouse/,Jl. Subak Sokwayah;  Ubud;  Gianyar 80571,,,,,,
manga-madu,Warung Mangga Madu,ubud,https://warungmanggamadu.shop/,https://www.instagram.com/warungmanggamadu/,,,,,,,
warung-mendez,Warung Mendez,ubud,,https://www.instagram.com/warung.mendez/,,,,,,,
warung-siam,Warung Siam,ubud,,https://www.instagram.com/warungsiam/,,,,,,,
watercress-ubud,Watercress Ubud,ubud,https://watercressbali.com/,https://www.instagram.com/watercressbali/,Jl. Monkey Forest;  Ubud;  Gianyar;  Bali 80571;  Indonesia,,,,,,
whos-who,Who's Who,ubud,,https://www.instagram.com/whoswhobali/,,,,,,,
wulan-vegetarian-warung,Wulan Vegetarian Warung,ubud,,https://www.instagram.com/wulanveg/,,,,,,,
zest-ubud,Zest Ubud,ubud,https://www.zestubud.com/,https://www.instagram.com/zestubud/,Jl. Penestanan No.7;  Sayan;  Ubud;  Gianyar 80571,,,,,,
zuna-yoga-ubud,Zuna Yoga,ubud,https://zunayoga.com/,https://www.instagram.com/zunayoga/,,,,,,,
360-move-uluwatu,360 Move Uluwatu,uluwatu-bukit,https://360moveuluwatu.com/,https://www.instagram.com/360move_uluwatu/,,,,,,,
alchemy-uluwatu,Alchemy Uluwatu,uluwatu-bukit,https://www.alchemybali.com/uluwatu,https://www.instagram.com/alchemybali/,,,,,,,
alchemy-yoga-and-meditation-center-uluwatu,Alchemy Yoga & Meditation Center Uluwatu,uluwatu-bukit,https://www.alchemyyogacenter.com/uluwatu-aymc-schedule,https://www.instagram.com/alchemyyogauluwatu/,,,,,,,
ami-studio,Ami Studio,uluwatu-bukit,https://classpass.com/studios/ami-studio-bali,https://www.instagram.com/amipilatesuluwatu/,,,,,,,
ants-pants-uluwatu,Ants Pants Uluwatu,uluwatu-bukit,https://antspantsbali.com/,https://www.instagram.com/antspants.uluwatu/,,,,,,,
artisan-uluwatu,Artisan - Uluwatu,uluwatu-bukit,,https://www.instagram.com/artisan.bali/,,,,,,,
babi-guling-bali-ayu-pecatu,Babi Guling Bali Ayu,uluwatu-bukit,,,,,,,,,
balumba-surf-school-uluwatu,Balumba Surf School,uluwatu-bukit,,,,,,,,,
bambu-fitness-bali,Bambu Fitness Bali,uluwatu-bukit,https://bambufitnessbali.com/,https://www.instagram.com/bambufitnessbali/,,,,,,,
bambu-pilates,Bambu Pilates,uluwatu-bukit,https://bambufitnessbali.com/,,,,,,,,
bgs-uluwatu,BGS Uluwatu,uluwatu-bukit,https://bgsbali.com/store/bgs-uluwatu/,https://www.instagram.com/bgsbali/,,,,,,,
bluvana-reformer-studio,Bluvana Reformer Studio,uluwatu-bukit,https://classpass.com/studios/bluvana-reformer-studio-bali,,,,,,,,
dbuchu-bingin,D'Buchu,uluwatu-bukit,,https://www.instagram.com/d_buchuu/,,,,,,,
d-nailbar-spa-uluwatu,D'Nailbar Spa Uluwatu,uluwatu-bukit,http://dnailbar.com/,https://www.instagram.com/dnailbar_uluwatu/,,,,,,,
dewas-landing-cafe,Dewas Landing Cafe,uluwatu-bukit,,https://www.instagram.com/dewaslanding.cafe/,,,,,,,
dorsey-s-barber-shop-uluwatu,Dorsey's Barber Shop Uluwatu,uluwatu-bukit,,https://www.instagram.com/dorseysbarbershop/,,,,,,,
drifter-surf-cafe,Drifter Surf Shop & Cafe,uluwatu-bukit,https://driftersurf.com/pages/cafe,https://www.instagram.com/driftersurfshop/,,,,,,,
gooseberry-french-restaurant-uluwatu,Gooseberry French Restaurant | Uluwatu,uluwatu-bukit,https://www.gooseberry-restaurant.com/,https://www.instagram.com/gooseberry_restaurant/,,,,,,,
island-grooming-barbershop,Island Grooming Barbershop,uluwatu-bukit,,https://www.instagram.com/ulu.islandgrooming/,,,,,,,
kala-uluwatu,KALA Uluwatu,uluwatu-bukit,https://kalauluwatu.com/,https://www.instagram.com/kala.uluwatu/,,,,,,,
karma-spa-at-karma-kandara,Karma Spa at Karma Kandara,uluwatu-bukit,https://karmagroup.com/resort/karma-kandara-bali/,,,,,,,,
la-tribu,La Tribu,uluwatu-bukit,https://classpass.com/studios/la-tribu-uluwatu,,,,,,,,
la-tribu-bali,La Tribu Bali,uluwatu-bukit,https://latribubali.id/,https://www.instagram.com/latribubali/,,,,,,,
laggas-uluwatu,Laggas Uluwatu,uluwatu-bukit,,https://www.instagram.com/laggasbali/,,,,,,,
lemanja-uluwatu,Lemanjá Uluwatu,uluwatu-bukit,https://www.lemanjabali.com/,https://www.instagram.com/lemanjabali/,,,,,,,
lolas-cantina-uluwatu,Lola’s Cantina Mexicana — Uluwatu,uluwatu-bukit,https://www.lolasbali.com/,https://www.instagram.com/lolasbali/,Jl. Labuansait No.10;  Pecatu;  Kuta Selatan;  Badung;  Bali 80361;  Indonesia,,,,,,
made-s-bakery-cafe-playground,Made’s Bakery Cafe Playground,uluwatu-bukit,,https://www.instagram.com/mades_bakery_/,,,,,,,
mana-uluwatu,Mana Uluwatu,uluwatu-bukit,https://uluwatusurfvillas.com/restaurant/,https://www.instagram.com/manauluwatu/,,,,,,,
mantra-wellness,Mantra Wellness,uluwatu-bukit,https://classpass.com/studios/mantra-wellness-bali,,,,,,,,
masonry-restaurant,MASONRY Restaurant,uluwatu-bukit,https://masonrybali.com/uluwatu,https://www.instagram.com/masonry.bali/,,,,,,,
milk-and-madu-uluwatu,Milk & Madu Uluwatu,uluwatu-bukit,https://milkandmadu.com/location/,https://www.instagram.com/milkandmadu/,Jalan Labuan Sait;  Banjar Dinas Labuan Sait;  Pecatu;  Kuta Selatan;  Badung;  Bali 80361;  Indonesia,,,,,,
morning-light-yoga,Morning Light Yoga,uluwatu-bukit,https://uluwatusurfvillas.com/yoga/,,,,,,,,
morning-light-yoga-studio,Morning Light Yoga Studio,uluwatu-bukit,https://uluwatusurfvillas.com/yoga/,https://www.instagram.com/morninglightyoga/,,,,,,,
naya-uluwatu,NAYA Uluwatu,uluwatu-bukit,https://momence.com/u/studio-naya,https://www.instagram.com/nayapilatesbali/,,,,,,,
ours-spa-boutique,Ours Spa & Boutique,uluwatu-bukit,https://oursspabali.com/,https://www.instagram.com/ourspabali/,,,,,,,
padang-padang-surf-camp-uluwatu,Padang Padang Surf Camp,uluwatu-bukit,,,,,,,,,
pak-gula,PAK GULA,uluwatu-bukit,,https://www.instagram.com/pak.g.bingin/,,,,,,,
papi-sapi,Papi Sapi,uluwatu-bukit,https://papisapi.com/,https://www.instagram.com/papisapi_/,,,,,,,
piccolina,Piccolina,uluwatu-bukit,https://piccolinabali.com/,https://www.instagram.com/piccolina.bali/,,,,,,,
poggy-bali-surf-school-uluwatu,Poggy Bali Surf School,uluwatu-bukit,,,,,,,,,
raw-gym-uluwatu,Raw Gym Uluwatu,uluwatu-bukit,https://rawuluwatu.com/,https://www.instagram.com/raw_uluwatu/,,,,,,,
reform-pilates-bali,Reform Pilates Bali,uluwatu-bukit,https://www.reformpilatesbali.com/,https://www.instagram.com/reformpilatesbali/,,,,,,,
reform-pilates-bingin,Reform Pilates Bingin,uluwatu-bukit,https://classpass.com/studios/reform-pilates-bingin-bali,,,,,,,,
reform-uluwatu,Reform+ Uluwatu,uluwatu-bukit,https://www.reformpilatesbali.com/reformplus,https://www.instagram.com/reformpilatesbali/,,,,,,,
rockfish-cliffside,Rockfish Cliffside,uluwatu-bukit,https://rockfish-cliffside.com/,https://www.instagram.com/rockfish_cliffside/,Br. Dinas Karang Boma;  Jl. Batu Bolong;  Pecatu;  Kuta Selatan;  Badung;  Bali;  Indonesia,,,,,,
rose-petal,Rose Petal,uluwatu-bukit,https://rosepetalbali.com/,,,,,,,,
rotisserie-by-cashew-tree,Rotisserie by Cashew Tree,uluwatu-bukit,,https://www.instagram.com/rotisserie.cashewtree/,,,,,,,
single-fin,Single Fin,uluwatu-bukit,https://www.singlefinbali.com/,https://www.instagram.com/singlefinbali/,,,,,,,
six-senses-spa-uluwatu,Six Senses Spa Uluwatu,uluwatu-bukit,https://www.sixsenses.com/en/hotels-resorts/asia-the-pacific/indonesia/uluwatu-bali/wellness-spa/,,,,,,,,
snowcat-bali-ussr-cuisine,Snowcat Bali USSR Cuisine,uluwatu-bukit,,https://www.instagram.com/snowcatbali/,,,,,,,
son-of-a-baker,Son of A Baker,uluwatu-bukit,,https://www.instagram.com/sonofabaker.bali/,,,,,,,
spa-at-mu,Spa at Mu,uluwatu-bukit,https://mu-bali.com/,,,,,,,,
spring-spa-uluwatu,Spring Spa Uluwatu,uluwatu-bukit,https://www.springspa.com/locations/bali/uluwatu,,,,,,,,
studio-fondue,Studio Fondue,uluwatu-bukit,https://studio-fondue.com/,https://www.instagram.com/studio.fondue/,,,,,,,
suka-espresso,Suka Espresso,uluwatu-bukit,https://www.bysuka.com/suka-uluwatu,https://www.instagram.com/sukaespresso/,,,,,,,
sundays-beach-club,Sundays Beach Club,uluwatu-bukit,https://www.sundaysbeachclub.com/,https://www.instagram.com/sundaysbeachclub/,,,,,,,
supreme-indian-restaurant,Supreme Indian Restaurant,uluwatu-bukit,https://supremebali.com/,https://www.instagram.com/supreme_balirestaurant/,,,,,,,
svaha-spa-bingin,Svaha Spa Bingin,uluwatu-bukit,https://svahaspa.com/bingin,https://www.instagram.com/svahaspa/,,,,,,,
the-asa-maia,The Asa Maia,uluwatu-bukit,https://www.theasamaia.com/,https://www.instagram.com/theasamaia/,,,,,,,
the-bvlgari-spa,The Bvlgari Spa,uluwatu-bukit,https://www.bulgarihotels.com/en_US/bali/spa-and-fitness/the-spa,,,,,,,,
the-space-bali,The Space Bali,uluwatu-bukit,https://thespacebali.org/,https://www.instagram.com/thespacebali.bingin/,,,,,,,
the-temple-lodge,The Temple Lodge,uluwatu-bukit,https://www.thetemplelodge.com/,https://www.instagram.com/thetemplelodge/,,,,,,,
the-warung-at-alila-villas-uluwatu,The Warung at Alila Villas Uluwatu,uluwatu-bukit,https://www.alilahotels.com/uluwatu/dining/the-warung/,,,,,,,,
the-yoga-rescue,The Yoga Rescue,uluwatu-bukit,https://theyogarescue.com/,https://www.instagram.com/theyogarescue/,,,,,,,
tropical-temptation-adult-only-beach-club,Tropical Temptation - Adult Only Beach Club,uluwatu-bukit,https://ttbeach.club/,https://www.instagram.com/tropicaltemptation/,,,,,,,
ula-cafe,Ula Cafe,uluwatu-bukit,http://ulabali.com/,https://www.instagram.com/ula_bali/,,,,,,,
ulu-active-recovery,ULU Active & Recovery,uluwatu-bukit,https://ulutribe.com/ulu-active/,https://www.instagram.com/ulu.active/,,,,,,,
ulu-artisan-ungasan,ULU ARTISAN — Ungasan,uluwatu-bukit,,https://www.instagram.com/artisan.bali/,,,,,,,
ulu-garden,Ulu Garden,uluwatu-bukit,https://ulutribe.com/ulu-garden/,https://www.instagram.com/ulu.garden/,,,,,,,
ulu-yoga-bali,ULU Yoga Bali,uluwatu-bukit,https://uluyoga.com/,https://www.instagram.com/uluyogabali/,,,,,,,
uluwatu-collective,Uluwatu Collective,uluwatu-bukit,https://classpass.com/studios/uluwatu-collective-bali,,,,,,,,
vela-spa,Vela Spa,uluwatu-bukit,https://theungasan.com/wellness-retreat-bali,,,,,,,,
waatu,WAATU,uluwatu-bukit,https://waatu.com/,https://www.instagram.com/waatu.bali/,,,,,,,
warung-bu-jonny-uluwatu,Warung Bu Jonny (Cak Man),uluwatu-bukit,,,,,,,,,
warung-local-pecatu,Warung Local,uluwatu-bukit,,https://www.instagram.com/warunglocal/,,,,,,,
warung-ubay-ungasan,Warung Ubay,uluwatu-bukit,,https://www.instagram.com/warung_ubay/,,,,,,,
white-rock-beach-club,White Rock Beach Club,uluwatu-bukit,https://whiterockbali.com/,https://www.instagram.com/whiterockbeachclub/,,,,,,,
white-water-bingin,White Water — Bingin,uluwatu-bukit,,https://www.instagram.com/whitewater.bali/,,,,,,,
yeyes-warung-uluwatu,Yeye's Warung,uluwatu-bukit,,https://www.instagram.com/warung_yeyes/,,,,,,,
yinside-yoga,YinSide Yoga,uluwatu-bukit,https://yinsideyogabali.com/,https://www.instagram.com/yinside.yoga/,,,,,,,
yoga-the-istana,Yoga @ The Istana,uluwatu-bukit,https://theistana.com/,https://www.instagram.com/the_istana/,,,,,,,
yoga-searcher-bali,Yoga Searcher Bali,uluwatu-bukit,https://yogasearcher-bali.com/,https://www.instagram.com/yogasearcherbali/,,,,,,,
yuki-uluwatu,YUKI Uluwatu,uluwatu-bukit,https://www.yuki-bali.com/uluwatu,https://www.instagram.com/yukibali_/,,,,,,,
zando-fight-camp-uluwatu,Zando Fight Camp Uluwatu,uluwatu-bukit,,https://www.instagram.com/zando_fight_camp/,,,,,,,
