url,reason,area,query
https://www.baliholidaysecrets.com/best-spas-in-ubud/,"listicle/editorial page, not a venue",Ubud,spa Ubud Bali
https://www.reddit.com/r/bali/comments/1drriby/massages_in_ubud_recommendations/,directory/forum/OTA — discovery source only,Ubud,massage Ubud Bali
https://www.facebook.com/groups/267947657089568/posts/1938857503331900/,directory/forum/OTA — discovery source only,Ubud,balinese massage Ubud Bali price
https://www.reddit.com/r/bali/comments/1btmmpm/massages_how_much_are_they_now_any_data_points/,directory/forum/OTA — discovery source only,Ubud,balinese massage Ubud Bali price
https://thehoneycombers.com/bali/best-budget-spas-bali-affordable-massages/,directory/forum/OTA — discovery source only,Ubud,balinese massage Ubud Bali price
https://www.facebook.com/groups/744836372332200/posts/2978516815630800/,directory/forum/OTA — discovery source only,Ubud,day spa Ubud Bali treatments
https://www.facebook.com/groups/3190146501261212/posts/4319505068325344/,directory/forum/OTA — discovery source only,Ubud,reflexology Ubud Bali
https://www.youtube.com/watch?v=hkHxMGBTFUs,directory/forum/OTA — discovery source only,Ubud,reflexology Ubud Bali
https://www.ubudbeautycentre.com/blogs/foot-reflexology-ubud/,"listicle/editorial page, not a venue",Ubud,reflexology Ubud Bali
https://sandinourhands.com/top-4-spa-in-canggu/,"listicle/editorial page, not a venue",Canggu,spa Canggu Bali
https://www.mstravelsolo.com/best-spas-canggu-bali/,"listicle/editorial page, not a venue",Canggu,spa Canggu Bali
https://baliuntold.com/things-to-do/best-spas/,"listicle/editorial page, not a venue",Canggu,spa Canggu Bali
https://www.reddit.com/r/bali/comments/1kq93k7/cheap_canggu_massage_place_no_thrills_just_good/,directory/forum/OTA — discovery source only,Canggu,massage Canggu Bali
https://www.facebook.com/groups/744836372332200/posts/2418607344955086/,directory/forum/OTA — discovery source only,Canggu,massage Canggu Bali
https://www.facebook.com/groups/320565601480240/posts/2684876295049147/,directory/forum/OTA — discovery source only,Canggu,balinese massage Canggu Bali price
https://www.facebook.com/groups/267947657089568/posts/1636983646852622/,directory/forum/OTA — discovery source only,Canggu,day spa Canggu Bali treatments
https://www.escape.com.au/destinations/asia/bali/best-spa-and-wellness-experiences-in-bali/news-story/03165a37304451f898632da79b9cbed1,"listicle/editorial page, not a venue",Canggu,day spa Canggu Bali treatments
https://www.glospabali.com/balis-best-massage-and-reflexology-for-deep-full-body-relaxation/,"listicle/editorial page, not a venue",Canggu,reflexology Canggu Bali
https://www.facebook.com/groups/744836372332200/posts/3193795354102944/,directory/forum/OTA — discovery source only,Canggu,reflexology Canggu Bali
https://www.facebook.com/groups/560293789358691/posts/980745707313495/,directory/forum/OTA — discovery source only,Berawa,balinese massage Berawa Bali price
https://www.facebook.com/groups/560293789358691/posts/1086968853357846/,directory/forum/OTA — discovery source only,Berawa,day spa Berawa Bali treatments
https://thehoneycombers.com/bali/best-spas-in-canggu-bali-massage-facial-mani/,directory/forum/OTA — discovery source only,Berawa,day spa Berawa Bali treatments
https://www.facebook.com/groups/expatsbali/posts/4930037780372398/,directory/forum/OTA — discovery source only,Berawa,reflexology Berawa Bali
https://www.facebook.com/groups/372754083405395/posts/1657916944889096/,directory/forum/OTA — discovery source only,Pererenan,massage Pererenan Bali
https://www.facebook.com/groups/744836372332200/posts/3090456714436809/,directory/forum/OTA — discovery source only,Pererenan,balinese massage Pererenan Bali price
https://www.facebook.com/groups/canggucommunity80351/posts/9099324976800472/,directory/forum/OTA — discovery source only,Pererenan,day spa Pererenan Bali treatments
https://www.facebook.com/groups/1981430082072664/posts/4032605113621807/,directory/forum/OTA — discovery source only,Pererenan,reflexology Pererenan Bali
https://www.facebook.com/groups/267947657089568/posts/1711104939440492/,directory/forum/OTA — discovery source only,Pererenan,reflexology Pererenan Bali
https://www.facebook.com/groups/1981430082072664/posts/4211190402429943/,directory/forum/OTA — discovery source only,Seseh,massage Seseh Bali
https://www.facebook.com/groups/267947657089568/posts/1524721238078864/,directory/forum/OTA — discovery source only,Seseh,balinese massage Seseh Bali price
https://www.quora.com/How-much-does-a-massage-in-Bali-cost,directory/forum/OTA — discovery source only,Seseh,balinese massage Seseh Bali price
https://www.facebook.com/groups/560293789358691/posts/1250378937016836/,directory/forum/OTA — discovery source only,Seseh,day spa Seseh Bali treatments
https://addieabroad.com/best-day-spas-in-seminyak/,"listicle/editorial page, not a venue",Seminyak,spa Seminyak Bali
https://almostlanding-bali.com/the-best-spas-in-seminyak/,"listicle/editorial page, not a venue",Seminyak,spa Seminyak Bali
https://www.mstravelsolo.com/best-spas-in-seminyak-bali/,"listicle/editorial page, not a venue",Seminyak,spa Seminyak Bali
https://barrebody.com.au/blog/5-best-spas-seminyak/,"listicle/editorial page, not a venue",Seminyak,spa Seminyak Bali
https://www.reddit.com/r/bali/comments/1dutp1t/massage_recommendations_in_seminyak/,directory/forum/OTA — discovery source only,Seminyak,massage Seminyak Bali
https://www.facebook.com/groups/744836372332200/posts/3201843456631467/,directory/forum/OTA — discovery source only,Seminyak,massage Seminyak Bali
https://www.facebook.com/groups/267947657089568/posts/1867714763779508/,directory/forum/OTA — discovery source only,Seminyak,balinese massage Seminyak Bali price
https://finnsbeachclub.com/guides/best-affordable-massages-bali/,"listicle/editorial page, not a venue",Seminyak,balinese massage Seminyak Bali price
https://www.facebook.com/groups/267947657089568/posts/1803115026906149/,directory/forum/OTA — discovery source only,Seminyak,day spa Seminyak Bali treatments
https://www.facebook.com/groups/267947657089568/posts/2046208602596789/,directory/forum/OTA — discovery source only,Seminyak,reflexology Seminyak Bali
https://www.baliholidaysecrets.com/best-spas-in-seminyak/,"listicle/editorial page, not a venue",Seminyak,reflexology Seminyak Bali
https://www.facebook.com/groups/expatsbali/posts/7622090294500453/,directory/forum/OTA — discovery source only,Kerobokan,massage Kerobokan Bali
https://www.agoda.com/travel-guides/indonesia/bali/bali-massage-guide-best-spas-for-a-traditional-balinese-massage/,directory/forum/OTA — discovery source only,Kerobokan,balinese massage Kerobokan Bali price
https://www.facebook.com/groups/1981430082072664/posts/4413968198818828/,directory/forum/OTA — discovery source only,Kerobokan,day spa Kerobokan Bali treatments
https://www.facebook.com/groups/expatsbali/posts/7417174191658732/,directory/forum/OTA — discovery source only,Kerobokan,reflexology Kerobokan Bali
https://www.nowbali.co.id/put-feet-4-great-spots-reflexology-bali/,directory/forum/OTA — discovery source only,Kerobokan,reflexology Kerobokan Bali
https://www.facebook.com/groups/1981430082072664/posts/3729260960622892/,directory/forum/OTA — discovery source only,Petitenget,massage Petitenget Bali
https://www.facebook.com/groups/267947657089568/posts/1831304030753915/,directory/forum/OTA — discovery source only,Petitenget,balinese massage Petitenget Bali price
https://www.facebook.com/groups/1981430082072664/posts/4157632381119079/,directory/forum/OTA — discovery source only,Petitenget,day spa Petitenget Bali treatments
https://lhm-hotels.com/en/the-legian-seminyak-bali/spa,directory/forum/OTA — discovery source only,Legian,spa Legian Bali
https://www.facebook.com/groups/744836372332200/posts/3205870856228727/,directory/forum/OTA — discovery source only,Legian,spa Legian Bali
https://www.balifoodandtravel.com/the-5-best-value-legian-spas/,"listicle/editorial page, not a venue",Legian,spa Legian Bali
https://www.facebook.com/groups/267947657089568/posts/1729610360923283/,directory/forum/OTA — discovery source only,Legian,massage Legian Bali
https://www.youtube.com/watch?v=y7IMm_t3gfI,directory/forum/OTA — discovery source only,Legian,massage Legian Bali
https://www.facebook.com/groups/744836372332200/posts/3007483399400808/,directory/forum/OTA — discovery source only,Legian,balinese massage Legian Bali price
https://www.reddit.com/r/bali/comments/1atfkts/best_spa_in_kuta_bali_for_massages_and_body/,directory/forum/OTA — discovery source only,Kuta,spa Kuta Bali
https://www.facebook.com/groups/267947657089568/posts/1938677023349948/,directory/forum/OTA — discovery source only,Kuta,spa Kuta Bali
https://www.reddit.com/r/bali/comments/1dw9tkn/best_place_for_massage_in_kuta_any/,directory/forum/OTA — discovery source only,Kuta,massage Kuta Bali
https://www.youtube.com/watch?v=XmdDRfUJ6x8,directory/forum/OTA — discovery source only,Kuta,massage Kuta Bali
https://www.reddit.com/r/BaliTravelTips/comments/1o3rouq/how_much_should_i_be_paying_for_massages_in_kuta/,directory/forum/OTA — discovery source only,Kuta,balinese massage Kuta Bali price
https://www.facebook.com/groups/560293789358691/posts/952076066847126/,directory/forum/OTA — discovery source only,Kuta,day spa Kuta Bali treatments
https://www.facebook.com/groups/sanur.community/posts/9850431261749245/,directory/forum/OTA — discovery source only,Sanur,spa Sanur Bali
https://www.baliholidaysecrets.com/best-spas-in-sanur/,"listicle/editorial page, not a venue",Sanur,spa Sanur Bali
https://www.facebook.com/groups/744836372332200/posts/3202970043185475/,directory/forum/OTA — discovery source only,Sanur,spa Sanur Bali
https://www.facebook.com/groups/267947657089568/posts/1871217800095871/,directory/forum/OTA — discovery source only,Sanur,massage Sanur Bali
https://www.facebook.com/groups/1854994478112210/posts/4183829385228696/,directory/forum/OTA — discovery source only,Sanur,balinese massage Sanur Bali price
https://thehoneycombers.com/bali/best-spas-in-sanur-massage-mani-pedi/,directory/forum/OTA — discovery source only,Sanur,balinese massage Sanur Bali price
https://www.facebook.com/groups/thingstodoinsanur/posts/1497405541937771/,directory/forum/OTA — discovery source only,Sanur,day spa Sanur Bali treatments
https://themerusanur.com/blog/best-spas-in-sanur-bali/,"listicle/editorial page, not a venue",Sanur,day spa Sanur Bali treatments
https://www.facebook.com/groups/560293789358691/posts/1001807465207319/,directory/forum/OTA — discovery source only,Sanur,reflexology Sanur Bali
https://putubalispahomecare.com/Blog/sanur-things-to-do-recovery-massage,"listicle/editorial page, not a venue",Sanur,reflexology Sanur Bali
https://www.facebook.com/groups/744836372332200/posts/2793153380833812/,directory/forum/OTA — discovery source only,Denpasar,spa Denpasar Bali
https://wanderlog.com/list/geoCategory/170962/best-spas-in-denpasar,"listicle/editorial page, not a venue",Denpasar,spa Denpasar Bali
https://www.airbnb.com/denpasar-indonesia/services/massages,directory/forum/OTA — discovery source only,Denpasar,massage Denpasar Bali
https://www.ame-spa.com/blog/top-massage-spa-in-denpasar-bali-relaxation-reflexology-healing-experience,"listicle/editorial page, not a venue",Denpasar,massage Denpasar Bali
https://www.facebook.com/groups/744836372332200/posts/3122341141248366/,directory/forum/OTA — discovery source only,Denpasar,balinese massage Denpasar Bali price
https://www.reddit.com/r/BaliTravelTips/comments/1pze8vc/massage_options_in_nusa_dua/,directory/forum/OTA — discovery source only,Nusa Dua,massage Nusa Dua Bali
https://www.facebook.com/groups/744836372332200/posts/2971543512994797/,directory/forum/OTA — discovery source only,Nusa Dua,balinese massage Nusa Dua Bali price
https://www.facebook.com/groups/267947657089568/posts/1518339382050383/,directory/forum/OTA — discovery source only,Nusa Dua,day spa Nusa Dua Bali treatments
https://www.facebook.com/groups/744836372332200/posts/3082811675201313/,directory/forum/OTA — discovery source only,Nusa Dua,day spa Nusa Dua Bali treatments
https://finnsbeachclub.com/guides/best-spas-nusa-dua/,"listicle/editorial page, not a venue",Nusa Dua,day spa Nusa Dua Bali treatments
https://www.facebook.com/groups/744836372332200/posts/3220981098051036/,directory/forum/OTA — discovery source only,Benoa,spa Benoa Bali
https://www.facebook.com/groups/744836372332200/posts/3398176380331506/,directory/forum/OTA — discovery source only,Benoa,massage Benoa Bali
https://www.facebook.com/groups/267947657089568/posts/1683355792215407/,directory/forum/OTA — discovery source only,Benoa,balinese massage Benoa Bali price
https://www.facebook.com/groups/thingstodoinsanur/posts/1339778777700449/,directory/forum/OTA — discovery source only,Benoa,day spa Benoa Bali treatments
https://www.facebook.com/groups/744836372332200/posts/3395212767294534/,directory/forum/OTA — discovery source only,Jimbaran,spa Jimbaran Bali
https://us.trip.com/travel-guide/attraction/bali/avisha-wellness-and-spa-jimbaran-popular-day-spa-bali-144893396/,directory/forum/OTA — discovery source only,Jimbaran,spa Jimbaran Bali
https://www.facebook.com/groups/267947657089568/posts/1986631685221148/,directory/forum/OTA — discovery source only,Jimbaran,massage Jimbaran Bali
https://www.pelago.com/en-US/jimbaran-things-to-do-l27661/sc-massage-sc213/,"listicle/editorial page, not a venue",Jimbaran,massage Jimbaran Bali
https://finnsbeachclub.com/guides/best-spas-jimbaran/,"listicle/editorial page, not a venue",Jimbaran,massage Jimbaran Bali
https://putubalispahomecare.com/Blog/jimbaran-things-to-do-recovery-massage,"listicle/editorial page, not a venue",Jimbaran,massage Jimbaran Bali
https://www.facebook.com/100064073080815/posts/a-must-try-wellness-experience-in-bali________4-hands-balinese-massage-the-ultim/1527777109368044/,directory/forum/OTA — discovery source only,Jimbaran,balinese massage Jimbaran Bali price
https://www.facebook.com/groups/1981430082072664/posts/4005913859624266/,directory/forum/OTA — discovery source only,Jimbaran,day spa Jimbaran Bali treatments
https://thehoneycombers.com/bali/best-spa-in-uluwatu/,directory/forum/OTA — discovery source only,Uluwatu,massage Uluwatu Bali
https://casalivingbali.com/guides/spa-massage-uluwatu,"listicle/editorial page, not a venue",Uluwatu,massage Uluwatu Bali
https://www.facebook.com/groups/267947657089568/posts/1849399808944337/,directory/forum/OTA — discovery source only,Uluwatu,massage Uluwatu Bali
https://www.facebook.com/groups/1981430082072664/posts/4285415868340729/,directory/forum/OTA — discovery source only,Uluwatu,balinese massage Uluwatu Bali price
https://www.facebook.com/groups/744836372332200/posts/3450563155092828/,directory/forum/OTA — discovery source only,Uluwatu,balinese massage Uluwatu Bali price
https://finnsbeachclub.com/guides/15-best-spas-uluwatu/,"listicle/editorial page, not a venue",Uluwatu,balinese massage Uluwatu Bali price
https://www.cabobali.com/blog/best-massage-spa-uluwatu,"listicle/editorial page, not a venue",Uluwatu,balinese massage Uluwatu Bali price
https://www.facebook.com/groups/267947657089568/posts/2155334641684184/,directory/forum/OTA — discovery source only,Uluwatu,day spa Uluwatu Bali treatments
https://www.reddit.com/r/bali/comments/16tx3bn/day_spa_recommendations_in_ubud_uluwatu/,directory/forum/OTA — discovery source only,Uluwatu,day spa Uluwatu Bali treatments
https://ttbeach.club/blog/massage-in-uluwatu,"listicle/editorial page, not a venue",Pecatu,balinese massage Pecatu Bali price
https://www.facebook.com/groups/267947657089568/posts/1359488917935431/,directory/forum/OTA — discovery source only,Pecatu,day spa Pecatu Bali treatments
https://putubalispahomecare.com/Blog/pecatu-things-to-do-recovery-massage,"listicle/editorial page, not a venue",Pecatu,reflexology Pecatu Bali
https://www.facebook.com/groups/267947657089568/posts/1553363808547940/,directory/forum/OTA — discovery source only,Ungasan,massage Ungasan Bali
https://www.facebook.com/groups/412942092619223/posts/1832002917379793/,directory/forum/OTA — discovery source only,Sidemen,spa Sidemen Bali
https://www.facebook.com/groups/412942092619223/posts/2155835011663247/,directory/forum/OTA — discovery source only,Sidemen,massage Sidemen Bali
https://www.facebook.com/groups/412942092619223/posts/2016166292296787/,directory/forum/OTA — discovery source only,Sidemen,massage Sidemen Bali
https://www.facebook.com/groups/744836372332200/posts/3270439453105200/,directory/forum/OTA — discovery source only,Sidemen,balinese massage Sidemen Bali price
https://www.facebook.com/p/Wellness-Hub-Spa-61553676036938/,directory/forum/OTA — discovery source only,Amed,spa Amed Bali
https://museumofwander.com/amed-for-the-best-in-bali-we-go-east/,"listicle/editorial page, not a venue",Amed,spa Amed Bali
https://www.facebook.com/groups/amedlife/posts/26058748803708746/,directory/forum/OTA — discovery source only,Amed,spa Amed Bali
https://www.trustindex.io/reviews/amedbalispa.com,"listicle/editorial page, not a venue",Amed,spa Amed Bali
https://www.facebook.com/groups/Amed.Bali.Community/posts/27090775390546527/,directory/forum/OTA — discovery source only,Amed,day spa Amed Bali treatments
https://www.facebook.com/groups/Amed.Bali.Community/posts/24790266693930753/,directory/forum/OTA — discovery source only,Amed,reflexology Amed Bali
https://www.facebook.com/BALINEWOPIUM/posts/mr-tony-and-family-visited-bali-new-opium-they-had-foot-reflexology-commented-th/1612882877515656/,directory/forum/OTA — discovery source only,Amed,reflexology Amed Bali
https://www.facebook.com/p/Aura-Wellness-Spa-Shop-Candidasa-61572564965317/,directory/forum/OTA — discovery source only,Candidasa,spa Candidasa Bali
https://www.facebook.com/groups/427380557321585/posts/6887652434627666/,directory/forum/OTA — discovery source only,Candidasa,spa Candidasa Bali
https://www.thewalkingcritic.com/blog-reviews/candi-beach-resort-spa-hotel-review/,"listicle/editorial page, not a venue",Candidasa,spa Candidasa Bali
https://www.facebook.com/groups/CandidasaCommunity/posts/2052713928438254/,directory/forum/OTA — discovery source only,Candidasa,massage Candidasa Bali
https://www.viator.com/tours/Candidasa/Bali-Healing-Depression-120-Minutes/d42862-231282P3,"listicle/editorial page, not a venue",Candidasa,balinese massage Candidasa Bali price
https://www.facebook.com/groups/267947657089568/posts/1678231409394512/,directory/forum/OTA — discovery source only,Candidasa,reflexology Candidasa Bali
https://www.facebook.com/p/Aura-Wellness-Spa-Retail-Padangbai-61561366379863/,directory/forum/OTA — discovery source only,Padangbai,spa Padangbai Bali
https://www.booking.com/resorts/city/id/padang-id.html,directory/forum/OTA — discovery source only,Padangbai,spa Padangbai Bali
https://www.facebook.com/groups/372754083405395/posts/1702888573725266/,directory/forum/OTA — discovery source only,Padangbai,massage Padangbai Bali
https://en.wikipedia.org/wiki/Balinese_massage,directory/forum/OTA — discovery source only,Padangbai,massage Padangbai Bali
https://www.facebook.com/groups/744836372332200/posts/2864217577060725/,directory/forum/OTA — discovery source only,Padangbai,balinese massage Padangbai Bali price
https://www.facebook.com/groups/267947657089568/posts/2053978125153170/,directory/forum/OTA — discovery source only,Padangbai,day spa Padangbai Bali treatments
https://www.hoteis.com/go/indonesia/best-padangbai-things-to-do,"listicle/editorial page, not a venue",Padangbai,day spa Padangbai Bali treatments
https://karmagroup.com/bali-guide/day-spa-bali/,"listicle/editorial page, not a venue",Padangbai,day spa Padangbai Bali treatments
https://www.themulia.com/blog/rejuvenating-spa-treatments-for-couples,"listicle/editorial page, not a venue",Padangbai,day spa Padangbai Bali treatments
https://www.facebook.com/groups/267947657089568/posts/1877612559456395/,directory/forum/OTA — discovery source only,Lovina,spa Lovina Bali
https://www.facebook.com/groups/267947657089568/posts/1669078780309775/,directory/forum/OTA — discovery source only,Lovina,massage Lovina Bali
https://www.facebook.com/groups/267947657089568/posts/1463105250907130/,directory/forum/OTA — discovery source only,Lovina,day spa Lovina Bali treatments
https://www.expedia.com/Munduk-Hotels-Spa-Hotel.0-0-d6052837-tSpaHotel.Travel-Guide-Filter-Hotels,directory/forum/OTA — discovery source only,Munduk,spa Munduk Bali
https://www.airbnb.com/services/6998103,directory/forum/OTA — discovery source only,Munduk,reflexology Munduk Bali
https://us.trip.com/moments/detail/bali-438-149111341/,directory/forum/OTA — discovery source only,Munduk,reflexology Munduk Bali
https://www.booking.com/hotel/id/janes-house-amp-spa-bedugul-bali.html,directory/forum/OTA — discovery source only,Bedugul,spa Bedugul Bali
https://www.expedia.com/Bedugul-Hotels-Spa-Hotel.0-0-d6142647-tSpaHotel.Travel-Guide-Filter-Hotels,directory/forum/OTA — discovery source only,Bedugul,spa Bedugul Bali
https://janes-house-spa-bedugul-bali.bali-tophotels.com/en/,directory/forum/OTA — discovery source only,Bedugul,spa Bedugul Bali
https://www.airbnb.com/rooms/989433111591766903,directory/forum/OTA — discovery source only,Bedugul,spa Bedugul Bali
https://janes-house-spa-bedugul-bali.bali-tophotels.com/fr/,directory/forum/OTA — discovery source only,Bedugul,massage Bedugul Bali
https://www.airbnb.com.sg/tabanan-indonesia/services/spas,directory/forum/OTA — discovery source only,Tabanan,spa Tabanan Bali
https://en.planetofhotels.com/indonesia/tabanan/villas/with-spa-and-wellness-centre,directory/forum/OTA — discovery source only,Tabanan,spa Tabanan Bali
https://www.airbnb.co.nz/tabanan-indonesia/services/massages,directory/forum/OTA — discovery source only,Tabanan,massage Tabanan Bali
https://www.facebook.com/groups/596552571233334/posts/1892490914972820/,directory/forum/OTA — discovery source only,Tabanan,massage Tabanan Bali
https://www.airbnb.ca/tabanan-indonesia/services/massages,directory/forum/OTA — discovery source only,Tabanan,balinese massage Tabanan Bali price
https://www.airbnb.com/tabanan-indonesia/services/spas,directory/forum/OTA — discovery source only,Tabanan,day spa Tabanan Bali treatments
https://wanderlog.com/list/geoCategory/171124/best-spas-in-tabanan,"listicle/editorial page, not a venue",Tabanan,day spa Tabanan Bali treatments
https://www.facebook.com/groups/744836372332200/posts/3487784388037371/,directory/forum/OTA — discovery source only,Gianyar,day spa Gianyar Bali treatments
https://capellahotels.com/en/capella-ubud/offers/auriga-spa-day-retreat,directory/forum/OTA — discovery source only,Gianyar,day spa Gianyar Bali treatments
https://jaensspa.com/best-day-spa-bali-why-ubud-is-perfect-for-a-spa-day/,"listicle/editorial page, not a venue",Gianyar,day spa Gianyar Bali treatments
https://www.facebook.com/groups/3190146501261212/posts/4105095836432936/,directory/forum/OTA — discovery source only,Tegallalang,spa Tegallalang Bali
https://www.airbnb.ie/tegalalang-indonesia/services/spas,directory/forum/OTA — discovery source only,Tegallalang,spa Tegallalang Bali
https://www.airbnb.com/tegalalang-indonesia/services/massages,directory/forum/OTA — discovery source only,Tegallalang,massage Tegallalang Bali
https://www.facebook.com/p/Sarira-Healing-Spa-61553676592369/,directory/forum/OTA — discovery source only,Tegallalang,massage Tegallalang Bali
https://www.tiket.com/en-us/to-do/tiket-tegal-mesari-balinese-spa-massage-and-facial-in-ubud,directory/forum/OTA — discovery source only,Tegallalang,balinese massage Tegallalang Bali price
https://www.facebook.com/groups/744836372332200/posts/2941251959357286/,directory/forum/OTA — discovery source only,Tegallalang,reflexology Tegallalang Bali
https://www.airbnb.ie/experiences/7084659,directory/forum/OTA — discovery source only,Tegallalang,reflexology Tegallalang Bali
https://www.getyourguide.com/bali-l347/wellness-spas-tc92/,"aggregator/OTA/social — discovery source only, not a venue","Bedugul,Canggu,Denpasar,Gianyar,Kerobokan,Kuta,Lovina,Munduk,Nusa Dua,Padangbai,Pecatu,Sanur,Seseh,Tabanan,Tegallalang,Ubud,Uluwatu",domain-filter
https://wanderlog.com/place/details/4219738/bella-spa--massage,"aggregator/OTA/social — discovery source only, not a venue","Gianyar,Munduk,Padangbai,Tabanan",domain-filter
https://www.tiktok.com/@iga.winda/video/7100488154704137499,"aggregator/OTA/social — discovery source only, not a venue","Bedugul,Berawa,Seseh,Tabanan",domain-filter
https://mindtrip.ai/attraction/seseh-bali/cloud-spa-seseh/at-DfOdqq1x,"aggregator/OTA/social — discovery source only, not a venue","Gianyar,Kerobokan,Pecatu,Seseh,Ungasan",domain-filter
https://www.viator.com/Bali-tours/Day-Spas/d98-g5335-c5336,"aggregator/OTA/social — discovery source only, not a venue","Benoa,Canggu,Gianyar,Kuta",domain-filter
https://linktr.ee/loaspabali,"aggregator/OTA/social — discovery source only, not a venue","Berawa,Pererenan,Sanur,Uluwatu",domain-filter
https://www.google.com.ng/travel/hotels/entity/ChoI_7CE8eCxvYf6ARoNL2cvMTF2Ym5feWRxOBAB,"aggregator/OTA/social — discovery source only, not a venue",Bedugul,domain-filter
https://www.skyscanner.gg/hotels/indonesia/bali-hotels/jane%E2%80%99s-house-%26-spa-bedugul-bali/ht-216980473,"aggregator/OTA/social — discovery source only, not a venue",Bedugul,domain-filter
https://maps.apple.com/place?place-id,"aggregator/OTA/social — discovery source only, not a venue",Gianyar,domain-filter
https://www.facebook.com/groups/976548437583432/posts/1444303887474549/,directory/forum/OTA — discovery source only,Penestanan Ubud,massage Penestanan Ubud Bali price list
https://unfoldbali.com/balinese-massage-ubud-price-guide/,"listicle/editorial page, not a venue",Penestanan Ubud,massage Penestanan Ubud Bali price list
https://accessiapass.com/en/blog/panduan-spa-pijat-tradisional-bali-2026-jenis-perawatan-kisaran-harga-17-spa-terbaik,"listicle/editorial page, not a venue",Penestanan Ubud,massage Penestanan Ubud Bali price list
https://finnsbeachclub.com/guides/best-affordable-massages-bali/,"listicle/editorial page, not a venue",Penestanan Ubud,massage Penestanan Ubud Bali price list
https://accessiapass.com/en/blog/sang-spa-ubud-pijat-bali-terjangkau-di-jantung-ubud,"listicle/editorial page, not a venue",Penestanan Ubud,pijat spa Penestanan Ubud Bali
https://www.villa-bali.com/guide/best-massage-ubud/,"listicle/editorial page, not a venue",Penestanan Ubud,pijat spa Penestanan Ubud Bali
https://jendeladibali.com/2019/05/12/ubuds-best-yoga-and-pilates-studios-the-definitive-guide/,"listicle/editorial page, not a venue",Penestanan Ubud,wellness studio Penestanan Ubud Bali
https://blog.yourstayin.com/best-studios-in-ubud/,"listicle/editorial page, not a venue",Penestanan Ubud,wellness studio Penestanan Ubud Bali
https://www.youtube.com/watch?v=agdVDX7LwTU,directory/forum/OTA — discovery source only,Penestanan Ubud,wellness studio Penestanan Ubud Bali
https://www.baliholidaysecrets.com/best-spas-in-ubud/,"listicle/editorial page, not a venue",Sanggingan Ubud,spa Sanggingan Ubud Bali
https://svahawellness.com/blog/complete-guide-to-full-body-massage-ubud,"listicle/editorial page, not a venue",Sanggingan Ubud,massage Sanggingan Ubud Bali price list
https://www.facebook.com/p/Putri-Bali-SPA-Ubud-100063721653886/,directory/forum/OTA — discovery source only,Sanggingan Ubud,pijat spa Sanggingan Ubud Bali
https://www.comohotels.com/bali/como-uma-ubud/wellness,directory/forum/OTA — discovery source only,Sanggingan Ubud,wellness studio Sanggingan Ubud Bali
https://us.trip.com/moments/theme/poi-ubud-80331-recreation-998219/,directory/forum/OTA — discovery source only,Sanggingan Ubud,wellness studio Sanggingan Ubud Bali
https://www.expedia.com/Nyuh-Kuning-Lodtunduh-Hotels.0-n553248635976394584-0.Travel-Guide-Filter-Hotels,directory/forum/OTA — discovery source only,Nyuh Kuning Ubud,spa Nyuh Kuning Ubud Bali
https://accessiapass.com/zh-TW/blog/ubud-wellness-spa-nyuh-kuning-pijat-jujur-di-selatan-monkey-forest,"listicle/editorial page, not a venue",Nyuh Kuning Ubud,spa Nyuh Kuning Ubud Bali
https://finnsbeachclub.com/guides/ubud-best-spas-massage/,"listicle/editorial page, not a venue",Nyuh Kuning Ubud,massage Nyuh Kuning Ubud Bali price list
https://accessiapass.com/en/blog/nur-salon-ubud-pijat-bali-autentik-di-taman-rumah-kuno,"listicle/editorial page, not a venue",Nyuh Kuning Ubud,pijat spa Nyuh Kuning Ubud Bali
https://retreathub.com/the-comprehensive-guide-to-yoga-in-ubud/,"listicle/editorial page, not a venue",Nyuh Kuning Ubud,wellness studio Nyuh Kuning Ubud Bali
https://jaensspa.com/10-rekomendasi-tempat-healing-di-ubud-bali/,"listicle/editorial page, not a venue",Campuhan Ubud,pijat spa Campuhan Ubud Bali
https://www.facebook.com/groups/909410635801095/posts/25006796225635866/,directory/forum/OTA — discovery source only,Campuhan Ubud,pijat spa Campuhan Ubud Bali
https://es.hoteles.com/go/indonesia/best-bali-yoga-studios,"listicle/editorial page, not a venue",Campuhan Ubud,wellness studio Campuhan Ubud Bali
https://accessiapass.com/en/blog/intuitive-flow-studio-yoga-kecil-di-tengah-sawah-penestanan-ubud,"listicle/editorial page, not a venue",Campuhan Ubud,wellness studio Campuhan Ubud Bali
https://www.facebook.com/groups/1742165165878582/posts/6539594036135647/,directory/forum/OTA — discovery source only,Campuhan Ubud,wellness studio Campuhan Ubud Bali
https://www.facebook.com/groups/3190146501261212/posts/4105095836432936/,directory/forum/OTA — discovery source only,Tegallalang,spa Tegallalang Bali
https://www.airbnb.ie/tegalalang-indonesia/services/spas,directory/forum/OTA — discovery source only,Tegallalang,spa Tegallalang Bali
https://www.expedia.co.nz/things-to-do/balinese-massage.a51741170.activity-details,directory/forum/OTA — discovery source only,Tegallalang,massage Tegallalang Bali price list
https://www.airbnb.com/tegalalang-indonesia/services/massages,directory/forum/OTA — discovery source only,Tegallalang,pijat spa Tegallalang Bali
https://www.reddit.com/r/BaliTravelTips/comments/1rkr56z/studio_de_yoga_au_nord_dubud_et_tegallalang/,directory/forum/OTA — discovery source only,Tegallalang,wellness studio Tegallalang Bali
https://www.facebook.com/groups/267947657089568/posts/1563332344217753/,directory/forum/OTA — discovery source only,Tegallalang,wellness studio Tegallalang Bali
https://finnsbeachclub.com/guides/yoga-in-ubud/,"listicle/editorial page, not a venue",Tegallalang,wellness studio Tegallalang Bali
https://www.booking.com/hotel/id/bagus-jati.html,directory/forum/OTA — discovery source only,Tegallalang,wellness studio Tegallalang Bali
https://www.airbnb.com/rooms/1572257097570056036,directory/forum/OTA — discovery source only,Tegallalang,wellness studio Tegallalang Bali
https://thehoneycombers.com/bali/best-spas-in-canggu-bali-massage-facial-mani/,directory/forum/OTA — discovery source only,Berawa Canggu,massage Berawa Canggu Bali price list
https://www.reddit.com/r/bali/comments/1kq93k7/cheap_canggu_massage_place_no_thrills_just_good/,directory/forum/OTA — discovery source only,Berawa Canggu,pijat spa Berawa Canggu Bali
https://www.mstravelsolo.com/best-spas-canggu-bali/,"listicle/editorial page, not a venue",Batu Bolong Canggu,massage Batu Bolong Canggu Bali price list
https://canggu.holidayinnresorts.com/blog/wellness-activities-canggu,"listicle/editorial page, not a venue",Batu Bolong Canggu,wellness studio Batu Bolong Canggu Bali
https://www.booking.com/hotel/id/batu-bolong-studio-kayu-kabupaten-badung.html,directory/forum/OTA — discovery source only,Batu Bolong Canggu,wellness studio Batu Bolong Canggu Bali
https://www.comohotels.com/bali/como-uma-canggu/wellness,directory/forum/OTA — discovery source only,Echo Beach Canggu,spa Echo Beach Canggu Bali
https://www.facebook.com/groups/744836372332200/posts/3122341141248366/,directory/forum/OTA — discovery source only,Echo Beach Canggu,massage Echo Beach Canggu Bali price list
https://mellospa.co/canggu/blogs/,"listicle/editorial page, not a venue",Echo Beach Canggu,massage Echo Beach Canggu Bali price list
https://finnsbeachclub.com/guides/canggu-best-spas/#!,"listicle/editorial page, not a venue",Echo Beach Canggu,massage Echo Beach Canggu Bali price list
https://www.villa-bali.com/guide/best-massage-canggu/,"listicle/editorial page, not a venue",Echo Beach Canggu,pijat spa Echo Beach Canggu Bali
https://cinchy.life/id/blog/spa-di-canggu-bali,"listicle/editorial page, not a venue",Echo Beach Canggu,pijat spa Echo Beach Canggu Bali
https://www.facebook.com/groups/WomensProsperityNetwork/posts/10165460064796064/,directory/forum/OTA — discovery source only,Echo Beach Canggu,wellness studio Echo Beach Canggu Bali
https://lunaandrose.co/en-us/blogs/news/10-places-to-get-your-fitness-fix-in-canggu?srsltid=AfmBOoru4azaArmhYJFrJ1aJqpNAFgOKU5XH3xpK2epWdf6lqf462OOT,"listicle/editorial page, not a venue",Echo Beach Canggu,wellness studio Echo Beach Canggu Bali
https://thehoneycombers.com/bali/best-budget-spas-bali-affordable-massages/,directory/forum/OTA — discovery source only,Pererenan,massage Pererenan Bali price list
https://www.yogitimes.com/best-yoga-studios-in-pererenan,"listicle/editorial page, not a venue",Pererenan,wellness studio Pererenan Bali
https://www.facebook.com/groups/expatsbali/posts/7514918641884286/,directory/forum/OTA — discovery source only,Umalas,spa Umalas Bali
https://www.facebook.com/groups/expatsbali/posts/2745413408834857/,directory/forum/OTA — discovery source only,Umalas,massage Umalas Bali price list
https://www.quora.com/How-much-does-a-massage-in-Bali-cost,directory/forum/OTA — discovery source only,Umalas,massage Umalas Bali price list
https://www.facebook.com/groups/expatsbali/posts/7622090294500453/,directory/forum/OTA — discovery source only,Umalas,pijat spa Umalas Bali
https://www.facebook.com/Umalaspilatesstudio/videos/movement-is-medicine-at-umalas-pilates-a-sophisticated-pilates-studio-in-umalas-/2237096583526421/,directory/forum/OTA — discovery source only,Umalas,wellness studio Umalas Bali
https://addieabroad.com/best-day-spas-in-seminyak/,"listicle/editorial page, not a venue",Petitenget,spa Petitenget Bali
https://barrebody.com.au/blog/5-best-spas-seminyak/,"listicle/editorial page, not a venue",Petitenget,spa Petitenget Bali
https://www.mstravelsolo.com/best-spas-in-seminyak-bali/,"listicle/editorial page, not a venue",Petitenget,spa Petitenget Bali
https://www.facebook.com/groups/744836372332200/posts/3007483399400808/,directory/forum/OTA — discovery source only,Petitenget,massage Petitenget Bali price list
https://www.ministryofvillas.com/top-5-wellness-spas-petitenget/,"listicle/editorial page, not a venue",Petitenget,pijat spa Petitenget Bali
https://www.oberoihotels.com/hotels-in-bali/wellness/,directory/forum/OTA — discovery source only,Oberoi Seminyak,spa Oberoi Seminyak Bali
https://www.oberoihotels.com/hotels-in-bali/wellness/massage/,directory/forum/OTA — discovery source only,Oberoi Seminyak,spa Oberoi Seminyak Bali
https://www.oberoihotels.com/hotels-in-bali/,directory/forum/OTA — discovery source only,Oberoi Seminyak,spa Oberoi Seminyak Bali
https://www.facebook.com/groups/267947657089568/posts/1625286058022381/,directory/forum/OTA — discovery source only,Oberoi Seminyak,spa Oberoi Seminyak Bali
https://www.oberoihotels.com/hotels-in-bali/wellness/hands-feet-hair/,directory/forum/OTA — discovery source only,Oberoi Seminyak,spa Oberoi Seminyak Bali
https://www.facebook.com/groups/267947657089568/posts/1867714763779508/,directory/forum/OTA — discovery source only,Oberoi Seminyak,massage Oberoi Seminyak Bali price list
https://www.expedia.com/Seminyak-Hotels-The-Oberoi-Beach-Resort.h7261.Hotel-Information,directory/forum/OTA — discovery source only,Oberoi Seminyak,massage Oberoi Seminyak Bali price list
https://www.oberoihotels.com/hotels-in-bali/wellness/oberoi-experiences/,directory/forum/OTA — discovery source only,Oberoi Seminyak,massage Oberoi Seminyak Bali price list
https://www.facebook.com/OberoiHotels/posts/start-the-morning-by-the-seaat-the-oberoi-beach-resort-bali-yoga-on-the-beachfro/1366048618896039/,directory/forum/OTA — discovery source only,Oberoi Seminyak,wellness studio Oberoi Seminyak Bali
https://www.facebook.com/CaricaStudioBali/,directory/forum/OTA — discovery source only,Kerobokan,wellness studio Kerobokan Bali
https://lhm-hotels.com/en/the-legian-seminyak-bali/spa,directory/forum/OTA — discovery source only,Legian,spa Legian Bali
https://www.facebook.com/groups/744836372332200/posts/3205870856228727/,directory/forum/OTA — discovery source only,Legian,spa Legian Bali
https://www.balifoodandtravel.com/the-5-best-value-legian-spas/,"listicle/editorial page, not a venue",Legian,spa Legian Bali
https://www.facebook.com/groups/267947657089568/posts/1729610360923283/,directory/forum/OTA — discovery source only,Legian,pijat spa Legian Bali
https://www.facebook.com/groups/744836372332200/posts/3559496434199499/,directory/forum/OTA — discovery source only,Legian,pijat spa Legian Bali
https://www.reddit.com/r/bali/comments/cbegv8/best_spa_in_legiankuta_massagefacialpedi/,directory/forum/OTA — discovery source only,Legian,pijat spa Legian Bali
https://lhm-hotels.com/en/the-legian-seminyak-bali/wellness,directory/forum/OTA — discovery source only,Legian,wellness studio Legian Bali
https://www.facebook.com/groups/thingstodoinsanur/posts/1400562701622056/,directory/forum/OTA — discovery source only,Sindhu Sanur,spa Sindhu Sanur Bali
https://ie.hotels.com/de10893401-ty4/spa-hotels-near-sindhu-beach-sanur-indonesia/,directory/forum/OTA — discovery source only,Sindhu Sanur,spa Sindhu Sanur Bali
https://themerusanur.com/blog/best-spas-in-sanur-bali/,"listicle/editorial page, not a venue",Sindhu Sanur,spa Sindhu Sanur Bali
https://www.facebook.com/groups/thingstodoinsanur/posts/1420802946264698/,directory/forum/OTA — discovery source only,Sindhu Sanur,massage Sindhu Sanur Bali price list
https://www.baliholidaysecrets.com/best-spas-in-sanur/,"listicle/editorial page, not a venue",Sindhu Sanur,massage Sindhu Sanur Bali price list
https://thehoneycombers.com/bali/best-spas-in-sanur-massage-mani-pedi/,directory/forum/OTA — discovery source only,Sindhu Sanur,massage Sindhu Sanur Bali price list
https://themerusanur.com/blog/wellness-activities-in-sanur-bali/,"listicle/editorial page, not a venue",Sindhu Sanur,wellness studio Sindhu Sanur Bali
https://www.facebook.com/groups/thingstodoinsanur/posts/1299085995103061/,directory/forum/OTA — discovery source only,Sindhu Sanur,wellness studio Sindhu Sanur Bali
https://www.youtube.com/watch?v=MGybnOWyhAg,directory/forum/OTA — discovery source only,Sindhu Sanur,wellness studio Sindhu Sanur Bali
https://www.balifamilyvillas.com/bali-family-guide/family-guide-to-sanur/sanur-gyms-wellness/,"listicle/editorial page, not a venue",Sindhu Sanur,wellness studio Sindhu Sanur Bali
https://www.facebook.com/thebeachspa.sanur/,directory/forum/OTA — discovery source only,Mertasari Sanur,spa Mertasari Sanur Bali
https://www.facebook.com/groups/1854994478112210/posts/4183829385228696/,directory/forum/OTA — discovery source only,Mertasari Sanur,massage Mertasari Sanur Bali price list
https://putubalispahomecare.com/Blog/sanur-things-to-do-recovery-massage,"listicle/editorial page, not a venue",Mertasari Sanur,massage Mertasari Sanur Bali price list
https://www.facebook.com/groups/westofthebypass/posts/1199259905541684/,directory/forum/OTA — discovery source only,Mertasari Sanur,pijat spa Mertasari Sanur Bali
https://themerusanur.com/blog/wellness-retreat-in-bali/,"listicle/editorial page, not a venue",Mertasari Sanur,wellness studio Mertasari Sanur Bali
https://www.facebook.com/groups/thingstodoinsanur/posts/1581316430213348/,directory/forum/OTA — discovery source only,Batu Jimbar Sanur,spa Batu Jimbar Sanur Bali
https://www.facebook.com/groups/thingstodoinsanur/posts/1524461665898825/,directory/forum/OTA — discovery source only,Batu Jimbar Sanur,spa Batu Jimbar Sanur Bali
https://www.youtube.com/watch?v=YAoHAhDivuw,directory/forum/OTA — discovery source only,Batu Jimbar Sanur,spa Batu Jimbar Sanur Bali
https://www.booking.com/hotel/id/parigata-resorts-n-spa.html,directory/forum/OTA — discovery source only,Batu Jimbar Sanur,spa Batu Jimbar Sanur Bali
https://accessiapass.com/en/blog/bali-bisa-sanur-pijat-kelas-sekolah-spa-dengan-harga-jujur,"listicle/editorial page, not a venue",Batu Jimbar Sanur,massage Batu Jimbar Sanur Bali price list
https://www.facebook.com/febrishotelspabali/videos/a-spa-day-for-ladies-at-febris/692003008618525/,directory/forum/OTA — discovery source only,Batu Jimbar Sanur,pijat spa Batu Jimbar Sanur Bali
https://cinchy.life/id/blog/spa-di-sanur-bali,"listicle/editorial page, not a venue",Batu Jimbar Sanur,pijat spa Batu Jimbar Sanur Bali
https://www.agoda.com/en-au/smart-comfort-batu-jimbar-apartment/hotel/bali-id.html,directory/forum/OTA — discovery source only,Batu Jimbar Sanur,wellness studio Batu Jimbar Sanur Bali
https://finnsbeachclub.com/guides/15-best-spas-uluwatu/,"listicle/editorial page, not a venue",Pecatu,massage Pecatu Bali price list
https://thehoneycombers.com/bali/best-spa-in-uluwatu/,directory/forum/OTA — discovery source only,Pecatu,massage Pecatu Bali price list
https://putubalispahomecare.com/Blog/pecatu-things-to-do-recovery-massage,"listicle/editorial page, not a venue",Pecatu,pijat spa Pecatu Bali
https://elisabethtavierne.medium.com/wellness-guide-to-uluwatu-bali-159d162f3884,directory/forum/OTA — discovery source only,Pecatu,wellness studio Pecatu Bali
https://www.facebook.com/groups/744836372332200/posts/3523422764473533/,directory/forum/OTA — discovery source only,Bingin,massage Bingin Bali price list
https://sejatiuluwatu.com/best-spas-uluwatu-bingin/,"listicle/editorial page, not a venue",Bingin,massage Bingin Bali price list
https://melalibingin.com/your-guide-to-yoga-pilates-fitness-classes-in-bingin-uluwatu/,"listicle/editorial page, not a venue",Bingin,wellness studio Bingin Bali
https://mirabingin.com/article/ultimate-recovery-retreat-ranking-uluwatus-best-spa-and-wellness-facilities,"listicle/editorial page, not a venue",Bingin,wellness studio Bingin Bali
https://www.theislandhouses.com/articles/2025/05/28/your-guide-to-yoga-pilates-fitness-classes-in-bingin-uluwatu/,"listicle/editorial page, not a venue",Bingin,wellness studio Bingin Bali
https://baliblissmassage.com/best-massage-padang-padang/,"listicle/editorial page, not a venue",Padang Padang Uluwatu,pijat spa Padang Padang Uluwatu Bali
https://www.facebook.com/groups/556525211197148/posts/2406892966160354/,directory/forum/OTA — discovery source only,Padang Padang Uluwatu,pijat spa Padang Padang Uluwatu Bali
https://ttbeach.club/blog/massage-in-uluwatu,"listicle/editorial page, not a venue",Padang Padang Uluwatu,pijat spa Padang Padang Uluwatu Bali
https://au.hotels.com/ho3379924960/mantra-wellness-centre/,directory/forum/OTA — discovery source only,Padang Padang Uluwatu,wellness studio Padang Padang Uluwatu Bali
https://www.booking.com/hotel/id/mantra-wellness-center.en-gb.html,directory/forum/OTA — discovery source only,Padang Padang Uluwatu,wellness studio Padang Padang Uluwatu Bali
https://bali-home-immo.com/id/blog/kesehatan-dan-kebugaran-bali/spot-pijat-terbaik-di-ungasan-tenang-bersih-dekat,"listicle/editorial page, not a venue",Ungasan,pijat spa Ungasan Bali
https://theungasan.com/blog/yoga-in-bali-unlock-inner-peace-and-serenity,"listicle/editorial page, not a venue",Ungasan,wellness studio Ungasan Bali
https://www.reddit.com/r/BaliTravelTips/comments/1uhaqbl/uluwatuungasan_spa_gympilatesyoga_studio_iv/,directory/forum/OTA — discovery source only,Ungasan,wellness studio Ungasan Bali
https://theungasan.com/blog/how-to-choose-the-right-wellness-retreat-in-bali,"listicle/editorial page, not a venue",Ungasan,wellness studio Ungasan Bali
https://www.facebook.com/seanspabali/,directory/forum/OTA — discovery source only,Balangan,spa Balangan Bali
https://www.facebook.com/LaJoyaBalangan/posts/massage-day-is-the-best-day-of-the-week-so-enjoy-60minutes-balinese-massage-for-/5523197477754389/,directory/forum/OTA — discovery source only,Balangan,massage Balangan Bali price list
https://www.facebook.com/BalanganYogaAndLove/,directory/forum/OTA — discovery source only,Balangan,wellness studio Balangan Bali
https://www.airbnb.com.sg/tabanan-indonesia/services/spas,directory/forum/OTA — discovery source only,Tabanan,spa Tabanan Bali
https://en.planetofhotels.com/indonesia/tabanan/villas/with-spa-and-wellness-centre,directory/forum/OTA — discovery source only,Tabanan,spa Tabanan Bali
https://www.facebook.com/groups/596552571233334/posts/1892490914972820/,directory/forum/OTA — discovery source only,Tabanan,massage Tabanan Bali price list
https://www.nirjhara.com/en/magazine/best-luxury-spas-in-bali/,"listicle/editorial page, not a venue",Tabanan,massage Tabanan Bali price list
https://www.expedia.com/Tabanan-Hotels-Spa-Hotel.0-0-d6003453-tSpaHotel.Travel-Guide-Filter-Hotels,directory/forum/OTA — discovery source only,Tabanan,massage Tabanan Bali price list
https://wanderlog.com/list/geoCategory/1804040/best-places-for-massage-in-tabanan,"listicle/editorial page, not a venue",Tabanan,massage Tabanan Bali price list
https://www.facebook.com/groups/travellinginbaliisaland/posts/1062446184603055/,directory/forum/OTA — discovery source only,Tabanan,massage Tabanan Bali price list
https://www.facebook.com/syeriiiin/?locale=id_ID,directory/forum/OTA — discovery source only,Tabanan,pijat spa Tabanan Bali
https://www.facebook.com/groups/377236292453497/posts/3324861311024299/,directory/forum/OTA — discovery source only,Tabanan,wellness studio Tabanan Bali
