venue_id,name,domain,reason,source
obs-ad418782ce,Ambiente Spa & Wellness – Rama Residence Seminyak,ambientespabali.com,no structured services extracted,https://www.ambientespabali.com/special_offer/midday-bliss-at-ambiente-spa-wellness-rama-residence-seminyak
obs-326eda49df,Ritual Spa Kuta,ramayanaexperience.com,no structured services extracted,https://ramayanaexperience.com/sanctuaries-of-wellness/
obs-c3cfa8b03f,Spa at The Lovina Bali,bali.com,no structured services extracted,https://bali.com/places/spa-at-the-lovina-bali/
obs-019eb2412b,The Rustic Sun,therusticsunbali.com,no structured services extracted,https://therusticsunbali.com/
obs-3255a76e2d,Cloud Spa,bali-interiors.com,no structured services extracted,https://www.bali-interiors.com/business-directory/cloud-spa/
obs-cbd1fa1c2e,SUNDARI Wellness,sundari-wellness.com,no structured services extracted,http://sundari-wellness.com/
obs-a463e0556a,Bali Gift Spa,seminyakgiftspa.com,no structured services extracted,https://seminyakgiftspa.com/
obs-b3227bc8fc,Bhava Spa,bhavaspa.com,no structured services extracted,https://www.bhavaspa.com/
obs-7ad8ea9215,The Bale Nusa Dua,lifestyleretreats.com,no structured services extracted,https://lifestyleretreats.com/the-bale-nusa-dua/the-spa-reservation/
obs-c779ee49d2,Spa at The Ayodya,ayodyaresortbali.com,no structured services extracted,https://ayodyaresortbali.com/spa
obs-d4d85a4c44,Laniakea,laniakeaspabali.com,no structured services extracted,https://www.laniakeaspabali.com/
obs-a5057ea531,Channa Spa,thegriya.com,no structured services extracted,https://www.thegriya.com/
obs-c3ece75aaa,Swan Spa,villandra.com,no structured services extracted,https://villandra.com/spa/
obs-d6477080f2,Grand Hyatt Kauai Resort and Spa,scottdunn.com,no structured services extracted,https://www.scottdunn.com/usa/hotels/grand-hyatt-kauai-resort-and-spa
obs-645c47c413,Sanak Retreat Bali,sanakbali.com,no structured services extracted,https://sanakbali.com/
obs-cc9ff83cf4,JANE’S HOUSE & SPA BEDUGUL BALI,searchspot.ai,no structured services extracted,https://www.searchspot.ai/places/jane-s-house-spa-bedugul-bali-indonesia
obs-7386f9047b,Soori Spa,sooribali.com,no structured services extracted,https://www.sooribali.com/spa
obs-e905de403d,The Udaya Resorts & Spa,theudayaresort.com,no structured services extracted,https://theudayaresort.com/
obs-abb7f9d2c7,De Nyuh Spa,denyuhspa.com,no structured services extracted,https://denyuhspa.com
obs-c9d2d78748,House of Orange,houseoforangebali.com,no structured services extracted,https://houseoforangebali.com
obs-0a0c27b220,Jet Black Ginger,jetblackginger.com,no structured services extracted,https://jetblackginger.com
obs-bf160ed4af,Jiwa Bali,jiwabali.com,no structured services extracted,https://jiwabali.com
obs-c7f35f8c0f,Luna & Sol Bali,luna-solpilates.com,no structured services extracted,https://luna-solpilates.com/contact
obs-8cc8f5bfde,Martha Tilaar Spa,marthatilaarspa.com,no structured services extracted,https://marthatilaarspa.com
obs-4bdab381e5,Maya Ubud Resort & Spa,mayaresorts.com,no structured services extracted,https://mayaresorts.com
obs-2b604253c5,The Shala Bali,theshalabali.com,no structured services extracted,https://theshalabali.com
obs-0955c12271,Think Pink Salon,thinkpinksalon.com,no structured services extracted,https://thinkpinksalon.com
obs-679e02a0a0,Sri Ratih Spa,sriratih.com,no structured services extracted,https://sriratih.com/spa/
obs-377d2ca784,Campuhan Spa,thetravellinglight.com,no structured services extracted,https://thetravellinglight.com/Campuhan-Spa-at-Sunset
obs-f1ccfb6d79,Umalas Creek,wanderluxe.theluxenomad.com,no structured services extracted,https://wanderluxe.theluxenomad.com/heres-why-umalas-creek-in-bali-is-the-ultimate-wellness-villa-escape/
obs-21041ff1d2,Maya Sanur Resort & Spa,travelup.com,no structured services extracted,https://www.travelup.com/en-se/indonesia/sanur/maya-sanur-resort-and-spa
obs-dfcf3d20b4,Revive Spa & Wellness,reviveuluwatu.com,no structured services extracted,https://www.reviveuluwatu.com/
obs-f1534059a4,Suarga Padang Padang,suargapadangpadang.com,no structured services extracted,https://www.suargapadangpadang.com/
obs-db546baba3,Sean Spa Balangan,yandex.ru,no structured services extracted,https://yandex.ru/maps/org/sean_spa_balangan/206520867806/
obs-eb957eab82,The Spa at Padma Resort Ubud,padmaresortubud.com,no structured services extracted,https://padmaresortubud.com/facilities/the-spa.php
obs-8d0b319ae5,Lake Vyrnwy Hotel & Spa,kayak.com,no structured services extracted,https://www.za.kayak.com/Oswestry-Hotels-Lake-Vyrnwy-Hotel-Spa.55841.ksp
obs-ad641328f7,Shambala Massage,ubudmassage.com,no structured services extracted,https://ubudmassage.com/index-7.html
obs-27ecdbc3c4,Tejas Spa,tejasspa.com,no structured services extracted,https://tejasspa.com/
obs-713cdcfa24,Bliss Ubud Spa Resort,blissubudsparesort.com,no structured services extracted,https://www.blissubudsparesort.com/
obs-0a530b1943,Junjungan Serenity Villas & Spa,junjunganubud.villas,no structured services extracted,https://junjunganubud.villas/
obs-8fe71fcf02,Essential Health & Rejuvenation Spa,essentialbodytreatments.com,no structured services extracted,https://essentialbodytreatments.com/
obs-e48f0e08de,Essential Spa,essentialbodytreatmentscom.localo.site,no structured services extracted,https://essentialbodytreatmentscom.localo.site/reviews
obs-f36f24009a,Blue Point Resort and Spa,trivago.com,no structured services extracted,https://www.trivago.com/en-US/oar/hotel-blue-point-resort-and-spa-uluwatu?search=100-344411
obs-fc6819a2d2,Sofitel SPA - Sofitel Bali Spa in Nusa Dua,sofitelbalinusadua.com,no structured services extracted,https://sofitelbalinusadua.com/activities/sospa/
obs-ff333830fc,Kallima Health Club & Spa,hilton.com,no structured services extracted,https://brochures.hilton.com/Kallima-Health-Club-and-Spa-Menu
