canonical_intent_id,canonical_name,user_job_statement,domain,source_record_ids,aliases,child_scenarios,allowed_modifiers,required_venue_capabilities,required_data_fields,publication_risk,demand_evidence_status,answer_evidence_requirement,internal_support_status,recommended_surfaces,single_job_candidate,data_readiness,lifecycle_status,auto_decision_reason,created_at,generator,source_version
OB-CAN-0001,Find where to go on arrival day when jet-lagged,"As a traveller in Bali, I want to find where to go on arrival day when jet-lagged.",Arrival and first day,OB-INT-0001,,,,,venues.publication_status;venues.jobs;venues.district;venues.name;venues.slug,LOW,EVIDENCE_STRONG,EDITORIAL_VERIFIED,MATCHED,PLACES_FILTER,true,READY,ACTIVE,"live snapshot: just_landed_easy_dinner READY in 8 districts, 30 published venues",2026-07-29T18:55:01.731Z,other-bali-intent-os-autopilot,OB-INT-0001..0200@2026-07-29
OB-CAN-0002,Choose first-night dinner near landing area,"As a traveller in Bali, I want to choose first-night dinner near landing area.",Arrival and first day,OB-INT-0002,,,,,venues.publication_status;venues.jobs;venues.district;venues.name;venues.slug,LOW,EVIDENCE_STRONG,EDITORIAL_VERIFIED,PARTIAL,PLACES_FILTER,true,READY,ACTIVE,"live snapshot: just_landed_easy_dinner READY in 8 districts, 30 published venues",2026-07-29T18:55:01.732Z,other-bali-intent-os-autopilot,OB-INT-0001..0200@2026-07-29
OB-CAN-0003,Handle Visa-on-Arrival + cash on landing,"As a traveller in Bali, I want to handle Visa-on-Arrival + cash on landing.",Arrival and first day,OB-INT-0003,,,,,authoritative_source;reviewed_by;reviewed_at,LEGAL_REGULATORY,EVIDENCE_STRONG,AUTHORITATIVE_SOURCE_REQUIRED,UNMATCHED_EXTERNAL,NO_BUILD,false,HIGH_RISK_NOT_READY,RESEARCH_ONLY,risk_class=LEGAL_REGULATORY: 04_AUTONOMOUS_DECISION_POLICY.yaml risk_policy sets auto_build_allowed=false and publication_status=RESEARCH_ONLY for SAFETY/MEDICAL/LEGAL_REGULATORY,2026-07-29T18:55:01.732Z,other-bali-intent-os-autopilot,OB-INT-0001..0200@2026-07-29
OB-CAN-0004,Sleep near airport before/after red-eye flight,"As a traveller in Bali, I want to sleep near airport before/after red-eye flight.",Airport and departure,OB-INT-0004,,,,,venues.publication_status;venues.jobs;venues.district;venues.name;venues.slug,LOW,EVIDENCE_STRONG,EDITORIAL_VERIFIED,MATCHED,PLACES_FILTER,true,READY,ACTIVE,"live snapshot: just_landed_easy_dinner READY in 8 districts, 30 published venues",2026-07-29T18:55:01.732Z,other-bali-intent-os-autopilot,OB-INT-0001..0200@2026-07-29
OB-CAN-0005,Kill 3–6 hours near airport before flight,"As a traveller in Bali, I want to kill 3–6 hours near airport before flight.",Airport and departure,OB-INT-0005,,,,,venues.publication_status;venues.jobs;venues.district;venues.name;venues.slug,LOW,EVIDENCE_STRONG,EDITORIAL_VERIFIED,MATCHED,PLACES_FILTER,true,READY,ACTIVE,"live snapshot: just_landed_easy_dinner READY in 8 districts, 30 published venues",2026-07-29T18:55:01.732Z,other-bali-intent-os-autopilot,OB-INT-0001..0200@2026-07-29
OB-CAN-0006,Have a proper last-day meal before evening flight,"As a traveller in Bali, I want to have a proper last-day meal before evening flight.",Airport and departure,OB-INT-0006,,,late-dinner,,venues.publication_status;venues.jobs;venues.district;venues.name;venues.slug,LOW,EVIDENCE_STRONG,EDITORIAL_VERIFIED,PARTIAL,PLACES_FILTER,true,BLOCKED_BY_DATA,ACTIVE,no venue jobs slug covers this intent (internal key late-dinner); live data carries only [brunch_after_surf|date_night_special|sunset_drinks_view|family_early_dinner|group_dinner_share|special_occasion|quiet_work_cafe|local_food_calm|just_landed_easy_dinner],2026-07-29T18:55:01.732Z,other-bali-intent-os-autopilot,OB-INT-0001..0200@2026-07-29
OB-CAN-0007,Find breakfast open before 7 AM,"As a traveller in Bali, I want to find breakfast open before 7 AM.",Breakfast,OB-INT-0007;OB-INT-0008;OB-INT-0009;OB-INT-0010,Find brunch in Canggu with strong coffee and eggs;Find Ubud breakfast spot with rice-field or nature view;Find breakfast in Sanur that isn't the hotel buffet,OB-INT-0008;OB-INT-0009;OB-INT-0010,,,venues.publication_status;venues.jobs;venues.district;venues.name;venues.slug,OPERATIONAL,EVIDENCE_STRONG,EDITORIAL_VERIFIED,MATCHED,PLACES_FILTER,true,READY_WITH_LIMITED_DISTRICTS,ACTIVE,"live snapshot: brunch_after_surf READY in 4 district(s) [canggu|seminyak|ubud|uluwatu-bukit], 76 published venues",2026-07-29T18:55:01.732Z,other-bali-intent-os-autopilot,OB-INT-0001..0200@2026-07-29
OB-CAN-0008,"Grab a quick, cheap lunch mid-day between activities","As a traveller in Bali, I want to grab a quick, cheap lunch mid-day between activities.",Lunch,OB-INT-0011,,,,,venues.publication_status;venues.jobs;venues.district;venues.name;venues.slug,OPERATIONAL,EVIDENCE_STRONG,EDITORIAL_VERIFIED,PARTIAL,PLACES_FILTER,true,BLOCKED_BY_DATA,ACTIVE,no venue jobs slug covers this intent (internal key midday-reset); live data carries only [brunch_after_surf|date_night_special|sunset_drinks_view|family_early_dinner|group_dinner_share|special_occasion|quiet_work_cafe|local_food_calm|just_landed_easy_dinner],2026-07-29T18:55:01.732Z,other-bali-intent-os-autopilot,OB-INT-0001..0200@2026-07-29
OB-CAN-0009,Have a lunch with a view (rice field / cliff / ocean),"As a traveller in Bali, I want to have a lunch with a view (rice field / cliff / ocean).",Lunch,OB-INT-0012,,,,,venues.publication_status;venues.jobs;venues.district;venues.name;venues.slug,LOW,EVIDENCE_STRONG,EDITORIAL_VERIFIED,MATCHED,PLACES_FILTER,true,BLOCKED_BY_DATA,ACTIVE,no venue jobs slug covers this intent (internal key midday-reset); live data carries only [brunch_after_surf|date_night_special|sunset_drinks_view|family_early_dinner|group_dinner_share|special_occasion|quiet_work_cafe|local_food_calm|just_landed_easy_dinner],2026-07-29T18:55:01.732Z,other-bali-intent-os-autopilot,OB-INT-0001..0200@2026-07-29
OB-CAN-0010,Order food to villa via Grab/Gojek when tired,"As a traveller in Bali, I want to order food to villa via Grab/Gojek when tired.",Lunch,OB-INT-0013,,,,,venues.publication_status;venues.jobs;venues.district;venues.name;venues.slug,OPERATIONAL,EVIDENCE_STRONG,EDITORIAL_VERIFIED,MATCHED,PLACES_FILTER,true,BLOCKED_BY_DATA,ACTIVE,no venue jobs slug covers this intent (internal key midday-reset); live data carries only [brunch_after_surf|date_night_special|sunset_drinks_view|family_early_dinner|group_dinner_share|special_occasion|quiet_work_cafe|local_food_calm|just_landed_easy_dinner],2026-07-29T18:55:01.732Z,other-bali-intent-os-autopilot,OB-INT-0001..0200@2026-07-29
OB-CAN-0011,Choose a romantic dinner in Ubud,"As a traveller in Bali, I want to choose a romantic dinner in Ubud.",Dinner,OB-INT-0014;OB-INT-0015;OB-INT-0042,Choose a romantic dinner in Uluwatu with sunset view;Plan a romantic dinner for couples anywhere in Bali,OB-INT-0015;OB-INT-0042,,,venues.publication_status;venues.jobs;venues.district;venues.name;venues.slug,LOW,EVIDENCE_STRONG,EDITORIAL_VERIFIED,PARTIAL,PLACES_FILTER,true,READY,ACTIVE,"live snapshot: date_night_special READY in 7 districts, 82 published venues",2026-07-29T18:55:01.732Z,other-bali-intent-os-autopilot,OB-INT-0001..0200@2026-07-29
OB-CAN-0012,Choose a special-occasion / birthday dinner,"As a traveller in Bali, I want to choose a special-occasion / birthday dinner.",Dinner,OB-INT-0016;OB-INT-0051,Choose a birthday dinner / restaurant for a group,OB-INT-0051,,,venues.publication_status;venues.jobs;venues.district;venues.name;venues.slug,LOW,EVIDENCE_STRONG,EDITORIAL_VERIFIED,MATCHED,PLACES_FILTER,true,READY,ACTIVE,"live snapshot: special_occasion READY in 7 districts, 51 published venues",2026-07-29T18:55:01.732Z,other-bali-intent-os-autopilot,OB-INT-0001..0200@2026-07-29
OB-CAN-0013,Find a dinner spot without loud music,"As a traveller in Bali, I want to find a dinner spot without loud music.",Dinner,OB-INT-0017,,,,,venues.publication_status;venues.jobs;venues.district;venues.name;venues.slug,LOW,EVIDENCE_STRONG,EDITORIAL_VERIFIED,UNMATCHED_EXTERNAL,PLACES_FILTER,true,BLOCKED_BY_DATA,ACTIVE,no venue jobs slug covers this intent (internal key unmatched); live data carries only [brunch_after_surf|date_night_special|sunset_drinks_view|family_early_dinner|group_dinner_share|special_occasion|quiet_work_cafe|local_food_calm|just_landed_easy_dinner],2026-07-29T18:55:01.732Z,other-bali-intent-os-autopilot,OB-INT-0001..0200@2026-07-29
OB-CAN-0014,Find a fine-dining tasting-menu experience,"As a traveller in Bali, I want to find a fine-dining tasting-menu experience.",Dinner,OB-INT-0018,,,,,venues.publication_status;venues.jobs;venues.district;venues.name;venues.slug,LOW,EVIDENCE_STRONG,EDITORIAL_VERIFIED,MATCHED,PLACES_FILTER,true,BLOCKED_BY_DATA,ACTIVE,no venue jobs slug covers this intent (internal key worth-the-splurge); live data carries only [brunch_after_surf|date_night_special|sunset_drinks_view|family_early_dinner|group_dinner_share|special_occasion|quiet_work_cafe|local_food_calm|just_landed_easy_dinner],2026-07-29T18:55:01.732Z,other-bali-intent-os-autopilot,OB-INT-0001..0200@2026-07-29
OB-CAN-0015,Eat after midnight in Canggu,"As a traveller in Bali, I want to eat after midnight in Canggu.",Late-night food,OB-INT-0019;OB-INT-0020;OB-INT-0021,Find late-night food in Sanur (limited options);Post-clubbing food run in Canggu / Seminyak,OB-INT-0020;OB-INT-0021,after-dark,,venues.publication_status;venues.jobs;venues.district;venues.name;venues.slug,LOW,EVIDENCE_STRONG,EDITORIAL_VERIFIED,PARTIAL,PLACES_FILTER,true,BLOCKED_BY_DATA,ACTIVE,no venue jobs slug covers this intent (internal key district-intent-spoke); live data carries only [brunch_after_surf|date_night_special|sunset_drinks_view|family_early_dinner|group_dinner_share|special_occasion|quiet_work_cafe|local_food_calm|just_landed_easy_dinner],2026-07-29T18:55:01.732Z,other-bali-intent-os-autopilot,OB-INT-0001..0200@2026-07-29
OB-CAN-0016,Find a really good specialty coffee shop,"As a traveller in Bali, I want to find a really good specialty coffee shop.",Coffee,OB-INT-0022;OB-INT-0023,Find coffee spot open before 7 AM,OB-INT-0023,,,venues.publication_status;venues.jobs;venues.district;venues.name;venues.slug,LOW,EVIDENCE_STRONG,EDITORIAL_VERIFIED,UNMATCHED_EXTERNAL,PLACES_FILTER,true,BLOCKED_BY_DATA,ACTIVE,no venue jobs slug covers this intent (internal key unmatched); live data carries only [brunch_after_surf|date_night_special|sunset_drinks_view|family_early_dinner|group_dinner_share|special_occasion|quiet_work_cafe|local_food_calm|just_landed_easy_dinner],2026-07-29T18:55:01.732Z,other-bali-intent-os-autopilot,OB-INT-0001..0200@2026-07-29
OB-CAN-0017,Find quiet cafe suitable for Zoom / video calls,"As a traveller in Bali, I want to find quiet cafe suitable for Zoom / video calls.",Remote work,OB-INT-0024,,,,,venues.publication_status;venues.jobs;venues.district;venues.name;venues.slug,LOW,EVIDENCE_STRONG,EDITORIAL_VERIFIED,MATCHED,PLACES_FILTER,true,READY,ACTIVE,"live snapshot: quiet_work_cafe READY in 7 districts, 52 published venues",2026-07-29T18:55:01.732Z,other-bali-intent-os-autopilot,OB-INT-0001..0200@2026-07-29
OB-CAN-0018,Find laptop-friendly cafe with power outlets and fast Wi-Fi,"As a traveller in Bali, I want to find laptop-friendly cafe with power outlets and fast Wi-Fi.",Remote work,OB-INT-0025,,,,,venues.publication_status;venues.jobs;venues.district;venues.name;venues.slug,LOW,EVIDENCE_STRONG,EDITORIAL_VERIFIED,MATCHED,PLACES_FILTER,true,READY,ACTIVE,"live snapshot: quiet_work_cafe READY in 7 districts, 52 published venues",2026-07-29T18:55:01.732Z,other-bali-intent-os-autopilot,OB-INT-0001..0200@2026-07-29
OB-CAN-0019,"Buy a coworking day pass (drop-in, no membership)","As a traveller in Bali, I want to buy a coworking day pass (drop-in, no membership).",Remote work,OB-INT-0026;OB-INT-0027,Find 24/7 coworking for late-shift time zones,OB-INT-0027,,,venues.publication_status;venues.jobs;venues.district;venues.name;venues.slug,OPERATIONAL,EVIDENCE_STRONG,EDITORIAL_VERIFIED,PARTIAL,PLACES_FILTER,true,READY,ACTIVE,"live snapshot: quiet_work_cafe READY in 7 districts, 52 published venues",2026-07-29T18:55:01.732Z,other-bali-intent-os-autopilot,OB-INT-0001..0200@2026-07-29
OB-CAN-0020,Choose a sunset dinner in Uluwatu,"As a traveller in Bali, I want to choose a sunset dinner in Uluwatu.",Sunset,OB-INT-0028,,,,,venues.publication_status;venues.jobs;venues.district;venues.name;venues.slug,LOW,EVIDENCE_STRONG,EDITORIAL_VERIFIED,PARTIAL,PLACES_FILTER,true,READY,ACTIVE,"live snapshot: sunset_drinks_view READY in 6 districts, 40 published venues",2026-07-29T18:55:01.732Z,other-bali-intent-os-autopilot,OB-INT-0001..0200@2026-07-29
OB-CAN-0021,Find a quiet sunset spot away from big beach clubs,"As a traveller in Bali, I want to find a quiet sunset spot away from big beach clubs.",Sunset,OB-INT-0029,,,,,venues.publication_status;venues.jobs;venues.district;venues.name;venues.slug,LOW,EVIDENCE_STRONG,EDITORIAL_VERIFIED,PARTIAL,PLACES_FILTER,true,READY,ACTIVE,"live snapshot: sunset_drinks_view READY in 6 districts, 40 published venues",2026-07-29T18:55:01.732Z,other-bali-intent-os-autopilot,OB-INT-0001..0200@2026-07-29
OB-CAN-0022,Find sunset spot with sunset happy-hour cocktails,"As a traveller in Bali, I want to find sunset spot with sunset happy-hour cocktails.",Sunset,OB-INT-0030,,,,,venues.publication_status;venues.jobs;venues.district;venues.name;venues.slug,LOW,EVIDENCE_STRONG,EDITORIAL_VERIFIED,MATCHED,PLACES_FILTER,true,READY,ACTIVE,"live snapshot: sunset_drinks_view READY in 6 districts, 40 published venues",2026-07-29T18:55:01.732Z,other-bali-intent-os-autopilot,OB-INT-0001..0200@2026-07-29
OB-CAN-0023,Do Mount Batur sunrise trek,"As a traveller in Bali, I want to do Mount Batur sunrise trek.",Sunrise,OB-INT-0031,,,,,venues.publication_status;venues.jobs;venues.district;venues.name;venues.slug,LOW,EVIDENCE_STRONG,EDITORIAL_VERIFIED,PARTIAL,PLACES_FILTER,true,BLOCKED_BY_DATA,ACTIVE,no venue jobs slug covers this intent (internal key sunrise); live data carries only [brunch_after_surf|date_night_special|sunset_drinks_view|family_early_dinner|group_dinner_share|special_occasion|quiet_work_cafe|local_food_calm|just_landed_easy_dinner],2026-07-29T18:55:01.732Z,other-bali-intent-os-autopilot,OB-INT-0001..0200@2026-07-29
OB-CAN-0024,Watch sunrise at Sanur beach walk,"As a traveller in Bali, I want to watch sunrise at Sanur beach walk.",Sunrise,OB-INT-0032;OB-INT-0033,Do Campuhan Ridge Walk at sunrise,OB-INT-0033,,,venues.publication_status;venues.jobs;venues.district;venues.name;venues.slug,LOW,EVIDENCE_STRONG,EDITORIAL_VERIFIED,PARTIAL,PLACES_FILTER,true,BLOCKED_BY_DATA,ACTIVE,no venue jobs slug covers this intent (internal key sunrise); live data carries only [brunch_after_surf|date_night_special|sunset_drinks_view|family_early_dinner|group_dinner_share|special_occasion|quiet_work_cafe|local_food_calm|just_landed_easy_dinner],2026-07-29T18:55:01.732Z,other-bali-intent-os-autopilot,OB-INT-0001..0200@2026-07-29
OB-CAN-0025,Find what to do in Bali on a rainy day,"As a traveller in Bali, I want to find what to do in Bali on a rainy day.",Rainy day,OB-INT-0034;OB-INT-0035;OB-INT-0036;OB-INT-0093;OB-INT-0098,Have a rainy-day backup for Ubud sightseeing plan;Take a Balinese cooking class indoors when it rains;Have rainy-hour backup activity within 15 min;Choose activity for kids on a rainy afternoon,OB-INT-0035;OB-INT-0036;OB-INT-0093;OB-INT-0098,,,venues.publication_status;venues.jobs;venues.district;venues.name;venues.slug,LOW,EVIDENCE_STRONG,EDITORIAL_VERIFIED,MATCHED,PLACES_FILTER,true,BLOCKED_BY_DATA,ACTIVE,no venue jobs slug covers this intent (internal key rainy-day); live data carries only [brunch_after_surf|date_night_special|sunset_drinks_view|family_early_dinner|group_dinner_share|special_occasion|quiet_work_cafe|local_food_calm|just_landed_easy_dinner],2026-07-29T18:55:01.732Z,other-bali-intent-os-autopilot,OB-INT-0001..0200@2026-07-29
OB-CAN-0026,Find family cafe / restaurant with kids' play area,"As a traveller in Bali, I want to find family cafe / restaurant with kids' play area.",Families with children,OB-INT-0037;OB-INT-0040;OB-INT-0041,Find kid-friendly cafe with playground in Seminyak;Find kid-friendly food when travelling with a baby,OB-INT-0040;OB-INT-0041,,,venues.publication_status;venues.jobs;venues.district;venues.name;venues.slug,LOW,EVIDENCE_STRONG,EDITORIAL_VERIFIED,MATCHED,PLACES_FILTER,true,READY,ACTIVE,"live snapshot: family_early_dinner READY in 9 districts, 54 published venues",2026-07-29T18:55:01.732Z,other-bali-intent-os-autopilot,OB-INT-0001..0200@2026-07-29
OB-CAN-0027,Choose Canggu vs Sanur for first trip with young kids,"As a traveller in Bali, I want to choose Canggu vs Sanur for first trip with young kids.",Families with children,OB-INT-0038,,,,,venues.publication_status;venues.jobs;venues.district;venues.name;venues.slug,LOW,EVIDENCE_STRONG,EDITORIAL_VERIFIED,PARTIAL,PLACES_FILTER,true,READY,ACTIVE,"live snapshot: family_early_dinner READY in 9 districts, 54 published venues",2026-07-29T18:55:01.732Z,other-bali-intent-os-autopilot,OB-INT-0001..0200@2026-07-29
OB-CAN-0028,Spend a day at Waterbom Bali with kids,"As a traveller in Bali, I want to spend a day at Waterbom Bali with kids.",Families with children,OB-INT-0039,,,,,venues.publication_status;venues.name;venues.slug,LOW,EVIDENCE_STRONG,EDITORIAL_VERIFIED,MATCHED,PLACES_SEARCH,true,READY,ACTIVE,"live snapshot: family_early_dinner READY in 9 districts, 54 published venues",2026-07-29T18:55:01.732Z,other-bali-intent-os-autopilot,OB-INT-0001..0200@2026-07-29
OB-CAN-0029,Book a couples spa treatment,"As a traveller in Bali, I want to book a couples spa treatment.",Couples and romance,OB-INT-0043,,,romantic,,venues.publication_status;venues.jobs;venues.district;venues.name;venues.slug,LOW,EVIDENCE_STRONG,EDITORIAL_VERIFIED,PARTIAL,PLACES_FILTER,true,BLOCKED_BY_DATA,ACTIVE,no venue jobs slug covers this intent (internal key romantic); live data carries only [brunch_after_surf|date_night_special|sunset_drinks_view|family_early_dinner|group_dinner_share|special_occasion|quiet_work_cafe|local_food_calm|just_landed_easy_dinner],2026-07-29T18:55:01.732Z,other-bali-intent-os-autopilot,OB-INT-0001..0200@2026-07-29
OB-CAN-0030,Have a private-chef in-villa dinner for two,"As a traveller in Bali, I want to have a private-chef in-villa dinner for two.",Couples and romance,OB-INT-0044,,,,,venues.publication_status;venues.jobs;venues.district;venues.name;venues.slug,LOW,EVIDENCE_STRONG,EDITORIAL_VERIFIED,PARTIAL,PLACES_FILTER,true,READY,ACTIVE,"live snapshot: date_night_special READY in 7 districts, 82 published venues",2026-07-29T18:55:01.732Z,other-bali-intent-os-autopilot,OB-INT-0001..0200@2026-07-29
OB-CAN-0031,Find a private / secluded spot to propose,"As a traveller in Bali, I want to find a private / secluded spot to propose.",Proposals and anniversaries,OB-INT-0045;OB-INT-0099,Find a private / secluded villa dining set-up for anniversary,OB-INT-0099,,,venues.publication_status;venues.jobs;venues.district;venues.name;venues.slug,LOW,EVIDENCE_STRONG,EDITORIAL_VERIFIED,MATCHED,PLACES_FILTER,true,READY,ACTIVE,"live snapshot: special_occasion READY in 7 districts, 51 published venues",2026-07-29T18:55:01.732Z,other-bali-intent-os-autopilot,OB-INT-0001..0200@2026-07-29
OB-CAN-0032,Hire a proposal / engagement photographer in Bali,"As a traveller in Bali, I want to hire a proposal / engagement photographer in Bali.",Proposals and anniversaries,OB-INT-0046,,,,,venues.publication_status;venues.jobs;venues.district;venues.name;venues.slug,LOW,EVIDENCE_STRONG,EDITORIAL_VERIFIED,MATCHED,PLACES_FILTER,true,READY,ACTIVE,"live snapshot: special_occasion READY in 7 districts, 51 published venues",2026-07-29T18:55:01.732Z,other-bali-intent-os-autopilot,OB-INT-0001..0200@2026-07-29
OB-CAN-0033,Feel safe as a solo female traveller,"As a traveller in Bali, I want to feel safe as a solo female traveller.",Solo travelers,OB-INT-0047,,,,,authoritative_source;reviewed_by;reviewed_at,SAFETY,EVIDENCE_STRONG,AUTHORITATIVE_SOURCE_REQUIRED,UNMATCHED_EXTERNAL,NO_BUILD,false,HIGH_RISK_NOT_READY,RESEARCH_ONLY,risk_class=SAFETY: 04_AUTONOMOUS_DECISION_POLICY.yaml risk_policy sets auto_build_allowed=false and publication_status=RESEARCH_ONLY for SAFETY/MEDICAL/LEGAL_REGULATORY,2026-07-29T18:55:01.732Z,other-bali-intent-os-autopilot,OB-INT-0001..0200@2026-07-29
OB-CAN-0034,Find social coworking to meet people as a solo nomad,"As a traveller in Bali, I want to find social coworking to meet people as a solo nomad.",Solo travelers,OB-INT-0048,,,,,venues.publication_status;venues.jobs;venues.district;venues.name;venues.slug,LOW,EVIDENCE_STRONG,EDITORIAL_VERIFIED,PARTIAL,PLACES_FILTER,true,READY,ACTIVE,"live snapshot: quiet_work_cafe READY in 7 districts, 52 published venues",2026-07-29T18:55:01.732Z,other-bali-intent-os-autopilot,OB-INT-0001..0200@2026-07-29
OB-CAN-0035,Book a solo yoga retreat in Ubud,"As a traveller in Bali, I want to book a solo yoga retreat in Ubud.",Solo travelers,OB-INT-0049,,,,,venues.publication_status;venues.jobs;venues.district;venues.name;venues.slug,LOW,EVIDENCE_STRONG,EDITORIAL_VERIFIED,PARTIAL,PLACES_FILTER,true,BLOCKED_BY_DATA,ACTIVE,no venue jobs slug covers this intent (internal key retreat); live data carries only [brunch_after_surf|date_night_special|sunset_drinks_view|family_early_dinner|group_dinner_share|special_occasion|quiet_work_cafe|local_food_calm|just_landed_easy_dinner],2026-07-29T18:55:01.732Z,other-bali-intent-os-autopilot,OB-INT-0001..0200@2026-07-29
OB-CAN-0036,Find a big party villa for a bachelorette / birthday group,"As a traveller in Bali, I want to find a big party villa for a bachelorette / birthday group.",Groups and celebrations,OB-INT-0050,,,,,venues.publication_status;venues.jobs;venues.district;venues.name;venues.slug,LOW,EVIDENCE_STRONG,EDITORIAL_VERIFIED,PARTIAL,PLACES_FILTER,true,READY,ACTIVE,"live snapshot: special_occasion READY in 7 districts, 51 published venues",2026-07-29T18:55:01.732Z,other-bali-intent-os-autopilot,OB-INT-0001..0200@2026-07-29
OB-CAN-0037,Book bottomless Sunday brunch for a group,"As a traveller in Bali, I want to book bottomless Sunday brunch for a group.",Groups and celebrations,OB-INT-0052,,,,,venues.publication_status;venues.jobs;venues.district;venues.name;venues.slug,LOW,EVIDENCE_MODERATE,EDITORIAL_VERIFIED,PARTIAL,PLACES_FILTER,true,READY,ACTIVE,"live snapshot: special_occasion READY in 7 districts, 51 published venues",2026-07-29T18:55:01.732Z,other-bali-intent-os-autopilot,OB-INT-0001..0200@2026-07-29
OB-CAN-0038,Book a Balinese traditional massage / spa in Ubud,"As a traveller in Bali, I want to book a Balinese traditional massage / spa in Ubud.",Wellness and spa,OB-INT-0053,,,,,venues.publication_status;venues.jobs;venues.district;venues.name;venues.slug,LOW,EVIDENCE_STRONG,EDITORIAL_VERIFIED,PARTIAL,PLACES_FILTER,true,BLOCKED_BY_DATA,ACTIVE,no venue jobs slug covers this intent (internal key wellness-spa); live data carries only [brunch_after_surf|date_night_special|sunset_drinks_view|family_early_dinner|group_dinner_share|special_occasion|quiet_work_cafe|local_food_calm|just_landed_easy_dinner],2026-07-29T18:55:01.732Z,other-bali-intent-os-autopilot,OB-INT-0001..0200@2026-07-29
OB-CAN-0039,Find affordable clean 1-hour massage anywhere,"As a traveller in Bali, I want to find affordable clean 1-hour massage anywhere.",Wellness and spa,OB-INT-0054;OB-INT-0055,Get a massage after Mount Batur,OB-INT-0055,,,venues.publication_status;venues.jobs;venues.district;venues.name;venues.slug,LOW,EVIDENCE_STRONG,EDITORIAL_VERIFIED,PARTIAL,PLACES_FILTER,true,BLOCKED_BY_DATA,ACTIVE,no venue jobs slug covers this intent (internal key cheap-and-brilliant); live data carries only [brunch_after_surf|date_night_special|sunset_drinks_view|family_early_dinner|group_dinner_share|special_occasion|quiet_work_cafe|local_food_calm|just_landed_easy_dinner],2026-07-29T18:55:01.732Z,other-bali-intent-os-autopilot,OB-INT-0001..0200@2026-07-29
OB-CAN-0040,Find safe swimming beach in Sanur for calm water,"As a traveller in Bali, I want to find safe swimming beach in Sanur for calm water.",Beaches and swimming,OB-INT-0057,,,,,venues.publication_status;venues.jobs;venues.district;venues.name;venues.slug,LOW,EVIDENCE_STRONG,EDITORIAL_VERIFIED,MATCHED,PLACES_FILTER,true,BLOCKED_BY_DATA,ACTIVE,no venue jobs slug covers this intent (internal key district-intent-spoke); live data carries only [brunch_after_surf|date_night_special|sunset_drinks_view|family_early_dinner|group_dinner_share|special_occasion|quiet_work_cafe|local_food_calm|just_landed_easy_dinner],2026-07-29T18:55:01.732Z,other-bali-intent-os-autopilot,OB-INT-0001..0200@2026-07-29
OB-CAN-0041,Pick a beach club for chill day (not party),"As a traveller in Bali, I want to pick a beach club for chill day (not party).",Beaches and swimming,OB-INT-0058,,,,,venues.publication_status;venues.jobs;venues.district;venues.name;venues.slug,LOW,EVIDENCE_STRONG,EDITORIAL_VERIFIED,PARTIAL,PLACES_FILTER,true,BLOCKED_BY_DATA,ACTIVE,no venue jobs slug covers this intent (internal key beach-club); live data carries only [brunch_after_surf|date_night_special|sunset_drinks_view|family_early_dinner|group_dinner_share|special_occasion|quiet_work_cafe|local_food_calm|just_landed_easy_dinner],2026-07-29T18:55:01.732Z,other-bali-intent-os-autopilot,OB-INT-0001..0200@2026-07-29
OB-CAN-0042,Buy a hotel day pass (pool for non-guests),"As a traveller in Bali, I want to buy a hotel day pass (pool for non-guests).",Beaches and swimming,OB-INT-0059,,,,,venues.publication_status;venues.jobs;venues.district;venues.name;venues.slug,OPERATIONAL,EVIDENCE_STRONG,EDITORIAL_VERIFIED,PARTIAL,PLACES_FILTER,true,BLOCKED_BY_DATA,ACTIVE,no venue jobs slug covers this intent (internal key where-to-stay); live data carries only [brunch_after_surf|date_night_special|sunset_drinks_view|family_early_dinner|group_dinner_share|special_occasion|quiet_work_cafe|local_food_calm|just_landed_easy_dinner],2026-07-29T18:55:01.732Z,other-bali-intent-os-autopilot,OB-INT-0001..0200@2026-07-29
OB-CAN-0043,Learn to surf as a beginner (safe waves),"As a traveller in Bali, I want to learn to surf as a beginner (safe waves).",Surfing,OB-INT-0060;OB-INT-0061,Choose beginner surf spot in Uluwatu area,OB-INT-0061,,,venues.publication_status;venues.jobs;venues.district;venues.name;venues.slug,LOW,EVIDENCE_STRONG,EDITORIAL_VERIFIED,MATCHED,PLACES_FILTER,true,BLOCKED_BY_DATA,ACTIVE,no venue jobs slug covers this intent (internal key active-day); live data carries only [brunch_after_surf|date_night_special|sunset_drinks_view|family_early_dinner|group_dinner_share|special_occasion|quiet_work_cafe|local_food_calm|just_landed_easy_dinner],2026-07-29T18:55:01.732Z,other-bali-intent-os-autopilot,OB-INT-0001..0200@2026-07-29
OB-CAN-0044,Post-surf smoothie / brunch spot near the break,"As a traveller in Bali, I want to post-surf smoothie / brunch spot near the break.",Surfing,OB-INT-0062,,,,,venues.publication_status;venues.jobs;venues.district;venues.name;venues.slug,LOW,EVIDENCE_MODERATE,EDITORIAL_VERIFIED,PARTIAL,PLACES_FILTER,true,READY_WITH_LIMITED_DISTRICTS,ACTIVE,"live snapshot: brunch_after_surf READY in 4 district(s) [canggu|seminyak|ubud|uluwatu-bukit], 76 published venues",2026-07-29T18:55:01.732Z,other-bali-intent-os-autopilot,OB-INT-0001..0200@2026-07-29
OB-CAN-0045,See major Bali waterfalls in a single day trip,"As a traveller in Bali, I want to see major Bali waterfalls in a single day trip.",Waterfalls and nature,OB-INT-0063;OB-INT-0064,Do a day trip to Munduk waterfalls from Ubud,OB-INT-0064,,,venues.publication_status;venues.jobs;venues.district;venues.name;venues.slug,LOW,EVIDENCE_STRONG,EDITORIAL_VERIFIED,UNMATCHED_EXTERNAL,PLACES_FILTER,true,BLOCKED_BY_DATA,ACTIVE,no venue jobs slug covers this intent (internal key unmatched); live data carries only [brunch_after_surf|date_night_special|sunset_drinks_view|family_early_dinner|group_dinner_share|special_occasion|quiet_work_cafe|local_food_calm|just_landed_easy_dinner],2026-07-29T18:55:01.732Z,other-bali-intent-os-autopilot,OB-INT-0001..0200@2026-07-29
OB-CAN-0046,Understand temple dress code before visit,"As a traveller in Bali, I want to understand temple dress code before visit.",Temples and culture,OB-INT-0065;OB-INT-0130,"Understand temple dress code (sarongs, cover-up)",OB-INT-0130,,,editorial_source;verified_at,LOW,EVIDENCE_STRONG,EDITORIAL_VERIFIED,UNMATCHED_EXTERNAL,DECISION_PAGE,false,NEEDS_ENRICHMENT,ACTIVE,editorial topic requires a sourced editorial record with verified_at; no such record observed in repository,2026-07-29T18:55:01.732Z,other-bali-intent-os-autopilot,OB-INT-0001..0200@2026-07-29
OB-CAN-0047,Watch Kecak fire dance at Uluwatu Temple,"As a traveller in Bali, I want to watch Kecak fire dance at Uluwatu Temple.",Temples and culture,OB-INT-0066,,,,,venues.publication_status;venues.jobs;venues.district;venues.name;venues.slug,LOW,EVIDENCE_STRONG,EDITORIAL_VERIFIED,MATCHED,PLACES_FILTER,true,BLOCKED_BY_DATA,ACTIVE,no venue jobs slug covers this intent (internal key district-intent-spoke); live data carries only [brunch_after_surf|date_night_special|sunset_drinks_view|family_early_dinner|group_dinner_share|special_occasion|quiet_work_cafe|local_food_calm|just_landed_easy_dinner],2026-07-29T18:55:01.732Z,other-bali-intent-os-autopilot,OB-INT-0001..0200@2026-07-29
OB-CAN-0048,Take an authentic Balinese cooking class,"As a traveller in Bali, I want to take an authentic Balinese cooking class.",Temples and culture,OB-INT-0067,,,,,venues.publication_status;venues.jobs;venues.district;venues.name;venues.slug,LOW,EVIDENCE_STRONG,EDITORIAL_VERIFIED,UNMATCHED_EXTERNAL,PLACES_FILTER,true,BLOCKED_BY_DATA,ACTIVE,no venue jobs slug covers this intent (internal key unmatched); live data carries only [brunch_after_surf|date_night_special|sunset_drinks_view|family_early_dinner|group_dinner_share|special_occasion|quiet_work_cafe|local_food_calm|just_landed_easy_dinner],2026-07-29T18:55:01.732Z,other-bali-intent-os-autopilot,OB-INT-0001..0200@2026-07-29
OB-CAN-0049,Do a day trip to Nusa Penida from mainland,"As a traveller in Bali, I want to do a day trip to Nusa Penida from mainland.",Day trips,OB-INT-0068,,,,,venues.publication_status;venues.jobs;venues.district;venues.name;venues.slug,LOW,EVIDENCE_STRONG,EDITORIAL_VERIFIED,UNMATCHED_EXTERNAL,PLACES_FILTER,true,BLOCKED_BY_DATA,ACTIVE,no venue jobs slug covers this intent (internal key unmatched); live data carries only [brunch_after_surf|date_night_special|sunset_drinks_view|family_early_dinner|group_dinner_share|special_occasion|quiet_work_cafe|local_food_calm|just_landed_easy_dinner],2026-07-29T18:55:01.732Z,other-bali-intent-os-autopilot,OB-INT-0001..0200@2026-07-29
OB-CAN-0050,Go snorkelling / diving in Amed or Nusa Lembongan,"As a traveller in Bali, I want to go snorkelling / diving in Amed or Nusa Lembongan.",Day trips,OB-INT-0069,,,,,venues.publication_status;venues.jobs;venues.district;venues.name;venues.slug,LOW,EVIDENCE_STRONG,EDITORIAL_VERIFIED,MATCHED,PLACES_FILTER,true,BLOCKED_BY_DATA,ACTIVE,no venue jobs slug covers this intent (internal key active-day); live data carries only [brunch_after_surf|date_night_special|sunset_drinks_view|family_early_dinner|group_dinner_share|special_occasion|quiet_work_cafe|local_food_calm|just_landed_easy_dinner],2026-07-29T18:55:01.732Z,other-bali-intent-os-autopilot,OB-INT-0001..0200@2026-07-29
OB-CAN-0051,Do a one-day Ubud loop (rice terrace + waterfall + temple),"As a traveller in Bali, I want to do a one-day Ubud loop (rice terrace + waterfall + temple).",Day trips,OB-INT-0070,,,,,venues.publication_status;venues.jobs;venues.district;venues.name;venues.slug,LOW,EVIDENCE_STRONG,EDITORIAL_VERIFIED,MATCHED,PLACES_FILTER,true,BLOCKED_BY_DATA,ACTIVE,no venue jobs slug covers this intent (internal key district-intent-spoke); live data carries only [brunch_after_surf|date_night_special|sunset_drinks_view|family_early_dinner|group_dinner_share|special_occasion|quiet_work_cafe|local_food_calm|just_landed_easy_dinner],2026-07-29T18:55:01.732Z,other-bali-intent-os-autopilot,OB-INT-0001..0200@2026-07-29
OB-CAN-0052,Pick luxury honeymoon villa with private pool,"As a traveller in Bali, I want to pick luxury honeymoon villa with private pool.",Luxury,OB-INT-0071,,,,,venues.publication_status;venues.jobs;venues.district;venues.name;venues.slug,LOW,EVIDENCE_STRONG,EDITORIAL_VERIFIED,PARTIAL,PLACES_FILTER,true,BLOCKED_BY_DATA,ACTIVE,no venue jobs slug covers this intent (internal key worth-the-splurge); live data carries only [brunch_after_surf|date_night_special|sunset_drinks_view|family_early_dinner|group_dinner_share|special_occasion|quiet_work_cafe|local_food_calm|just_landed_easy_dinner],2026-07-29T18:55:01.732Z,other-bali-intent-os-autopilot,OB-INT-0001..0200@2026-07-29
OB-CAN-0053,Book Locavore NXT / Apéritif tasting-menu experience,"As a traveller in Bali, I want to book Locavore NXT / Apéritif tasting-menu experience.",Luxury,OB-INT-0072,,,,,venues.publication_status;venues.name;venues.slug,LOW,EVIDENCE_STRONG,EDITORIAL_VERIFIED,MATCHED,PLACES_SEARCH,true,BLOCKED_BY_DATA,ACTIVE,no venue jobs slug covers this intent (internal key worth-the-splurge); live data carries only [brunch_after_surf|date_night_special|sunset_drinks_view|family_early_dinner|group_dinner_share|special_occasion|quiet_work_cafe|local_food_calm|just_landed_easy_dinner],2026-07-29T18:55:01.732Z,other-bali-intent-os-autopilot,OB-INT-0001..0200@2026-07-29
OB-CAN-0054,Travel Bali on a tight daily budget,"As a traveller in Bali, I want to travel Bali on a tight daily budget.",Budget travel,OB-INT-0073,,,,,venues.publication_status;venues.jobs;venues.district;venues.name;venues.slug,OPERATIONAL,EVIDENCE_STRONG,EDITORIAL_VERIFIED,MATCHED,PLACES_FILTER,true,BLOCKED_BY_DATA,ACTIVE,no venue jobs slug covers this intent (internal key cheap-and-brilliant); live data carries only [brunch_after_surf|date_night_special|sunset_drinks_view|family_early_dinner|group_dinner_share|special_occasion|quiet_work_cafe|local_food_calm|just_landed_easy_dinner],2026-07-29T18:55:01.732Z,other-bali-intent-os-autopilot,OB-INT-0001..0200@2026-07-29
OB-CAN-0055,Find warungs where locals actually eat (cheap authentic),"As a traveller in Bali, I want to find warungs where locals actually eat (cheap authentic).",Budget travel,OB-INT-0074,,,,,venues.publication_status;venues.jobs;venues.district;venues.name;venues.slug,OPERATIONAL,EVIDENCE_STRONG,EDITORIAL_VERIFIED,PARTIAL,PLACES_FILTER,true,READY,ACTIVE,"live snapshot: local_food_calm READY in 8 districts, 62 published venues",2026-07-29T18:55:01.732Z,other-bali-intent-os-autopilot,OB-INT-0001..0200@2026-07-29
OB-CAN-0056,Find vegan restaurants in Ubud,"As a traveller in Bali, I want to find vegan restaurants in Ubud.",Vegan and vegetarian,OB-INT-0075;OB-INT-0076;OB-INT-0077,"Find vegetarian options at local warungs;Find vegan / vegetarian spots outside Ubud (Canggu, Uluwatu, Seminyak)",OB-INT-0076;OB-INT-0077,,,venues.publication_status;venues.jobs;venues.district;venues.name;venues.slug,LOW,EVIDENCE_STRONG,EDITORIAL_VERIFIED,PARTIAL,PLACES_FILTER,true,BLOCKED_BY_DATA,ACTIVE,no venue jobs slug covers this intent (internal key vegetarian-and-plant-based); live data carries only [brunch_after_surf|date_night_special|sunset_drinks_view|family_early_dinner|group_dinner_share|special_occasion|quiet_work_cafe|local_food_calm|just_landed_easy_dinner],2026-07-29T18:55:01.732Z,other-bali-intent-os-autopilot,OB-INT-0001..0200@2026-07-29
OB-CAN-0057,Find açaí / smoothie bowls in Bali,"As a traveller in Bali, I want to find açaí / smoothie bowls in Bali.",Healthy food,OB-INT-0078,,,,,venues.publication_status;venues.jobs;venues.district;venues.name;venues.slug,LOW,EVIDENCE_STRONG,EDITORIAL_VERIFIED,MATCHED,PLACES_FILTER,true,BLOCKED_BY_DATA,ACTIVE,no venue jobs slug covers this intent (internal key desserts); live data carries only [brunch_after_surf|date_night_special|sunset_drinks_view|family_early_dinner|group_dinner_share|special_occasion|quiet_work_cafe|local_food_calm|just_landed_easy_dinner],2026-07-29T18:55:01.732Z,other-bali-intent-os-autopilot,OB-INT-0001..0200@2026-07-29
OB-CAN-0058,Find gluten-free / celiac-safe restaurants,"As a traveller in Bali, I want to find gluten-free / celiac-safe restaurants.",Dietary restrictions,OB-INT-0079,,,,,venues.publication_status;venues.jobs;venues.district;venues.name;venues.slug,LOW,EVIDENCE_STRONG,EDITORIAL_VERIFIED,UNMATCHED_EXTERNAL,PLACES_FILTER,true,BLOCKED_BY_DATA,ACTIVE,no venue jobs slug covers this intent (internal key unmatched); live data carries only [brunch_after_surf|date_night_special|sunset_drinks_view|family_early_dinner|group_dinner_share|special_occasion|quiet_work_cafe|local_food_calm|just_landed_easy_dinner],2026-07-29T18:55:01.732Z,other-bali-intent-os-autopilot,OB-INT-0001..0200@2026-07-29
OB-CAN-0059,Find halal restaurants for Muslim travellers,"As a traveller in Bali, I want to find halal restaurants for Muslim travellers.",Dietary restrictions,OB-INT-0080,,,,,venues.publication_status;venues.jobs;venues.district;venues.name;venues.slug,LOW,EVIDENCE_STRONG,EDITORIAL_VERIFIED,UNMATCHED_EXTERNAL,PLACES_FILTER,true,BLOCKED_BY_DATA,ACTIVE,no venue jobs slug covers this intent (internal key unmatched); live data carries only [brunch_after_surf|date_night_special|sunset_drinks_view|family_early_dinner|group_dinner_share|special_occasion|quiet_work_cafe|local_food_calm|just_landed_easy_dinner],2026-07-29T18:55:01.732Z,other-bali-intent-os-autopilot,OB-INT-0001..0200@2026-07-29
OB-CAN-0060,Find wheelchair-accessible places in Bali (limited),"As a traveller in Bali, I want to find wheelchair-accessible places in Bali (limited).",Accessibility,OB-INT-0081,,,,,venues.publication_status;venues.jobs;venues.district;venues.name;venues.slug,LOW,EVIDENCE_STRONG,EDITORIAL_VERIFIED,UNMATCHED_EXTERNAL,PLACES_FILTER,true,BLOCKED_BY_DATA,ACTIVE,no venue jobs slug covers this intent (internal key unmatched); live data carries only [brunch_after_surf|date_night_special|sunset_drinks_view|family_early_dinner|group_dinner_share|special_occasion|quiet_work_cafe|local_food_calm|just_landed_easy_dinner],2026-07-29T18:55:01.732Z,other-bali-intent-os-autopilot,OB-INT-0001..0200@2026-07-29
OB-CAN-0061,"Travel with elderly parents in Sanur (walkable, flat)","As a traveller in Bali, I want to travel with elderly parents in Sanur (walkable, flat).",Accessibility,OB-INT-0082,,,,,venues.publication_status;venues.jobs;venues.district;venues.name;venues.slug,LOW,EVIDENCE_STRONG,EDITORIAL_VERIFIED,MATCHED,PLACES_FILTER,true,BLOCKED_BY_DATA,ACTIVE,no venue jobs slug covers this intent (internal key district-intent-spoke); live data carries only [brunch_after_surf|date_night_special|sunset_drinks_view|family_early_dinner|group_dinner_share|special_occasion|quiet_work_cafe|local_food_calm|just_landed_easy_dinner],2026-07-29T18:55:01.732Z,other-bali-intent-os-autopilot,OB-INT-0001..0200@2026-07-29
OB-CAN-0062,Get around Bali without renting a scooter,"As a traveller in Bali, I want to get around Bali without renting a scooter.",Transport and no-scooter,OB-INT-0083,,,,,venues.publication_status;venue_action_capability,OPERATIONAL,EVIDENCE_STRONG,EDITORIAL_VERIFIED,UNMATCHED_EXTERNAL,PRODUCT_ONLY_NO_URL,false,BLOCKED_BY_DATA,ACTIVE,no venue jobs slug covers this intent (internal key unmatched); live data carries only [brunch_after_surf|date_night_special|sunset_drinks_view|family_early_dinner|group_dinner_share|special_occasion|quiet_work_cafe|local_food_calm|just_landed_easy_dinner],2026-07-29T18:55:01.732Z,other-bali-intent-os-autopilot,OB-INT-0001..0200@2026-07-29
OB-CAN-0063,Understand where Grab/Gojek can and can't pick up (Ubud),"As a traveller in Bali, I want to understand where Grab/Gojek can and can't pick up (Ubud).",Transport and no-scooter,OB-INT-0084,,,,,venues.publication_status;venue_action_capability,OPERATIONAL,EVIDENCE_STRONG,EDITORIAL_VERIFIED,MATCHED,PRODUCT_ONLY_NO_URL,false,BLOCKED_BY_DATA,ACTIVE,no venue jobs slug covers this intent (internal key district-intent-spoke); live data carries only [brunch_after_surf|date_night_special|sunset_drinks_view|family_early_dinner|group_dinner_share|special_occasion|quiet_work_cafe|local_food_calm|just_landed_easy_dinner],2026-07-29T18:55:01.732Z,other-bali-intent-os-autopilot,OB-INT-0001..0200@2026-07-29
OB-CAN-0064,Hire a private driver for a full-day tour,"As a traveller in Bali, I want to hire a private driver for a full-day tour.",Transport and no-scooter,OB-INT-0085;OB-INT-0125,Hire private driver for full-day tours,OB-INT-0125,,,venues.publication_status;venue_action_capability,OPERATIONAL,EVIDENCE_STRONG,EDITORIAL_VERIFIED,UNMATCHED_EXTERNAL,PRODUCT_ONLY_NO_URL,false,BLOCKED_BY_DATA,ACTIVE,no venue jobs slug covers this intent (internal key unmatched); live data carries only [brunch_after_surf|date_night_special|sunset_drinks_view|family_early_dinner|group_dinner_share|special_occasion|quiet_work_cafe|local_food_calm|just_landed_easy_dinner],2026-07-29T18:55:01.732Z,other-bali-intent-os-autopilot,OB-INT-0001..0200@2026-07-29
OB-CAN-0065,Bring a dog / find pet-friendly cafes,"As a traveller in Bali, I want to bring a dog / find pet-friendly cafes.",Pet-friendly,OB-INT-0086,,,,,venues.publication_status;venues.jobs;venues.district;venues.name;venues.slug,LOW,EVIDENCE_STRONG,EDITORIAL_VERIFIED,UNMATCHED_EXTERNAL,PLACES_FILTER,true,BLOCKED_BY_DATA,ACTIVE,no venue jobs slug covers this intent (internal key unmatched); live data carries only [brunch_after_surf|date_night_special|sunset_drinks_view|family_early_dinner|group_dinner_share|special_occasion|quiet_work_cafe|local_food_calm|just_landed_easy_dinner],2026-07-29T18:55:01.732Z,other-bali-intent-os-autopilot,OB-INT-0001..0200@2026-07-29
OB-CAN-0066,Understand safety as a solo female / at ATMs,"As a traveller in Bali, I want to understand safety as a solo female / at ATMs.",Safety,OB-INT-0087,,,,,authoritative_source;reviewed_by;reviewed_at,SAFETY,EVIDENCE_STRONG,AUTHORITATIVE_SOURCE_REQUIRED,UNMATCHED_EXTERNAL,NO_BUILD,false,HIGH_RISK_NOT_READY,RESEARCH_ONLY,risk_class=SAFETY: 04_AUTONOMOUS_DECISION_POLICY.yaml risk_policy sets auto_build_allowed=false and publication_status=RESEARCH_ONLY for SAFETY/MEDICAL/LEGAL_REGULATORY,2026-07-29T18:55:01.732Z,other-bali-intent-os-autopilot,OB-INT-0001..0200@2026-07-29
OB-CAN-0067,Withdraw cash safely (avoid ATM skimming),"As a traveller in Bali, I want to withdraw cash safely (avoid ATM skimming).",Safety,OB-INT-0088;OB-INT-0107,Prevent ATM card skimming at Bali ATMs,OB-INT-0107,,,authoritative_source;reviewed_by;reviewed_at,SAFETY,EVIDENCE_STRONG,AUTHORITATIVE_SOURCE_REQUIRED,UNMATCHED_EXTERNAL,NO_BUILD,false,HIGH_RISK_NOT_READY,RESEARCH_ONLY,risk_class=SAFETY: 04_AUTONOMOUS_DECISION_POLICY.yaml risk_policy sets auto_build_allowed=false and publication_status=RESEARCH_ONLY for SAFETY/MEDICAL/LEGAL_REGULATORY,2026-07-29T18:55:01.732Z,other-bali-intent-os-autopilot,OB-INT-0001..0200@2026-07-29
OB-CAN-0068,Find medical clinic / hospital in emergency,"As a traveller in Bali, I want to find medical clinic / hospital in emergency.",Safety,OB-INT-0089,,,,,authoritative_source;reviewed_by;reviewed_at,MEDICAL,EVIDENCE_STRONG,AUTHORITATIVE_SOURCE_REQUIRED,UNMATCHED_EXTERNAL,NO_BUILD,false,HIGH_RISK_NOT_READY,RESEARCH_ONLY,risk_class=MEDICAL: 04_AUTONOMOUS_DECISION_POLICY.yaml risk_policy sets auto_build_allowed=false and publication_status=RESEARCH_ONLY for SAFETY/MEDICAL/LEGAL_REGULATORY,2026-07-29T18:55:01.732Z,other-bali-intent-os-autopilot,OB-INT-0001..0200@2026-07-29
OB-CAN-0069,Book a restaurant tonight last-minute,"As a traveller in Bali, I want to book a restaurant tonight last-minute.",Last-minute decisions,OB-INT-0090,,,,,venues.publication_status;venues.jobs;venues.district;venues.name;venues.slug,OPERATIONAL,EVIDENCE_MODERATE,EDITORIAL_VERIFIED,PARTIAL,PLACES_FILTER,true,BLOCKED_BY_DATA,ACTIVE,no venue jobs slug covers this intent (internal key today); live data carries only [brunch_after_surf|date_night_special|sunset_drinks_view|family_early_dinner|group_dinner_share|special_occasion|quiet_work_cafe|local_food_calm|just_landed_easy_dinner],2026-07-29T18:55:01.732Z,other-bali-intent-os-autopilot,OB-INT-0001..0200@2026-07-29
OB-CAN-0070,Find something to do right now (no plan),"As a traveller in Bali, I want to find something to do right now (no plan).",Last-minute decisions,OB-INT-0091,,,,,venues.publication_status;venues.jobs;venues.district;venues.name;venues.slug,OPERATIONAL,EVIDENCE_STRONG,EDITORIAL_VERIFIED,MATCHED,PLACES_FILTER,true,BLOCKED_BY_DATA,ACTIVE,no venue jobs slug covers this intent (internal key today); live data carries only [brunch_after_surf|date_night_special|sunset_drinks_view|family_early_dinner|group_dinner_share|special_occasion|quiet_work_cafe|local_food_calm|just_landed_easy_dinner],2026-07-29T18:55:01.732Z,other-bali-intent-os-autopilot,OB-INT-0001..0200@2026-07-29
OB-CAN-0071,Choose which town to explore first upon landing,"As a traveller in Bali, I want to choose which town to explore first upon landing.",Near-airport / arrival,OB-INT-0092,,,,,venues.publication_status;venues.jobs;venues.district;venues.name;venues.slug,LOW,EVIDENCE_STRONG,EDITORIAL_VERIFIED,PARTIAL,PLACES_FILTER,true,BLOCKED_BY_DATA,ACTIVE,no venue jobs slug covers this intent (internal key place-discovery); live data carries only [brunch_after_surf|date_night_special|sunset_drinks_view|family_early_dinner|group_dinner_share|special_occasion|quiet_work_cafe|local_food_calm|just_landed_easy_dinner],2026-07-29T18:55:01.732Z,other-bali-intent-os-autopilot,OB-INT-0001..0200@2026-07-29
OB-CAN-0072,Fit an activity into a 3-hour time window,"As a traveller in Bali, I want to fit an activity into a 3-hour time window.",Short time windows,OB-INT-0094,,,,,venues.publication_status;venues.jobs;venues.district;venues.name;venues.slug,LOW,EVIDENCE_STRONG,EDITORIAL_VERIFIED,UNMATCHED_EXTERNAL,PLACES_FILTER,true,BLOCKED_BY_DATA,ACTIVE,no venue jobs slug covers this intent (internal key unmatched); live data carries only [brunch_after_surf|date_night_special|sunset_drinks_view|family_early_dinner|group_dinner_share|special_occasion|quiet_work_cafe|local_food_calm|just_landed_easy_dinner],2026-07-29T18:55:01.732Z,other-bali-intent-os-autopilot,OB-INT-0001..0200@2026-07-29
OB-CAN-0073,Plan an efficient 7-day first-time Bali itinerary,"As a traveller in Bali, I want to plan an efficient 7-day first-time Bali itinerary.",First-time visitors,OB-INT-0095,,,,,venues.publication_status;venues.jobs;venues.district;venues.name;venues.slug,LOW,EVIDENCE_STRONG,EDITORIAL_VERIFIED,MATCHED,PLACES_FILTER,true,BLOCKED_BY_DATA,ACTIVE,no venue jobs slug covers this intent (internal key first-time); live data carries only [brunch_after_surf|date_night_special|sunset_drinks_view|family_early_dinner|group_dinner_share|special_occasion|quiet_work_cafe|local_food_calm|just_landed_easy_dinner],2026-07-29T18:55:01.732Z,other-bali-intent-os-autopilot,OB-INT-0001..0200@2026-07-29
OB-CAN-0074,Find offbeat / non-touristy places as a returning visitor,"As a traveller in Bali, I want to find offbeat / non-touristy places as a returning visitor.",Returning visitors,OB-INT-0096,,,,,venues.publication_status;venues.jobs;venues.district;venues.name;venues.slug,LOW,EVIDENCE_STRONG,EDITORIAL_VERIFIED,UNMATCHED_EXTERNAL,PLACES_FILTER,true,BLOCKED_BY_DATA,ACTIVE,no venue jobs slug covers this intent (internal key unmatched); live data carries only [brunch_after_surf|date_night_special|sunset_drinks_view|family_early_dinner|group_dinner_share|special_occasion|quiet_work_cafe|local_food_calm|just_landed_easy_dinner],2026-07-29T18:55:01.732Z,other-bali-intent-os-autopilot,OB-INT-0001..0200@2026-07-29
OB-CAN-0075,Do something in Bali as a pregnant traveller,"As a traveller in Bali, I want to do something in Bali as a pregnant traveller.",Wellness / special condition,OB-INT-0097,,,,,authoritative_source;reviewed_by;reviewed_at,MEDICAL,EVIDENCE_STRONG,AUTHORITATIVE_SOURCE_REQUIRED,UNMATCHED_EXTERNAL,NO_BUILD,false,HIGH_RISK_NOT_READY,RESEARCH_ONLY,risk_class=MEDICAL: 04_AUTONOMOUS_DECISION_POLICY.yaml risk_policy sets auto_build_allowed=false and publication_status=RESEARCH_ONLY for SAFETY/MEDICAL/LEGAL_REGULATORY,2026-07-29T18:55:01.732Z,other-bali-intent-os-autopilot,OB-INT-0001..0200@2026-07-29
OB-CAN-0076,Choose an area to stay in Bali based on lifestyle (Canggu vs Ubud vs Uluwatu vs Sanur vs Seminyak),"As a traveller in Bali, I want to choose an area to stay in Bali based on lifestyle (Canggu vs Ubud vs Uluwatu vs Sanur vs Seminyak).",First-time visitors,OB-INT-0100,,,,,venues.publication_status;venues.jobs;venues.district;venues.name;venues.slug,LOW,EVIDENCE_STRONG,EDITORIAL_VERIFIED,PARTIAL,PLACES_FILTER,true,BLOCKED_BY_DATA,ACTIVE,no venue jobs slug covers this intent (internal key area-base-fit); live data carries only [brunch_after_surf|date_night_special|sunset_drinks_view|family_early_dinner|group_dinner_share|special_occasion|quiet_work_cafe|local_food_calm|just_landed_easy_dinner],2026-07-29T18:55:01.732Z,other-bali-intent-os-autopilot,OB-INT-0001..0200@2026-07-29
OB-CAN-0077,Protect skin from intense tropical sun (15-minute burn),"As a traveller in Bali, I want to protect skin from intense tropical sun (15-minute burn).",Health & Safety,OB-INT-0101,,,,,authoritative_source;reviewed_by;reviewed_at,MEDICAL,EVIDENCE_STRONG,AUTHORITATIVE_SOURCE_REQUIRED,UNMATCHED_EXTERNAL,NO_BUILD,false,HIGH_RISK_NOT_READY,RESEARCH_ONLY,risk_class=MEDICAL: 04_AUTONOMOUS_DECISION_POLICY.yaml risk_policy sets auto_build_allowed=false and publication_status=RESEARCH_ONLY for SAFETY/MEDICAL/LEGAL_REGULATORY,2026-07-29T18:55:01.732Z,other-bali-intent-os-autopilot,OB-INT-0001..0200@2026-07-29
OB-CAN-0078,Understand and avoid rip currents at Bali beaches,"As a traveller in Bali, I want to understand and avoid rip currents at Bali beaches.",Health & Safety,OB-INT-0102;OB-INT-0173,Learn rip current escape technique,OB-INT-0173,,,authoritative_source;reviewed_by;reviewed_at,SAFETY,EVIDENCE_STRONG,AUTHORITATIVE_SOURCE_REQUIRED,UNMATCHED_EXTERNAL,NO_BUILD,false,HIGH_RISK_NOT_READY,RESEARCH_ONLY,risk_class=SAFETY: 04_AUTONOMOUS_DECISION_POLICY.yaml risk_policy sets auto_build_allowed=false and publication_status=RESEARCH_ONLY for SAFETY/MEDICAL/LEGAL_REGULATORY,2026-07-29T18:55:01.732Z,other-bali-intent-os-autopilot,OB-INT-0001..0200@2026-07-29
OB-CAN-0079,Decide whether to rent a motorbike or use apps,"As a traveller in Bali, I want to decide whether to rent a motorbike or use apps.",Transport & Safety,OB-INT-0103,,,,,authoritative_source;reviewed_by;reviewed_at,SAFETY,EVIDENCE_STRONG,AUTHORITATIVE_SOURCE_REQUIRED,UNMATCHED_EXTERNAL,NO_BUILD,false,HIGH_RISK_NOT_READY,RESEARCH_ONLY,risk_class=SAFETY: 04_AUTONOMOUS_DECISION_POLICY.yaml risk_policy sets auto_build_allowed=false and publication_status=RESEARCH_ONLY for SAFETY/MEDICAL/LEGAL_REGULATORY,2026-07-29T18:55:01.732Z,other-bali-intent-os-autopilot,OB-INT-0001..0200@2026-07-29
OB-CAN-0080,Recover from motorbike accident injuries,"As a traveller in Bali, I want to recover from motorbike accident injuries.",Health & Safety,OB-INT-0104,,,,,authoritative_source;reviewed_by;reviewed_at,MEDICAL,EVIDENCE_STRONG,AUTHORITATIVE_SOURCE_REQUIRED,UNMATCHED_EXTERNAL,NO_BUILD,false,HIGH_RISK_NOT_READY,RESEARCH_ONLY,risk_class=MEDICAL: 04_AUTONOMOUS_DECISION_POLICY.yaml risk_policy sets auto_build_allowed=false and publication_status=RESEARCH_ONLY for SAFETY/MEDICAL/LEGAL_REGULATORY,2026-07-29T18:55:01.732Z,other-bali-intent-os-autopilot,OB-INT-0001..0200@2026-07-29
OB-CAN-0081,Prevent jewelry theft while on Gojek/Grab bike,"As a traveller in Bali, I want to prevent jewelry theft while on Gojek/Grab bike.",Safety,OB-INT-0105;OB-INT-0170,Protect belongings from snatching on Gojek,OB-INT-0170,,,authoritative_source;reviewed_by;reviewed_at,SAFETY,EVIDENCE_STRONG,AUTHORITATIVE_SOURCE_REQUIRED,UNMATCHED_EXTERNAL,NO_BUILD,false,HIGH_RISK_NOT_READY,RESEARCH_ONLY,risk_class=SAFETY: 04_AUTONOMOUS_DECISION_POLICY.yaml risk_policy sets auto_build_allowed=false and publication_status=RESEARCH_ONLY for SAFETY/MEDICAL/LEGAL_REGULATORY,2026-07-29T18:55:01.732Z,other-bali-intent-os-autopilot,OB-INT-0001..0200@2026-07-29
OB-CAN-0082,Avoid bank card being blocked during travel,"As a traveller in Bali, I want to avoid bank card being blocked during travel.",Finance & Logistics,OB-INT-0106,,,,,venues.publication_status;venue_action_capability,OPERATIONAL,EVIDENCE_STRONG,EDITORIAL_VERIFIED,UNMATCHED_EXTERNAL,PRODUCT_ONLY_NO_URL,false,BLOCKED_BY_DATA,ACTIVE,no venue jobs slug covers this intent (internal key unmatched); live data carries only [brunch_after_surf|date_night_special|sunset_drinks_view|family_early_dinner|group_dinner_share|special_occasion|quiet_work_cafe|local_food_calm|just_landed_easy_dinner],2026-07-29T18:55:01.732Z,other-bali-intent-os-autopilot,OB-INT-0001..0200@2026-07-29
OB-CAN-0083,Handle monkey bite and get rabies treatment,"As a traveller in Bali, I want to handle monkey bite and get rabies treatment.",Health & Safety,OB-INT-0108;OB-INT-0182;OB-INT-0183,Get rabies vaccine after monkey bite;Understand rabies risk from Bali monkeys,OB-INT-0182;OB-INT-0183,,,authoritative_source;reviewed_by;reviewed_at,MEDICAL,EVIDENCE_STRONG,AUTHORITATIVE_SOURCE_REQUIRED,UNMATCHED_EXTERNAL,NO_BUILD,false,HIGH_RISK_NOT_READY,RESEARCH_ONLY,risk_class=MEDICAL: 04_AUTONOMOUS_DECISION_POLICY.yaml risk_policy sets auto_build_allowed=false and publication_status=RESEARCH_ONLY for SAFETY/MEDICAL/LEGAL_REGULATORY,2026-07-29T18:55:01.732Z,other-bali-intent-os-autopilot,OB-INT-0001..0200@2026-07-29
OB-CAN-0084,Understand Indonesia drug laws and penalties,"As a traveller in Bali, I want to understand Indonesia drug laws and penalties.",Legal & Safety,OB-INT-0109,,,,,authoritative_source;reviewed_by;reviewed_at,LEGAL_REGULATORY,EVIDENCE_STRONG,AUTHORITATIVE_SOURCE_REQUIRED,UNMATCHED_EXTERNAL,NO_BUILD,false,HIGH_RISK_NOT_READY,RESEARCH_ONLY,risk_class=LEGAL_REGULATORY: 04_AUTONOMOUS_DECISION_POLICY.yaml risk_policy sets auto_build_allowed=false and publication_status=RESEARCH_ONLY for SAFETY/MEDICAL/LEGAL_REGULATORY,2026-07-29T18:55:01.732Z,other-bali-intent-os-autopilot,OB-INT-0001..0200@2026-07-29
OB-CAN-0085,Identify fake taxi meters and scams,"As a traveller in Bali, I want to identify fake taxi meters and scams.",Transport & Safety,OB-INT-0110,,,,,authoritative_source;reviewed_by;reviewed_at,SAFETY,EVIDENCE_STRONG,AUTHORITATIVE_SOURCE_REQUIRED,UNMATCHED_EXTERNAL,NO_BUILD,false,HIGH_RISK_NOT_READY,RESEARCH_ONLY,risk_class=SAFETY: 04_AUTONOMOUS_DECISION_POLICY.yaml risk_policy sets auto_build_allowed=false and publication_status=RESEARCH_ONLY for SAFETY/MEDICAL/LEGAL_REGULATORY,2026-07-29T18:55:01.732Z,other-bali-intent-os-autopilot,OB-INT-0001..0200@2026-07-29
OB-CAN-0086,Recover from tropical hangover,"As a traveller in Bali, I want to recover from tropical hangover.",Health & Wellness,OB-INT-0111,,,,,authoritative_source;reviewed_by;reviewed_at,MEDICAL,EVIDENCE_STRONG,AUTHORITATIVE_SOURCE_REQUIRED,UNMATCHED_EXTERNAL,NO_BUILD,false,HIGH_RISK_NOT_READY,RESEARCH_ONLY,risk_class=MEDICAL: 04_AUTONOMOUS_DECISION_POLICY.yaml risk_policy sets auto_build_allowed=false and publication_status=RESEARCH_ONLY for SAFETY/MEDICAL/LEGAL_REGULATORY,2026-07-29T18:55:01.732Z,other-bali-intent-os-autopilot,OB-INT-0001..0200@2026-07-29
OB-CAN-0087,Manage luggage across multiple locations,"As a traveller in Bali, I want to manage luggage across multiple locations.",Logistics,OB-INT-0112,,,,,venues.publication_status;venue_action_capability,OPERATIONAL,EVIDENCE_STRONG,EDITORIAL_VERIFIED,UNMATCHED_EXTERNAL,PRODUCT_ONLY_NO_URL,false,BLOCKED_BY_DATA,ACTIVE,no venue jobs slug covers this intent (internal key unmatched); live data carries only [brunch_after_surf|date_night_special|sunset_drinks_view|family_early_dinner|group_dinner_share|special_occasion|quiet_work_cafe|local_food_calm|just_landed_easy_dinner],2026-07-29T18:55:01.732Z,other-bali-intent-os-autopilot,OB-INT-0001..0200@2026-07-29
OB-CAN-0088,Find local laundry services (not hotel),"As a traveller in Bali, I want to find local laundry services (not hotel).",Logistics & Budget,OB-INT-0113,,,,,venues.publication_status;venue_action_capability,OPERATIONAL,EVIDENCE_STRONG,EDITORIAL_VERIFIED,PARTIAL,PRODUCT_ONLY_NO_URL,false,BLOCKED_BY_DATA,ACTIVE,no venue jobs slug covers this intent (internal key cheap-and-brilliant); live data carries only [brunch_after_surf|date_night_special|sunset_drinks_view|family_early_dinner|group_dinner_share|special_occasion|quiet_work_cafe|local_food_calm|just_landed_easy_dinner],2026-07-29T18:55:01.732Z,other-bali-intent-os-autopilot,OB-INT-0001..0200@2026-07-29
OB-CAN-0089,Get Visa on Arrival (VoA) vs online eVisa,"As a traveller in Bali, I want to get Visa on Arrival (VoA) vs online eVisa.",Logistics & Arrival,OB-INT-0114,,,,,authoritative_source;reviewed_by;reviewed_at,LEGAL_REGULATORY,EVIDENCE_STRONG,AUTHORITATIVE_SOURCE_REQUIRED,UNMATCHED_EXTERNAL,NO_BUILD,false,HIGH_RISK_NOT_READY,RESEARCH_ONLY,risk_class=LEGAL_REGULATORY: 04_AUTONOMOUS_DECISION_POLICY.yaml risk_policy sets auto_build_allowed=false and publication_status=RESEARCH_ONLY for SAFETY/MEDICAL/LEGAL_REGULATORY,2026-07-29T18:55:01.732Z,other-bali-intent-os-autopilot,OB-INT-0001..0200@2026-07-29
OB-CAN-0090,Register phone with Indonesian customs,"As a traveller in Bali, I want to register phone with Indonesian customs.",Logistics & Arrival,OB-INT-0115,,,,,authoritative_source;reviewed_by;reviewed_at,LEGAL_REGULATORY,EVIDENCE_MODERATE,AUTHORITATIVE_SOURCE_REQUIRED,UNMATCHED_EXTERNAL,NO_BUILD,false,HIGH_RISK_NOT_READY,RESEARCH_ONLY,risk_class=LEGAL_REGULATORY: 04_AUTONOMOUS_DECISION_POLICY.yaml risk_policy sets auto_build_allowed=false and publication_status=RESEARCH_ONLY for SAFETY/MEDICAL/LEGAL_REGULATORY,2026-07-29T18:55:01.732Z,other-bali-intent-os-autopilot,OB-INT-0001..0200@2026-07-29
OB-CAN-0091,Avoid tap water and use bottled water safely,"As a traveller in Bali, I want to avoid tap water and use bottled water safely.",Health & Safety,OB-INT-0116,,,,,authoritative_source;reviewed_by;reviewed_at,MEDICAL,EVIDENCE_STRONG,AUTHORITATIVE_SOURCE_REQUIRED,UNMATCHED_EXTERNAL,NO_BUILD,false,HIGH_RISK_NOT_READY,RESEARCH_ONLY,risk_class=MEDICAL: 04_AUTONOMOUS_DECISION_POLICY.yaml risk_policy sets auto_build_allowed=false and publication_status=RESEARCH_ONLY for SAFETY/MEDICAL/LEGAL_REGULATORY,2026-07-29T18:55:01.732Z,other-bali-intent-os-autopilot,OB-INT-0001..0200@2026-07-29
OB-CAN-0092,Avoid raw vegetables and salads (food safety),"As a traveller in Bali, I want to avoid raw vegetables and salads (food safety).",Health & Safety,OB-INT-0117,,,,,authoritative_source;reviewed_by;reviewed_at,MEDICAL,EVIDENCE_STRONG,AUTHORITATIVE_SOURCE_REQUIRED,UNMATCHED_EXTERNAL,NO_BUILD,false,HIGH_RISK_NOT_READY,RESEARCH_ONLY,risk_class=MEDICAL: 04_AUTONOMOUS_DECISION_POLICY.yaml risk_policy sets auto_build_allowed=false and publication_status=RESEARCH_ONLY for SAFETY/MEDICAL/LEGAL_REGULATORY,2026-07-29T18:55:01.732Z,other-bali-intent-os-autopilot,OB-INT-0001..0200@2026-07-29
OB-CAN-0093,Bargain at local markets (not tourist prices),"As a traveller in Bali, I want to bargain at local markets (not tourist prices).",Shopping & Culture,OB-INT-0118,,,,,venues.publication_status;venues.jobs;venues.district;venues.name;venues.slug,OPERATIONAL,EVIDENCE_STRONG,EDITORIAL_VERIFIED,MATCHED,PLACES_FILTER,true,BLOCKED_BY_DATA,ACTIVE,no venue jobs slug covers this intent (internal key night-out); live data carries only [brunch_after_surf|date_night_special|sunset_drinks_view|family_early_dinner|group_dinner_share|special_occasion|quiet_work_cafe|local_food_calm|just_landed_easy_dinner],2026-07-29T18:55:01.732Z,other-bali-intent-os-autopilot,OB-INT-0001..0200@2026-07-29
OB-CAN-0094,Find correct prices for Bali souvenirs,"As a traveller in Bali, I want to find correct prices for Bali souvenirs.",Shopping & Budget,OB-INT-0119,,,,,venues.publication_status;venues.jobs;venues.district;venues.name;venues.slug,OPERATIONAL,EVIDENCE_STRONG,EDITORIAL_VERIFIED,MATCHED,PLACES_FILTER,true,BLOCKED_BY_DATA,ACTIVE,no venue jobs slug covers this intent (internal key cheap-and-brilliant); live data carries only [brunch_after_surf|date_night_special|sunset_drinks_view|family_early_dinner|group_dinner_share|special_occasion|quiet_work_cafe|local_food_calm|just_landed_easy_dinner],2026-07-29T18:55:01.732Z,other-bali-intent-os-autopilot,OB-INT-0001..0200@2026-07-29
OB-CAN-0095,Buy sunscreen locally (expensive) vs bring from home,"As a traveller in Bali, I want to buy sunscreen locally (expensive) vs bring from home.",Shopping & Budget,OB-INT-0120,,,,,venues.publication_status;venue_action_capability,OPERATIONAL,EVIDENCE_STRONG,EDITORIAL_VERIFIED,MATCHED,PRODUCT_ONLY_NO_URL,false,BLOCKED_BY_DATA,ACTIVE,no venue jobs slug covers this intent (internal key cheap-and-brilliant); live data carries only [brunch_after_surf|date_night_special|sunset_drinks_view|family_early_dinner|group_dinner_share|special_occasion|quiet_work_cafe|local_food_calm|just_landed_easy_dinner],2026-07-29T18:55:01.732Z,other-bali-intent-os-autopilot,OB-INT-0001..0200@2026-07-29
OB-CAN-0096,Plan loosely and go with the flow,"As a traveller in Bali, I want to plan loosely and go with the flow.",Mindset & Planning,OB-INT-0121,,,,,editorial_source;verified_at,LOW,EVIDENCE_STRONG,EDITORIAL_VERIFIED,UNMATCHED_EXTERNAL,DECISION_PAGE,false,NEEDS_ENRICHMENT,ACTIVE,editorial topic requires a sourced editorial record with verified_at; no such record observed in repository,2026-07-29T18:55:01.732Z,other-bali-intent-os-autopilot,OB-INT-0001..0200@2026-07-29
OB-CAN-0097,Manage first impression of Canggu (touristy),"As a traveller in Bali, I want to manage first impression of Canggu (touristy).",Expectations & Planning,OB-INT-0122,,,,,editorial_source;verified_at,LOW,EVIDENCE_MODERATE,EDITORIAL_VERIFIED,MATCHED,DECISION_PAGE,false,NEEDS_ENRICHMENT,ACTIVE,editorial topic requires a sourced editorial record with verified_at; no such record observed in repository,2026-07-29T18:55:01.732Z,other-bali-intent-os-autopilot,OB-INT-0001..0200@2026-07-29
OB-CAN-0098,Use Bluebird taxi (safest option),"As a traveller in Bali, I want to use Bluebird taxi (safest option).",Transport,OB-INT-0123,,,,,venues.publication_status;venues.name;venues.slug,OPERATIONAL,EVIDENCE_STRONG,EDITORIAL_VERIFIED,UNMATCHED_EXTERNAL,PLACES_SEARCH,true,BLOCKED_BY_DATA,ACTIVE,no venue jobs slug covers this intent (internal key unmatched); live data carries only [brunch_after_surf|date_night_special|sunset_drinks_view|family_early_dinner|group_dinner_share|special_occasion|quiet_work_cafe|local_food_calm|just_landed_easy_dinner],2026-07-29T18:55:01.732Z,other-bali-intent-os-autopilot,OB-INT-0001..0200@2026-07-29
OB-CAN-0099,Choose between Grab and Gojek apps,"As a traveller in Bali, I want to choose between Grab and Gojek apps.",Transport,OB-INT-0124,,,,,venues.publication_status;venues.jobs;venues.district;venues.name;venues.slug,OPERATIONAL,EVIDENCE_STRONG,EDITORIAL_VERIFIED,UNMATCHED_EXTERNAL,PLACES_FILTER,true,BLOCKED_BY_DATA,ACTIVE,no venue jobs slug covers this intent (internal key unmatched); live data carries only [brunch_after_surf|date_night_special|sunset_drinks_view|family_early_dinner|group_dinner_share|special_occasion|quiet_work_cafe|local_food_calm|just_landed_easy_dinner],2026-07-29T18:55:01.732Z,other-bali-intent-os-autopilot,OB-INT-0001..0200@2026-07-29
OB-CAN-0100,Understand Gojek bike safety (no helmet for passenger),"As a traveller in Bali, I want to understand Gojek bike safety (no helmet for passenger).",Transport & Safety,OB-INT-0126;OB-INT-0169;OB-INT-0171,Understand Gojek bike helmet safety concerns;Decide on helmet use for Gojek passengers,OB-INT-0169;OB-INT-0171,,,authoritative_source;reviewed_by;reviewed_at,SAFETY,EVIDENCE_STRONG,AUTHORITATIVE_SOURCE_REQUIRED,UNMATCHED_EXTERNAL,NO_BUILD,false,HIGH_RISK_NOT_READY,RESEARCH_ONLY,risk_class=SAFETY: 04_AUTONOMOUS_DECISION_POLICY.yaml risk_policy sets auto_build_allowed=false and publication_status=RESEARCH_ONLY for SAFETY/MEDICAL/LEGAL_REGULATORY,2026-07-29T18:55:01.732Z,other-bali-intent-os-autopilot,OB-INT-0001..0200@2026-07-29
OB-CAN-0101,Respect Balinese religious customs,"As a traveller in Bali, I want to respect Balinese religious customs.",Culture & Respect,OB-INT-0127,,,,,editorial_source;verified_at,LOW,EVIDENCE_STRONG,EDITORIAL_VERIFIED,UNMATCHED_EXTERNAL,DECISION_PAGE,false,NEEDS_ENRICHMENT,ACTIVE,editorial topic requires a sourced editorial record with verified_at; no such record observed in repository,2026-07-29T18:55:01.732Z,other-bali-intent-os-autopilot,OB-INT-0001..0200@2026-07-29
OB-CAN-0102,"Say no politely to street vendors (""tidak mau"")","As a traveller in Bali, I want to say no politely to street vendors (""tidak mau"").",Culture & Social,OB-INT-0128,,,,,editorial_source;verified_at,LOW,EVIDENCE_STRONG,EDITORIAL_VERIFIED,UNMATCHED_EXTERNAL,DECISION_PAGE,false,NEEDS_ENRICHMENT,ACTIVE,editorial topic requires a sourced editorial record with verified_at; no such record observed in repository,2026-07-29T18:55:01.732Z,other-bali-intent-os-autopilot,OB-INT-0001..0200@2026-07-29
OB-CAN-0103,Avoid close-up photos of people without permission,"As a traveller in Bali, I want to avoid close-up photos of people without permission.",Culture & Respect,OB-INT-0129,,,,,editorial_source;verified_at,LOW,EVIDENCE_STRONG,EDITORIAL_VERIFIED,UNMATCHED_EXTERNAL,DECISION_PAGE,false,NEEDS_ENRICHMENT,ACTIVE,editorial topic requires a sourced editorial record with verified_at; no such record observed in repository,2026-07-29T18:55:01.732Z,other-bali-intent-os-autopilot,OB-INT-0001..0200@2026-07-29
OB-CAN-0104,Photograph during temple ceremonies respectfully,"As a traveller in Bali, I want to photograph during temple ceremonies respectfully.",Culture & Photography,OB-INT-0131,,,,,editorial_source;verified_at,LOW,EVIDENCE_STRONG,EDITORIAL_VERIFIED,UNMATCHED_EXTERNAL,DECISION_PAGE,false,NEEDS_ENRICHMENT,ACTIVE,editorial topic requires a sourced editorial record with verified_at; no such record observed in repository,2026-07-29T18:55:01.732Z,other-bali-intent-os-autopilot,OB-INT-0001..0200@2026-07-29
OB-CAN-0105,Find underrated photography spots (not Instagram),"As a traveller in Bali, I want to find underrated photography spots (not Instagram).",Photography & Experiences,OB-INT-0132,,,,,venues.publication_status;venues.jobs;venues.district;venues.name;venues.slug,LOW,EVIDENCE_STRONG,EDITORIAL_VERIFIED,UNMATCHED_EXTERNAL,PLACES_FILTER,true,BLOCKED_BY_DATA,ACTIVE,no venue jobs slug covers this intent (internal key unmatched); live data carries only [brunch_after_surf|date_night_special|sunset_drinks_view|family_early_dinner|group_dinner_share|special_occasion|quiet_work_cafe|local_food_calm|just_landed_easy_dinner],2026-07-29T18:55:01.732Z,other-bali-intent-os-autopilot,OB-INT-0001..0200@2026-07-29
OB-CAN-0106,Photograph Trunyan Village,"As a traveller in Bali, I want to photograph Trunyan Village.",Photography & Experiences,OB-INT-0133,,,,,venues.publication_status;venues.name;venues.slug,LOW,EVIDENCE_MODERATE,EDITORIAL_VERIFIED,UNMATCHED_EXTERNAL,PLACES_SEARCH,true,BLOCKED_BY_DATA,ACTIVE,no venue jobs slug covers this intent (internal key unmatched); live data carries only [brunch_after_surf|date_night_special|sunset_drinks_view|family_early_dinner|group_dinner_share|special_occasion|quiet_work_cafe|local_food_calm|just_landed_easy_dinner],2026-07-29T18:55:01.732Z,other-bali-intent-os-autopilot,OB-INT-0001..0200@2026-07-29
OB-CAN-0107,Visit abandoned Taman Festival theme park,"As a traveller in Bali, I want to visit abandoned Taman Festival theme park.",Photography & Experiences,OB-INT-0134,,,,,venues.publication_status;venues.name;venues.slug,LOW,EVIDENCE_MODERATE,EDITORIAL_VERIFIED,UNMATCHED_EXTERNAL,PLACES_SEARCH,true,BLOCKED_BY_DATA,ACTIVE,no venue jobs slug covers this intent (internal key unmatched); live data carries only [brunch_after_surf|date_night_special|sunset_drinks_view|family_early_dinner|group_dinner_share|special_occasion|quiet_work_cafe|local_food_calm|just_landed_easy_dinner],2026-07-29T18:55:01.732Z,other-bali-intent-os-autopilot,OB-INT-0001..0200@2026-07-29
OB-CAN-0108,Drive to Amed for fishing boat photography,"As a traveller in Bali, I want to drive to Amed for fishing boat photography.",Photography & Experiences,OB-INT-0135,,,,,venues.publication_status;venues.name;venues.slug,LOW,EVIDENCE_STRONG,EDITORIAL_VERIFIED,UNMATCHED_EXTERNAL,PLACES_SEARCH,true,BLOCKED_BY_DATA,ACTIVE,no venue jobs slug covers this intent (internal key unmatched); live data carries only [brunch_after_surf|date_night_special|sunset_drinks_view|family_early_dinner|group_dinner_share|special_occasion|quiet_work_cafe|local_food_calm|just_landed_easy_dinner],2026-07-29T18:55:01.732Z,other-bali-intent-os-autopilot,OB-INT-0001..0200@2026-07-29
OB-CAN-0109,Photograph Ayung River gorges,"As a traveller in Bali, I want to photograph Ayung River gorges.",Photography & Experiences,OB-INT-0136,,,,,venues.publication_status;venues.name;venues.slug,LOW,EVIDENCE_STRONG,EDITORIAL_VERIFIED,UNMATCHED_EXTERNAL,PLACES_SEARCH,true,BLOCKED_BY_DATA,ACTIVE,no venue jobs slug covers this intent (internal key unmatched); live data carries only [brunch_after_surf|date_night_special|sunset_drinks_view|family_early_dinner|group_dinner_share|special_occasion|quiet_work_cafe|local_food_calm|just_landed_easy_dinner],2026-07-29T18:55:01.732Z,other-bali-intent-os-autopilot,OB-INT-0001..0200@2026-07-29
OB-CAN-0110,Visit Sideman for rice terraces (harvest season),"As a traveller in Bali, I want to visit Sideman for rice terraces (harvest season).",Photography & Experiences,OB-INT-0137,,,,,venues.publication_status;venues.name;venues.slug,LOW,EVIDENCE_STRONG,EDITORIAL_VERIFIED,UNMATCHED_EXTERNAL,PLACES_SEARCH,true,BLOCKED_BY_DATA,ACTIVE,no venue jobs slug covers this intent (internal key unmatched); live data carries only [brunch_after_surf|date_night_special|sunset_drinks_view|family_early_dinner|group_dinner_share|special_occasion|quiet_work_cafe|local_food_calm|just_landed_easy_dinner],2026-07-29T18:55:01.732Z,other-bali-intent-os-autopilot,OB-INT-0001..0200@2026-07-29
OB-CAN-0111,Photograph Lempuyang Temple (Gate of Heaven) drive,"As a traveller in Bali, I want to photograph Lempuyang Temple (Gate of Heaven) drive.",Photography & Experiences,OB-INT-0138,,,,,venues.publication_status;venues.name;venues.slug,LOW,EVIDENCE_STRONG,EDITORIAL_VERIFIED,UNMATCHED_EXTERNAL,PLACES_SEARCH,true,BLOCKED_BY_DATA,ACTIVE,no venue jobs slug covers this intent (internal key unmatched); live data carries only [brunch_after_surf|date_night_special|sunset_drinks_view|family_early_dinner|group_dinner_share|special_occasion|quiet_work_cafe|local_food_calm|just_landed_easy_dinner],2026-07-29T18:55:01.732Z,other-bali-intent-os-autopilot,OB-INT-0001..0200@2026-07-29
OB-CAN-0112,Photograph Melasti Beach,"As a traveller in Bali, I want to photograph Melasti Beach.",Photography & Experiences,OB-INT-0139,,,,,venues.publication_status;venues.name;venues.slug,LOW,EVIDENCE_MODERATE,EDITORIAL_VERIFIED,UNMATCHED_EXTERNAL,PLACES_SEARCH,true,BLOCKED_BY_DATA,ACTIVE,no venue jobs slug covers this intent (internal key unmatched); live data carries only [brunch_after_surf|date_night_special|sunset_drinks_view|family_early_dinner|group_dinner_share|special_occasion|quiet_work_cafe|local_food_calm|just_landed_easy_dinner],2026-07-29T18:55:01.732Z,other-bali-intent-os-autopilot,OB-INT-0001..0200@2026-07-29
OB-CAN-0113,Photograph moon above airport runway (4-5 AM),"As a traveller in Bali, I want to photograph moon above airport runway (4-5 AM).",Photography & Experiences,OB-INT-0140,,,,,venues.publication_status;venues.jobs;venues.district;venues.name;venues.slug,LOW,EVIDENCE_MODERATE,EDITORIAL_VERIFIED,MATCHED,PLACES_FILTER,true,READY,ACTIVE,"live snapshot: just_landed_easy_dinner READY in 8 districts, 30 published venues",2026-07-29T18:55:01.732Z,other-bali-intent-os-autopilot,OB-INT-0001..0200@2026-07-29
OB-CAN-0114,Visit Botanical Gardens near Bedugal,"As a traveller in Bali, I want to visit Botanical Gardens near Bedugal.",Nature & Photography,OB-INT-0141,,,,,venues.publication_status;venues.name;venues.slug,LOW,EVIDENCE_MODERATE,EDITORIAL_VERIFIED,UNMATCHED_EXTERNAL,PLACES_SEARCH,true,BLOCKED_BY_DATA,ACTIVE,no venue jobs slug covers this intent (internal key unmatched); live data carries only [brunch_after_surf|date_night_special|sunset_drinks_view|family_early_dinner|group_dinner_share|special_occasion|quiet_work_cafe|local_food_calm|just_landed_easy_dinner],2026-07-29T18:55:01.732Z,other-bali-intent-os-autopilot,OB-INT-0001..0200@2026-07-29
OB-CAN-0115,Photograph Dutch colonial buildings in Denpasar,"As a traveller in Bali, I want to photograph Dutch colonial buildings in Denpasar.",Photography & History,OB-INT-0142,,,,,venues.publication_status;venues.name;venues.slug,LOW,EVIDENCE_MODERATE,EDITORIAL_VERIFIED,UNMATCHED_EXTERNAL,PLACES_SEARCH,true,BLOCKED_BY_DATA,ACTIVE,no venue jobs slug covers this intent (internal key unmatched); live data carries only [brunch_after_surf|date_night_special|sunset_drinks_view|family_early_dinner|group_dinner_share|special_occasion|quiet_work_cafe|local_food_calm|just_landed_easy_dinner],2026-07-29T18:55:01.732Z,other-bali-intent-os-autopilot,OB-INT-0001..0200@2026-07-29
OB-CAN-0116,Shop at Pasar Badung night market (local prices),"As a traveller in Bali, I want to shop at Pasar Badung night market (local prices).",Shopping & Culture,OB-INT-0143,,,after-dark,,venues.publication_status;venues.name;venues.slug,OPERATIONAL,EVIDENCE_STRONG,EDITORIAL_VERIFIED,MATCHED,PLACES_SEARCH,true,BLOCKED_BY_DATA,ACTIVE,no venue jobs slug covers this intent (internal key after-dark); live data carries only [brunch_after_surf|date_night_special|sunset_drinks_view|family_early_dinner|group_dinner_share|special_occasion|quiet_work_cafe|local_food_calm|just_landed_easy_dinner],2026-07-29T18:55:01.732Z,other-bali-intent-os-autopilot,OB-INT-0001..0200@2026-07-29
OB-CAN-0117,Find night market for crafts (not food),"As a traveller in Bali, I want to find night market for crafts (not food).",Shopping,OB-INT-0144,,,after-dark,,venues.publication_status;venues.jobs;venues.district;venues.name;venues.slug,LOW,EVIDENCE_MODERATE,EDITORIAL_VERIFIED,MATCHED,PLACES_FILTER,true,BLOCKED_BY_DATA,ACTIVE,no venue jobs slug covers this intent (internal key after-dark); live data carries only [brunch_after_surf|date_night_special|sunset_drinks_view|family_early_dinner|group_dinner_share|special_occasion|quiet_work_cafe|local_food_calm|just_landed_easy_dinner],2026-07-29T18:55:01.732Z,other-bali-intent-os-autopilot,OB-INT-0001..0200@2026-07-29
OB-CAN-0118,Shop at Artedesana in Sanur for local crafts,"As a traveller in Bali, I want to shop at Artedesana in Sanur for local crafts.",Shopping,OB-INT-0145,,,,,venues.publication_status;venues.name;venues.slug,LOW,EVIDENCE_MODERATE,EDITORIAL_VERIFIED,MATCHED,PLACES_SEARCH,true,BLOCKED_BY_DATA,ACTIVE,no venue jobs slug covers this intent (internal key district-intent-spoke); live data carries only [brunch_after_surf|date_night_special|sunset_drinks_view|family_early_dinner|group_dinner_share|special_occasion|quiet_work_cafe|local_food_calm|just_landed_easy_dinner],2026-07-29T18:55:01.732Z,other-bali-intent-os-autopilot,OB-INT-0001..0200@2026-07-29
OB-CAN-0119,Find craft shops in Ubud (wholesale prices),"As a traveller in Bali, I want to find craft shops in Ubud (wholesale prices).",Shopping & Budget,OB-INT-0146,,,,,venues.publication_status;venues.jobs;venues.district;venues.name;venues.slug,OPERATIONAL,EVIDENCE_STRONG,EDITORIAL_VERIFIED,PARTIAL,PLACES_FILTER,true,BLOCKED_BY_DATA,ACTIVE,no venue jobs slug covers this intent (internal key cheap-and-brilliant); live data carries only [brunch_after_surf|date_night_special|sunset_drinks_view|family_early_dinner|group_dinner_share|special_occasion|quiet_work_cafe|local_food_calm|just_landed_easy_dinner],2026-07-29T18:55:01.732Z,other-bali-intent-os-autopilot,OB-INT-0001..0200@2026-07-29
OB-CAN-0120,Visit Kuta Art Market,"As a traveller in Bali, I want to visit Kuta Art Market.",Shopping,OB-INT-0147,,,,,venues.publication_status;venues.name;venues.slug,LOW,EVIDENCE_MODERATE,EDITORIAL_VERIFIED,UNMATCHED_EXTERNAL,PLACES_SEARCH,true,BLOCKED_BY_DATA,ACTIVE,no venue jobs slug covers this intent (internal key unmatched); live data carries only [brunch_after_surf|date_night_special|sunset_drinks_view|family_early_dinner|group_dinner_share|special_occasion|quiet_work_cafe|local_food_calm|just_landed_easy_dinner],2026-07-29T18:55:01.732Z,other-bali-intent-os-autopilot,OB-INT-0001..0200@2026-07-29
OB-CAN-0121,Shop at Monkey Forest Road for antiques,"As a traveller in Bali, I want to shop at Monkey Forest Road for antiques.",Shopping & Culture,OB-INT-0148,,,,,venues.publication_status;venues.name;venues.slug,LOW,EVIDENCE_MODERATE,EDITORIAL_VERIFIED,UNMATCHED_EXTERNAL,PLACES_SEARCH,true,BLOCKED_BY_DATA,ACTIVE,no venue jobs slug covers this intent (internal key unmatched); live data carries only [brunch_after_surf|date_night_special|sunset_drinks_view|family_early_dinner|group_dinner_share|special_occasion|quiet_work_cafe|local_food_calm|just_landed_easy_dinner],2026-07-29T18:55:01.732Z,other-bali-intent-os-autopilot,OB-INT-0001..0200@2026-07-29
OB-CAN-0122,Shop at Celuk Village for gold/silver jewelry,"As a traveller in Bali, I want to shop at Celuk Village for gold/silver jewelry.",Shopping & Culture,OB-INT-0149,,,,,venues.publication_status;venues.name;venues.slug,LOW,EVIDENCE_MODERATE,EDITORIAL_VERIFIED,UNMATCHED_EXTERNAL,PLACES_SEARCH,true,BLOCKED_BY_DATA,ACTIVE,no venue jobs slug covers this intent (internal key unmatched); live data carries only [brunch_after_surf|date_night_special|sunset_drinks_view|family_early_dinner|group_dinner_share|special_occasion|quiet_work_cafe|local_food_calm|just_landed_easy_dinner],2026-07-29T18:55:01.732Z,other-bali-intent-os-autopilot,OB-INT-0001..0200@2026-07-29
OB-CAN-0123,Attend authentic Barong ceremony (non-touristy),"As a traveller in Bali, I want to attend authentic Barong ceremony (non-touristy).",Culture & Experiences,OB-INT-0150,,,,,editorial_source;verified_at,LOW,EVIDENCE_STRONG,EDITORIAL_VERIFIED,MATCHED,DECISION_PAGE,false,NEEDS_ENRICHMENT,ACTIVE,editorial topic requires a sourced editorial record with verified_at; no such record observed in repository,2026-07-29T18:55:01.732Z,other-bali-intent-os-autopilot,OB-INT-0001..0200@2026-07-29
OB-CAN-0124,Witness temple ceremonies during Odalan,"As a traveller in Bali, I want to witness temple ceremonies during Odalan.",Culture & Experiences,OB-INT-0151,,,,,editorial_source;verified_at,LOW,EVIDENCE_STRONG,EDITORIAL_VERIFIED,UNMATCHED_EXTERNAL,DECISION_PAGE,false,NEEDS_ENRICHMENT,ACTIVE,editorial topic requires a sourced editorial record with verified_at; no such record observed in repository,2026-07-29T18:55:01.732Z,other-bali-intent-os-autopilot,OB-INT-0001..0200@2026-07-29
OB-CAN-0125,Attend Purnama (full moon ceremony),"As a traveller in Bali, I want to attend Purnama (full moon ceremony).",Culture & Experiences,OB-INT-0152,,,,,editorial_source;verified_at,LOW,EVIDENCE_STRONG,EDITORIAL_VERIFIED,UNMATCHED_EXTERNAL,DECISION_PAGE,false,NEEDS_ENRICHMENT,ACTIVE,editorial topic requires a sourced editorial record with verified_at; no such record observed in repository,2026-07-29T18:55:01.732Z,other-bali-intent-os-autopilot,OB-INT-0001..0200@2026-07-29
OB-CAN-0126,Participate in water temple cleansing ritual,"As a traveller in Bali, I want to participate in water temple cleansing ritual.",Culture & Wellness,OB-INT-0153,,,,,venues.publication_status;venues.jobs;venues.district;venues.name;venues.slug,LOW,EVIDENCE_STRONG,EDITORIAL_VERIFIED,MATCHED,PLACES_FILTER,true,BLOCKED_BY_DATA,ACTIVE,no venue jobs slug covers this intent (internal key wellness-spa); live data carries only [brunch_after_surf|date_night_special|sunset_drinks_view|family_early_dinner|group_dinner_share|special_occasion|quiet_work_cafe|local_food_calm|just_landed_easy_dinner],2026-07-29T18:55:01.732Z,other-bali-intent-os-autopilot,OB-INT-0001..0200@2026-07-29
OB-CAN-0127,Understand women's restrictions during menstruation,"As a traveller in Bali, I want to understand women's restrictions during menstruation.",Culture & Respect,OB-INT-0154,,,,,editorial_source;verified_at,LOW,EVIDENCE_MODERATE,EDITORIAL_VERIFIED,UNMATCHED_EXTERNAL,DECISION_PAGE,false,NEEDS_ENRICHMENT,ACTIVE,editorial topic requires a sourced editorial record with verified_at; no such record observed in repository,2026-07-29T18:55:01.732Z,other-bali-intent-os-autopilot,OB-INT-0001..0200@2026-07-29
OB-CAN-0128,Book Airbnb vs hotel (risks and benefits),"As a traveller in Bali, I want to book Airbnb vs hotel (risks and benefits).",Accommodation,OB-INT-0155,,,,,venues.publication_status;venues.jobs;venues.district;venues.name;venues.slug,LOW,EVIDENCE_STRONG,EDITORIAL_VERIFIED,MATCHED,PLACES_FILTER,true,BLOCKED_BY_DATA,ACTIVE,no venue jobs slug covers this intent (internal key where-to-stay); live data carries only [brunch_after_surf|date_night_special|sunset_drinks_view|family_early_dinner|group_dinner_share|special_occasion|quiet_work_cafe|local_food_calm|just_landed_easy_dinner],2026-07-29T18:55:01.732Z,other-bali-intent-os-autopilot,OB-INT-0001..0200@2026-07-29
OB-CAN-0129,Avoid Airbnb double-booking and fake listings,"As a traveller in Bali, I want to avoid Airbnb double-booking and fake listings.",Accommodation & Safety,OB-INT-0156;OB-INT-0157;OB-INT-0158;OB-INT-0159;OB-INT-0160,Spot fake villa listings on Booking/Google;Rent villa through Facebook groups safely;Verify villa rental legitimacy before payment;Deal with villa scams and third-party theft,OB-INT-0157;OB-INT-0158;OB-INT-0159;OB-INT-0160,,,authoritative_source;reviewed_by;reviewed_at,SAFETY,EVIDENCE_STRONG,AUTHORITATIVE_SOURCE_REQUIRED,UNMATCHED_EXTERNAL,NO_BUILD,false,HIGH_RISK_NOT_READY,RESEARCH_ONLY,risk_class=SAFETY: 04_AUTONOMOUS_DECISION_POLICY.yaml risk_policy sets auto_build_allowed=false and publication_status=RESEARCH_ONLY for SAFETY/MEDICAL/LEGAL_REGULATORY,2026-07-29T18:55:01.732Z,other-bali-intent-os-autopilot,OB-INT-0001..0200@2026-07-29
OB-CAN-0130,Find long-term villa rental (3-6 months),"As a traveller in Bali, I want to find long-term villa rental (3-6 months).",Accommodation,OB-INT-0161,,,,,venues.publication_status;venues.jobs;venues.district;venues.name;venues.slug,LOW,EVIDENCE_MODERATE,EDITORIAL_VERIFIED,PARTIAL,PLACES_FILTER,true,BLOCKED_BY_DATA,ACTIVE,no venue jobs slug covers this intent (internal key where-to-stay); live data carries only [brunch_after_surf|date_night_special|sunset_drinks_view|family_early_dinner|group_dinner_share|special_occasion|quiet_work_cafe|local_food_calm|just_landed_easy_dinner],2026-07-29T18:55:01.732Z,other-bali-intent-os-autopilot,OB-INT-0001..0200@2026-07-29
OB-CAN-0131,Understand noise complaints from neighbors,"As a traveller in Bali, I want to understand noise complaints from neighbors.",Accommodation & Community,OB-INT-0162,,,,,editorial_source;verified_at,LOW,EVIDENCE_MODERATE,EDITORIAL_VERIFIED,MATCHED,DECISION_PAGE,false,NEEDS_ENRICHMENT,ACTIVE,editorial topic requires a sourced editorial record with verified_at; no such record observed in repository,2026-07-29T18:55:01.732Z,other-bali-intent-os-autopilot,OB-INT-0001..0200@2026-07-29
OB-CAN-0132,Book yoga and meditation retreat in Bali,"As a traveller in Bali, I want to book yoga and meditation retreat in Bali.",Wellness & Retreats,OB-INT-0163;OB-INT-0164;OB-INT-0166;OB-INT-0168,"Choose between Balitrees, Bali Garden, Blooming Lotus;Find authentic vs touristy yoga retreat;Book meditation retreat during low season",OB-INT-0164;OB-INT-0166;OB-INT-0168,,,venues.publication_status;venues.jobs;venues.district;venues.name;venues.slug,LOW,EVIDENCE_STRONG,EDITORIAL_VERIFIED,PARTIAL,PLACES_FILTER,true,BLOCKED_BY_DATA,ACTIVE,no venue jobs slug covers this intent (internal key wellness-spa); live data carries only [brunch_after_surf|date_night_special|sunset_drinks_view|family_early_dinner|group_dinner_share|special_occasion|quiet_work_cafe|local_food_calm|just_landed_easy_dinner],2026-07-29T18:55:01.732Z,other-bali-intent-os-autopilot,OB-INT-0001..0200@2026-07-29
OB-CAN-0133,Evaluate healing retreat legitimacy,"As a traveller in Bali, I want to evaluate healing retreat legitimacy.",Wellness & Safety,OB-INT-0165,,,,,authoritative_source;reviewed_by;reviewed_at,LEGAL_REGULATORY,EVIDENCE_STRONG,AUTHORITATIVE_SOURCE_REQUIRED,UNMATCHED_EXTERNAL,NO_BUILD,false,HIGH_RISK_NOT_READY,RESEARCH_ONLY,risk_class=LEGAL_REGULATORY: 04_AUTONOMOUS_DECISION_POLICY.yaml risk_policy sets auto_build_allowed=false and publication_status=RESEARCH_ONLY for SAFETY/MEDICAL/LEGAL_REGULATORY,2026-07-29T18:55:01.732Z,other-bali-intent-os-autopilot,OB-INT-0001..0200@2026-07-29
OB-CAN-0134,Combine yoga retreat with diving trip,"As a traveller in Bali, I want to combine yoga retreat with diving trip.",Multi-activity Planning,OB-INT-0167,,,,,venues.publication_status;venues.jobs;venues.district;venues.name;venues.slug,LOW,EVIDENCE_MODERATE,EDITORIAL_VERIFIED,MATCHED,PLACES_FILTER,true,BLOCKED_BY_DATA,ACTIVE,no venue jobs slug covers this intent (internal key retreat); live data carries only [brunch_after_surf|date_night_special|sunset_drinks_view|family_early_dinner|group_dinner_share|special_occasion|quiet_work_cafe|local_food_calm|just_landed_easy_dinner],2026-07-29T18:55:01.732Z,other-bali-intent-os-autopilot,OB-INT-0001..0200@2026-07-29
OB-CAN-0135,Understand traffic fatality rates in Bali,"As a traveller in Bali, I want to understand traffic fatality rates in Bali.",Safety Awareness,OB-INT-0172,,,,,authoritative_source;reviewed_by;reviewed_at,SAFETY,EVIDENCE_STRONG,AUTHORITATIVE_SOURCE_REQUIRED,UNMATCHED_EXTERNAL,NO_BUILD,false,HIGH_RISK_NOT_READY,RESEARCH_ONLY,risk_class=SAFETY: 04_AUTONOMOUS_DECISION_POLICY.yaml risk_policy sets auto_build_allowed=false and publication_status=RESEARCH_ONLY for SAFETY/MEDICAL/LEGAL_REGULATORY,2026-07-29T18:55:01.732Z,other-bali-intent-os-autopilot,OB-INT-0001..0200@2026-07-29
OB-CAN-0136,Understand Bali belly prevention,"As a traveller in Bali, I want to understand Bali belly prevention.",Health & Prevention,OB-INT-0174;OB-INT-0056;OB-INT-0175;OB-INT-0185;OB-INT-0186,"Recover from Bali belly (what to eat, pharmacy, drinks);Know when to see doctor for Bali belly;Understand Bali belly medication options;Bring Imodium from home (not available)",OB-INT-0056;OB-INT-0175;OB-INT-0185;OB-INT-0186,,,authoritative_source;reviewed_by;reviewed_at,MEDICAL,EVIDENCE_STRONG,AUTHORITATIVE_SOURCE_REQUIRED,UNMATCHED_EXTERNAL,NO_BUILD,false,HIGH_RISK_NOT_READY,RESEARCH_ONLY,risk_class=MEDICAL: 04_AUTONOMOUS_DECISION_POLICY.yaml risk_policy sets auto_build_allowed=false and publication_status=RESEARCH_ONLY for SAFETY/MEDICAL/LEGAL_REGULATORY,2026-07-29T18:55:01.732Z,other-bali-intent-os-autopilot,OB-INT-0001..0200@2026-07-29
OB-CAN-0137,Find quality deodorant in Bali,"As a traveller in Bali, I want to find quality deodorant in Bali.",Shopping & Personal Care,OB-INT-0176,,,,,venues.publication_status;venue_action_capability,LOW,EVIDENCE_MODERATE,EDITORIAL_VERIFIED,UNMATCHED_EXTERNAL,PRODUCT_ONLY_NO_URL,false,BLOCKED_BY_DATA,ACTIVE,no venue jobs slug covers this intent (internal key unmatched); live data carries only [brunch_after_surf|date_night_special|sunset_drinks_view|family_early_dinner|group_dinner_share|special_occasion|quiet_work_cafe|local_food_calm|just_landed_easy_dinner],2026-07-29T18:55:01.732Z,other-bali-intent-os-autopilot,OB-INT-0001..0200@2026-07-29
OB-CAN-0138,Understand Kopi Luwak coffee scam,"As a traveller in Bali, I want to understand Kopi Luwak coffee scam.",Shopping & Culture,OB-INT-0177,,,,,authoritative_source;reviewed_by;reviewed_at,SAFETY,EVIDENCE_STRONG,AUTHORITATIVE_SOURCE_REQUIRED,UNMATCHED_EXTERNAL,NO_BUILD,false,HIGH_RISK_NOT_READY,RESEARCH_ONLY,risk_class=SAFETY: 04_AUTONOMOUS_DECISION_POLICY.yaml risk_policy sets auto_build_allowed=false and publication_status=RESEARCH_ONLY for SAFETY/MEDICAL/LEGAL_REGULATORY,2026-07-29T18:55:01.732Z,other-bali-intent-os-autopilot,OB-INT-0001..0200@2026-07-29
OB-CAN-0139,Buy authentic local snacks and chips,"As a traveller in Bali, I want to buy authentic local snacks and chips.",Shopping & Food,OB-INT-0178,,,,,venues.publication_status;venue_action_capability,LOW,EVIDENCE_MODERATE,EDITORIAL_VERIFIED,MATCHED,PRODUCT_ONLY_NO_URL,false,READY,ACTIVE,"live snapshot: local_food_calm READY in 8 districts, 62 published venues",2026-07-29T18:55:01.732Z,other-bali-intent-os-autopilot,OB-INT-0001..0200@2026-07-29
OB-CAN-0140,Understand visa extension process,"As a traveller in Bali, I want to understand visa extension process.",Logistics,OB-INT-0179,,,,,authoritative_source;reviewed_by;reviewed_at,LEGAL_REGULATORY,EVIDENCE_MODERATE,AUTHORITATIVE_SOURCE_REQUIRED,UNMATCHED_EXTERNAL,NO_BUILD,false,HIGH_RISK_NOT_READY,RESEARCH_ONLY,risk_class=LEGAL_REGULATORY: 04_AUTONOMOUS_DECISION_POLICY.yaml risk_policy sets auto_build_allowed=false and publication_status=RESEARCH_ONLY for SAFETY/MEDICAL/LEGAL_REGULATORY,2026-07-29T18:55:01.732Z,other-bali-intent-os-autopilot,OB-INT-0001..0200@2026-07-29
OB-CAN-0141,Handle visa system downtime at immigration,"As a traveller in Bali, I want to handle visa system downtime at immigration.",Logistics & Emergency,OB-INT-0180,,,,,authoritative_source;reviewed_by;reviewed_at,LEGAL_REGULATORY,EVIDENCE_MODERATE,AUTHORITATIVE_SOURCE_REQUIRED,UNMATCHED_EXTERNAL,NO_BUILD,false,HIGH_RISK_NOT_READY,RESEARCH_ONLY,risk_class=LEGAL_REGULATORY: 04_AUTONOMOUS_DECISION_POLICY.yaml risk_policy sets auto_build_allowed=false and publication_status=RESEARCH_ONLY for SAFETY/MEDICAL/LEGAL_REGULATORY,2026-07-29T18:55:01.732Z,other-bali-intent-os-autopilot,OB-INT-0001..0200@2026-07-29
OB-CAN-0142,Solve C1 visa online application issues,"As a traveller in Bali, I want to solve C1 visa online application issues.",Logistics & Tech,OB-INT-0181,,,,,authoritative_source;reviewed_by;reviewed_at,LEGAL_REGULATORY,EVIDENCE_MODERATE,AUTHORITATIVE_SOURCE_REQUIRED,UNMATCHED_EXTERNAL,NO_BUILD,false,HIGH_RISK_NOT_READY,RESEARCH_ONLY,risk_class=LEGAL_REGULATORY: 04_AUTONOMOUS_DECISION_POLICY.yaml risk_policy sets auto_build_allowed=false and publication_status=RESEARCH_ONLY for SAFETY/MEDICAL/LEGAL_REGULATORY,2026-07-29T18:55:01.732Z,other-bali-intent-os-autopilot,OB-INT-0001..0200@2026-07-29
OB-CAN-0143,Find travel clinic for vaccinations,"As a traveller in Bali, I want to find travel clinic for vaccinations.",Health & Logistics,OB-INT-0184,,,,,authoritative_source;reviewed_by;reviewed_at,MEDICAL,EVIDENCE_MODERATE,AUTHORITATIVE_SOURCE_REQUIRED,UNMATCHED_EXTERNAL,NO_BUILD,false,HIGH_RISK_NOT_READY,RESEARCH_ONLY,risk_class=MEDICAL: 04_AUTONOMOUS_DECISION_POLICY.yaml risk_policy sets auto_build_allowed=false and publication_status=RESEARCH_ONLY for SAFETY/MEDICAL/LEGAL_REGULATORY,2026-07-29T18:55:01.732Z,other-bali-intent-os-autopilot,OB-INT-0001..0200@2026-07-29
OB-CAN-0144,Find menthol powder (Herocyn) for skin,"As a traveller in Bali, I want to find menthol powder (Herocyn) for skin.",Shopping & Personal Care,OB-INT-0187,,,,,venues.publication_status;venues.name;venues.slug,LOW,EVIDENCE_MODERATE,EDITORIAL_VERIFIED,UNMATCHED_EXTERNAL,PLACES_SEARCH,true,BLOCKED_BY_DATA,ACTIVE,no venue jobs slug covers this intent (internal key unmatched); live data carries only [brunch_after_surf|date_night_special|sunset_drinks_view|family_early_dinner|group_dinner_share|special_occasion|quiet_work_cafe|local_food_calm|just_landed_easy_dinner],2026-07-29T18:55:01.732Z,other-bali-intent-os-autopilot,OB-INT-0001..0200@2026-07-29
OB-CAN-0145,Understand Balinese offering culture,"As a traveller in Bali, I want to understand Balinese offering culture.",Culture & Respect,OB-INT-0188,,,,,editorial_source;verified_at,LOW,EVIDENCE_MODERATE,EDITORIAL_VERIFIED,UNMATCHED_EXTERNAL,DECISION_PAGE,false,NEEDS_ENRICHMENT,ACTIVE,editorial topic requires a sourced editorial record with verified_at; no such record observed in repository,2026-07-29T18:55:01.732Z,other-bali-intent-os-autopilot,OB-INT-0001..0200@2026-07-29
OB-CAN-0146,Participate respectfully in local ceremonies,"As a traveller in Bali, I want to participate respectfully in local ceremonies.",Culture & Respect,OB-INT-0189,,,,,editorial_source;verified_at,LOW,EVIDENCE_STRONG,EDITORIAL_VERIFIED,UNMATCHED_EXTERNAL,DECISION_PAGE,false,NEEDS_ENRICHMENT,ACTIVE,editorial topic requires a sourced editorial record with verified_at; no such record observed in repository,2026-07-29T18:55:01.732Z,other-bali-intent-os-autopilot,OB-INT-0001..0200@2026-07-29
OB-CAN-0147,Understand cremation ceremony etiquette,"As a traveller in Bali, I want to understand cremation ceremony etiquette.",Culture & Respect,OB-INT-0190,,,,,editorial_source;verified_at,LOW,EVIDENCE_MODERATE,EDITORIAL_VERIFIED,UNMATCHED_EXTERNAL,DECISION_PAGE,false,NEEDS_ENRICHMENT,ACTIVE,editorial topic requires a sourced editorial record with verified_at; no such record observed in repository,2026-07-29T18:55:01.732Z,other-bali-intent-os-autopilot,OB-INT-0001..0200@2026-07-29
OB-CAN-0148,Understand tooth filing ceremony,"As a traveller in Bali, I want to understand tooth filing ceremony.",Culture & Experiences,OB-INT-0191,,,,,editorial_source;verified_at,LOW,EVIDENCE_MODERATE,EDITORIAL_VERIFIED,UNMATCHED_EXTERNAL,DECISION_PAGE,false,NEEDS_ENRICHMENT,ACTIVE,editorial topic requires a sourced editorial record with verified_at; no such record observed in repository,2026-07-29T18:55:01.732Z,other-bali-intent-os-autopilot,OB-INT-0001..0200@2026-07-29
OB-CAN-0149,Find authentic local restaurants (not tourist),"As a traveller in Bali, I want to find authentic local restaurants (not tourist).",Food & Culture,OB-INT-0192,,,,,venues.publication_status;venues.jobs;venues.district;venues.name;venues.slug,LOW,EVIDENCE_STRONG,EDITORIAL_VERIFIED,MATCHED,PLACES_FILTER,true,READY,ACTIVE,"live snapshot: local_food_calm READY in 8 districts, 62 published venues",2026-07-29T18:55:01.732Z,other-bali-intent-os-autopilot,OB-INT-0001..0200@2026-07-29
OB-CAN-0150,Understand Balinese hospitality and friendliness,"As a traveller in Bali, I want to understand Balinese hospitality and friendliness.",Culture & Social,OB-INT-0193,,,,,editorial_source;verified_at,LOW,EVIDENCE_MODERATE,EDITORIAL_VERIFIED,UNMATCHED_EXTERNAL,DECISION_PAGE,false,NEEDS_ENRICHMENT,ACTIVE,editorial topic requires a sourced editorial record with verified_at; no such record observed in repository,2026-07-29T18:55:01.732Z,other-bali-intent-os-autopilot,OB-INT-0001..0200@2026-07-29
OB-CAN-0151,Learn basic Balinese greetings and phrases,"As a traveller in Bali, I want to learn basic Balinese greetings and phrases.",Culture & Language,OB-INT-0194,,,,,editorial_source;verified_at,LOW,EVIDENCE_MODERATE,EDITORIAL_VERIFIED,UNMATCHED_EXTERNAL,DECISION_PAGE,false,NEEDS_ENRICHMENT,ACTIVE,editorial topic requires a sourced editorial record with verified_at; no such record observed in repository,2026-07-29T18:55:01.732Z,other-bali-intent-os-autopilot,OB-INT-0001..0200@2026-07-29
OB-CAN-0152,Understand local tipping customs,"As a traveller in Bali, I want to understand local tipping customs.",Culture & Social,OB-INT-0195,,,,,editorial_source;verified_at,LOW,EVIDENCE_MODERATE,EDITORIAL_VERIFIED,UNMATCHED_EXTERNAL,DECISION_PAGE,false,NEEDS_ENRICHMENT,ACTIVE,editorial topic requires a sourced editorial record with verified_at; no such record observed in repository,2026-07-29T18:55:01.732Z,other-bali-intent-os-autopilot,OB-INT-0001..0200@2026-07-29
OB-CAN-0153,Avoid being complacent with valuables,"As a traveller in Bali, I want to avoid being complacent with valuables.",Safety & Awareness,OB-INT-0196,,,,,authoritative_source;reviewed_by;reviewed_at,SAFETY,EVIDENCE_STRONG,AUTHORITATIVE_SOURCE_REQUIRED,UNMATCHED_EXTERNAL,NO_BUILD,false,HIGH_RISK_NOT_READY,RESEARCH_ONLY,risk_class=SAFETY: 04_AUTONOMOUS_DECISION_POLICY.yaml risk_policy sets auto_build_allowed=false and publication_status=RESEARCH_ONLY for SAFETY/MEDICAL/LEGAL_REGULATORY,2026-07-29T18:55:01.732Z,other-bali-intent-os-autopilot,OB-INT-0001..0200@2026-07-29
OB-CAN-0154,Use phone safely on motorbike (don't use),"As a traveller in Bali, I want to use phone safely on motorbike (don't use).",Safety,OB-INT-0197,,,,,authoritative_source;reviewed_by;reviewed_at,SAFETY,EVIDENCE_STRONG,AUTHORITATIVE_SOURCE_REQUIRED,UNMATCHED_EXTERNAL,NO_BUILD,false,HIGH_RISK_NOT_READY,RESEARCH_ONLY,risk_class=SAFETY: 04_AUTONOMOUS_DECISION_POLICY.yaml risk_policy sets auto_build_allowed=false and publication_status=RESEARCH_ONLY for SAFETY/MEDICAL/LEGAL_REGULATORY,2026-07-29T18:55:01.732Z,other-bali-intent-os-autopilot,OB-INT-0001..0200@2026-07-29
OB-CAN-0155,Understand garbage and pollution issues,"As a traveller in Bali, I want to understand garbage and pollution issues.",Environment & Expectations,OB-INT-0198,,,,,editorial_source;verified_at,LOW,EVIDENCE_MODERATE,EDITORIAL_VERIFIED,UNMATCHED_EXTERNAL,DECISION_PAGE,false,NEEDS_ENRICHMENT,ACTIVE,editorial topic requires a sourced editorial record with verified_at; no such record observed in repository,2026-07-29T18:55:01.732Z,other-bali-intent-os-autopilot,OB-INT-0001..0200@2026-07-29
OB-CAN-0156,Manage expectations about Bali's development,"As a traveller in Bali, I want to manage expectations about Bali's development.",Expectations & Mindset,OB-INT-0199,,,,,editorial_source;verified_at,LOW,EVIDENCE_MODERATE,EDITORIAL_VERIFIED,UNMATCHED_EXTERNAL,DECISION_PAGE,false,NEEDS_ENRICHMENT,ACTIVE,editorial topic requires a sourced editorial record with verified_at; no such record observed in repository,2026-07-29T18:55:01.732Z,other-bali-intent-os-autopilot,OB-INT-0001..0200@2026-07-29
OB-CAN-0157,Understand Bali's tourism impact on locals,"As a traveller in Bali, I want to understand Bali's tourism impact on locals.",Culture & Awareness,OB-INT-0200,,,,,editorial_source;verified_at,LOW,EVIDENCE_MODERATE,EDITORIAL_VERIFIED,UNMATCHED_EXTERNAL,DECISION_PAGE,false,NEEDS_ENRICHMENT,ACTIVE,editorial topic requires a sourced editorial record with verified_at; no such record observed in repository,2026-07-29T18:55:01.732Z,other-bali-intent-os-autopilot,OB-INT-0001..0200@2026-07-29
