venue_slug,venue_id,original_photo_url,proposed_photo_url,rollback_sql,rollback_required
therapy-day-spa-pererenan,v_import_therapy_day_spa_pererenan,https://xvhxyohqkkpaynrgrvvb.supabase.co/storage/v1/object/public/venue-photos/draft/therapy-day-spa-pererenan/2ff1e35257d8f26d2399.jpg,https://egkdapqwkfprtyqvvnso.supabase.co/storage/v1/object/public/venue-photos/draft/therapy-day-spa-pererenan/2ff1e35257d8f26d2399.jpg,UPDATE public.venues SET photo_url = 'https://xvhxyohqkkpaynrgrvvb.supabase.co/storage/v1/object/public/venue-photos/draft/therapy-day-spa-pererenan/2ff1e35257d8f26d2399.jpg' WHERE id = 'v_import_therapy_day_spa_pererenan';,YES
samesa-canggu,v_samesa-canggu,https://xvhxyohqkkpaynrgrvvb.supabase.co/storage/v1/object/public/venue-photos/draft/samesa-canggu/4e5e4d1c314ca6969e38.jpg,https://egkdapqwkfprtyqvvnso.supabase.co/storage/v1/object/public/venue-photos/draft/samesa-canggu/4e5e4d1c314ca6969e38.jpg,UPDATE public.venues SET photo_url = 'https://xvhxyohqkkpaynrgrvvb.supabase.co/storage/v1/object/public/venue-photos/draft/samesa-canggu/4e5e4d1c314ca6969e38.jpg' WHERE id = 'v_samesa-canggu';,YES
isla-by-earth-island,v_import_isla_by_earth_island,https://xvhxyohqkkpaynrgrvvb.supabase.co/storage/v1/object/public/venue-photos/draft/isla-by-earth-island/20f241c3dcb74bf86ca8.jpg,https://egkdapqwkfprtyqvvnso.supabase.co/storage/v1/object/public/venue-photos/draft/isla-by-earth-island/20f241c3dcb74bf86ca8.jpg,UPDATE public.venues SET photo_url = 'https://xvhxyohqkkpaynrgrvvb.supabase.co/storage/v1/object/public/venue-photos/draft/isla-by-earth-island/20f241c3dcb74bf86ca8.jpg' WHERE id = 'v_import_isla_by_earth_island';,YES
rite-bali,v_import_rite_bali,https://xvhxyohqkkpaynrgrvvb.supabase.co/storage/v1/object/public/venue-photos/draft/rite-bali/7cb586dd51042c4780b3.png,https://egkdapqwkfprtyqvvnso.supabase.co/storage/v1/object/public/venue-photos/draft/rite-bali/7cb586dd51042c4780b3.png,UPDATE public.venues SET photo_url = 'https://xvhxyohqkkpaynrgrvvb.supabase.co/storage/v1/object/public/venue-photos/draft/rite-bali/7cb586dd51042c4780b3.png' WHERE id = 'v_import_rite_bali';,YES
casa-luna,v_import_casa_luna,https://xvhxyohqkkpaynrgrvvb.supabase.co/storage/v1/object/public/venue-photos/draft/casa-luna/0f69e15d640264db77d4.jpg,https://egkdapqwkfprtyqvvnso.supabase.co/storage/v1/object/public/venue-photos/draft/casa-luna/0f69e15d640264db77d4.jpg,UPDATE public.venues SET photo_url = 'https://xvhxyohqkkpaynrgrvvb.supabase.co/storage/v1/object/public/venue-photos/draft/casa-luna/0f69e15d640264db77d4.jpg' WHERE id = 'v_import_casa_luna';,YES
the-shady-shack,v_import_the_shady_shack,https://xvhxyohqkkpaynrgrvvb.supabase.co/storage/v1/object/public/venue-photos/draft/the-shady-shack/4cf9edf3df41dde82b1a.webp,https://egkdapqwkfprtyqvvnso.supabase.co/storage/v1/object/public/venue-photos/draft/the-shady-shack/4cf9edf3df41dde82b1a.webp,UPDATE public.venues SET photo_url = 'https://xvhxyohqkkpaynrgrvvb.supabase.co/storage/v1/object/public/venue-photos/draft/the-shady-shack/4cf9edf3df41dde82b1a.webp' WHERE id = 'v_import_the_shady_shack';,YES
lyma-beach,v_import_lyma_beach,https://xvhxyohqkkpaynrgrvvb.supabase.co/storage/v1/object/public/venue-photos/draft/lyma-beach/d52837e2be82bfd431c1.webp,https://egkdapqwkfprtyqvvnso.supabase.co/storage/v1/object/public/venue-photos/draft/lyma-beach/d52837e2be82bfd431c1.webp,UPDATE public.venues SET photo_url = 'https://xvhxyohqkkpaynrgrvvb.supabase.co/storage/v1/object/public/venue-photos/draft/lyma-beach/d52837e2be82bfd431c1.webp' WHERE id = 'v_import_lyma_beach';,YES
tropical-temptation-adult-only-beach-club,v_import_tropical_temptation_adult_only_beach_club,https://xvhxyohqkkpaynrgrvvb.supabase.co/storage/v1/object/public/venue-photos/draft/tropical-temptation-adult-only-beach-club/bd4d7ad05df0b6243dce.jpg,https://egkdapqwkfprtyqvvnso.supabase.co/storage/v1/object/public/venue-photos/draft/tropical-temptation-adult-only-beach-club/bd4d7ad05df0b6243dce.jpg,UPDATE public.venues SET photo_url = 'https://xvhxyohqkkpaynrgrvvb.supabase.co/storage/v1/object/public/venue-photos/draft/tropical-temptation-adult-only-beach-club/bd4d7ad05df0b6243dce.jpg' WHERE id = 'v_import_tropical_temptation_adult_only_beach_club';,YES
ulu-garden,v_import_ulu_garden,https://xvhxyohqkkpaynrgrvvb.supabase.co/storage/v1/object/public/venue-photos/draft/ulu-garden/bcc777f38adfc3306a99.webp,https://egkdapqwkfprtyqvvnso.supabase.co/storage/v1/object/public/venue-photos/draft/ulu-garden/bcc777f38adfc3306a99.webp,UPDATE public.venues SET photo_url = 'https://xvhxyohqkkpaynrgrvvb.supabase.co/storage/v1/object/public/venue-photos/draft/ulu-garden/bcc777f38adfc3306a99.webp' WHERE id = 'v_import_ulu_garden';,YES
hippie-fish-pererenan-beach,v_import_hippie_fish_pererenan_beach,https://xvhxyohqkkpaynrgrvvb.supabase.co/storage/v1/object/public/venue-photos/draft/hippie-fish-pererenan-beach/c46009c2617f836614b2.jpg,https://egkdapqwkfprtyqvvnso.supabase.co/storage/v1/object/public/venue-photos/draft/hippie-fish-pererenan-beach/c46009c2617f836614b2.jpg,UPDATE public.venues SET photo_url = 'https://xvhxyohqkkpaynrgrvvb.supabase.co/storage/v1/object/public/venue-photos/draft/hippie-fish-pererenan-beach/c46009c2617f836614b2.jpg' WHERE id = 'v_import_hippie_fish_pererenan_beach';,YES
santanera,v_import_santanera,https://xvhxyohqkkpaynrgrvvb.supabase.co/storage/v1/object/public/venue-photos/draft/santanera/e8bc9e6834d7f4b56ef5.webp,https://egkdapqwkfprtyqvvnso.supabase.co/storage/v1/object/public/venue-photos/draft/santanera/e8bc9e6834d7f4b56ef5.webp,UPDATE public.venues SET photo_url = 'https://xvhxyohqkkpaynrgrvvb.supabase.co/storage/v1/object/public/venue-photos/draft/santanera/e8bc9e6834d7f4b56ef5.webp' WHERE id = 'v_import_santanera';,YES
12-kitchen-and-wine,v_import_12_kitchen_and_wine,https://xvhxyohqkkpaynrgrvvb.supabase.co/storage/v1/object/public/venue-photos/draft/12-kitchen-and-wine/b6912e9d7c108cb59f19.jpg,https://egkdapqwkfprtyqvvnso.supabase.co/storage/v1/object/public/venue-photos/draft/12-kitchen-and-wine/b6912e9d7c108cb59f19.jpg,UPDATE public.venues SET photo_url = 'https://xvhxyohqkkpaynrgrvvb.supabase.co/storage/v1/object/public/venue-photos/draft/12-kitchen-and-wine/b6912e9d7c108cb59f19.jpg' WHERE id = 'v_import_12_kitchen_and_wine';,YES
la-brisa-bali,v_import_la_brisa_bali,https://xvhxyohqkkpaynrgrvvb.supabase.co/storage/v1/object/public/venue-photos/draft/la-brisa-bali/9a3266b06d1fcaa5b130.jpg,https://egkdapqwkfprtyqvvnso.supabase.co/storage/v1/object/public/venue-photos/draft/la-brisa-bali/9a3266b06d1fcaa5b130.jpg,UPDATE public.venues SET photo_url = 'https://xvhxyohqkkpaynrgrvvb.supabase.co/storage/v1/object/public/venue-photos/draft/la-brisa-bali/9a3266b06d1fcaa5b130.jpg' WHERE id = 'v_import_la_brisa_bali';,YES
samadi-bali,v_import_samadi_bali,https://xvhxyohqkkpaynrgrvvb.supabase.co/storage/v1/object/public/venue-photos/draft/samadi-bali/4c8f32ddccdce7d7b96f.jpg,https://egkdapqwkfprtyqvvnso.supabase.co/storage/v1/object/public/venue-photos/draft/samadi-bali/4c8f32ddccdce7d7b96f.jpg,UPDATE public.venues SET photo_url = 'https://xvhxyohqkkpaynrgrvvb.supabase.co/storage/v1/object/public/venue-photos/draft/samadi-bali/4c8f32ddccdce7d7b96f.jpg' WHERE id = 'v_import_samadi_bali';,YES
milk-and-madu-beach-road,v_import_milk_and_madu_beach_road,https://xvhxyohqkkpaynrgrvvb.supabase.co/storage/v1/object/public/venue-photos/draft/milk-and-madu-beach-road/ebbecaf3032f0679bd41.webp,https://egkdapqwkfprtyqvvnso.supabase.co/storage/v1/object/public/venue-photos/draft/milk-and-madu-beach-road/ebbecaf3032f0679bd41.webp,UPDATE public.venues SET photo_url = 'https://xvhxyohqkkpaynrgrvvb.supabase.co/storage/v1/object/public/venue-photos/draft/milk-and-madu-beach-road/ebbecaf3032f0679bd41.webp' WHERE id = 'v_import_milk_and_madu_beach_road';,YES
baked-pererenan,v_import_baked_pererenan,https://xvhxyohqkkpaynrgrvvb.supabase.co/storage/v1/object/public/venue-photos/draft/baked-pererenan/a493633f9afeff608ea5.jpg,https://egkdapqwkfprtyqvvnso.supabase.co/storage/v1/object/public/venue-photos/draft/baked-pererenan/a493633f9afeff608ea5.jpg,UPDATE public.venues SET photo_url = 'https://xvhxyohqkkpaynrgrvvb.supabase.co/storage/v1/object/public/venue-photos/draft/baked-pererenan/a493633f9afeff608ea5.jpg' WHERE id = 'v_import_baked_pererenan';,YES
kush-ayurveda-yoga-barn,ab6771be-a0f1-4261-bef2-a667909bc856,https://xvhxyohqkkpaynrgrvvb.supabase.co/storage/v1/object/public/venue-photos/draft/kush-ayurveda-yoga-barn/7c697ae94bbf3b27bae8.jpg,https://egkdapqwkfprtyqvvnso.supabase.co/storage/v1/object/public/venue-photos/draft/kush-ayurveda-yoga-barn/7c697ae94bbf3b27bae8.jpg,UPDATE public.venues SET photo_url = 'https://xvhxyohqkkpaynrgrvvb.supabase.co/storage/v1/object/public/venue-photos/draft/kush-ayurveda-yoga-barn/7c697ae94bbf3b27bae8.jpg' WHERE id = 'ab6771be-a0f1-4261-bef2-a667909bc856';,YES
laka-leke,v_laka-leke,https://xvhxyohqkkpaynrgrvvb.supabase.co/storage/v1/object/public/venue-photos/draft/laka-leke/37c08ee4ca9d0299c2a0.png,https://egkdapqwkfprtyqvvnso.supabase.co/storage/v1/object/public/venue-photos/draft/laka-leke/37c08ee4ca9d0299c2a0.png,UPDATE public.venues SET photo_url = 'https://xvhxyohqkkpaynrgrvvb.supabase.co/storage/v1/object/public/venue-photos/draft/laka-leke/37c08ee4ca9d0299c2a0.png' WHERE id = 'v_laka-leke';,YES
pyramids-of-chi,ceb336c1-5821-43da-bc54-fdf6c26cc5d9,https://xvhxyohqkkpaynrgrvvb.supabase.co/storage/v1/object/public/venue-photos/draft/pyramids-of-chi/81ad4a6331ee5f94da06.jpg,https://egkdapqwkfprtyqvvnso.supabase.co/storage/v1/object/public/venue-photos/draft/pyramids-of-chi/81ad4a6331ee5f94da06.jpg,UPDATE public.venues SET photo_url = 'https://xvhxyohqkkpaynrgrvvb.supabase.co/storage/v1/object/public/venue-photos/draft/pyramids-of-chi/81ad4a6331ee5f94da06.jpg' WHERE id = 'ceb336c1-5821-43da-bc54-fdf6c26cc5d9';,YES
bar-vera-bistro-and-wine-bar,v_import_bar_vera_bistro_and_wine_bar,https://xvhxyohqkkpaynrgrvvb.supabase.co/storage/v1/object/public/venue-photos/draft/bar-vera-bistro-and-wine-bar/52f960af7c302a4cd59a.jpg,https://egkdapqwkfprtyqvvnso.supabase.co/storage/v1/object/public/venue-photos/draft/bar-vera-bistro-and-wine-bar/52f960af7c302a4cd59a.jpg,UPDATE public.venues SET photo_url = 'https://xvhxyohqkkpaynrgrvvb.supabase.co/storage/v1/object/public/venue-photos/draft/bar-vera-bistro-and-wine-bar/52f960af7c302a4cd59a.jpg' WHERE id = 'v_import_bar_vera_bistro_and_wine_bar';,YES
putri-bali-spa,5ef727ea-7e10-48bf-8bb7-c0577e5fc04e,https://xvhxyohqkkpaynrgrvvb.supabase.co/storage/v1/object/public/venue-photos/draft/putri-bali-spa/43c7e320bd1bd34b6a97.webp,https://egkdapqwkfprtyqvvnso.supabase.co/storage/v1/object/public/venue-photos/draft/putri-bali-spa/43c7e320bd1bd34b6a97.webp,UPDATE public.venues SET photo_url = 'https://xvhxyohqkkpaynrgrvvb.supabase.co/storage/v1/object/public/venue-photos/draft/putri-bali-spa/43c7e320bd1bd34b6a97.webp' WHERE id = '5ef727ea-7e10-48bf-8bb7-c0577e5fc04e';,YES
sensorium-bali,v_import_sensorium_bali,https://xvhxyohqkkpaynrgrvvb.supabase.co/storage/v1/object/public/venue-photos/draft/sensorium-bali/e009097af7d4de207a25.jpg,https://egkdapqwkfprtyqvvnso.supabase.co/storage/v1/object/public/venue-photos/draft/sensorium-bali/e009097af7d4de207a25.jpg,UPDATE public.venues SET photo_url = 'https://xvhxyohqkkpaynrgrvvb.supabase.co/storage/v1/object/public/venue-photos/draft/sensorium-bali/e009097af7d4de207a25.jpg' WHERE id = 'v_import_sensorium_bali';,YES
sundays-beach-club,v_import_sundays_beach_club,https://xvhxyohqkkpaynrgrvvb.supabase.co/storage/v1/object/public/venue-photos/draft/sundays-beach-club/a8be54e53c07696df17f.png,https://egkdapqwkfprtyqvvnso.supabase.co/storage/v1/object/public/venue-photos/draft/sundays-beach-club/a8be54e53c07696df17f.png,UPDATE public.venues SET photo_url = 'https://xvhxyohqkkpaynrgrvvb.supabase.co/storage/v1/object/public/venue-photos/draft/sundays-beach-club/a8be54e53c07696df17f.png' WHERE id = 'v_import_sundays_beach_club';,YES
karsa-spa,0d3ec7f6-a187-4c57-9099-e558aab17653,https://xvhxyohqkkpaynrgrvvb.supabase.co/storage/v1/object/public/venue-photos/draft/karsa-spa/7eed261962e722cce8bc.png,https://egkdapqwkfprtyqvvnso.supabase.co/storage/v1/object/public/venue-photos/draft/karsa-spa/7eed261962e722cce8bc.png,UPDATE public.venues SET photo_url = 'https://xvhxyohqkkpaynrgrvvb.supabase.co/storage/v1/object/public/venue-photos/draft/karsa-spa/7eed261962e722cce8bc.png' WHERE id = '0d3ec7f6-a187-4c57-9099-e558aab17653';,YES
riviera-cafe-cemagi,v_import_riviera_cafe_cemagi,https://xvhxyohqkkpaynrgrvvb.supabase.co/storage/v1/object/public/venue-photos/draft/riviera-cafe-cemagi/a2b7ccbae1378705d54e.webp,https://egkdapqwkfprtyqvvnso.supabase.co/storage/v1/object/public/venue-photos/draft/riviera-cafe-cemagi/a2b7ccbae1378705d54e.webp,UPDATE public.venues SET photo_url = 'https://xvhxyohqkkpaynrgrvvb.supabase.co/storage/v1/object/public/venue-photos/draft/riviera-cafe-cemagi/a2b7ccbae1378705d54e.webp' WHERE id = 'v_import_riviera_cafe_cemagi';,YES
udara-bali,v_import_udara_bali,https://xvhxyohqkkpaynrgrvvb.supabase.co/storage/v1/object/public/venue-photos/draft/udara-bali/72b9ce4887731387227c.jpg,https://egkdapqwkfprtyqvvnso.supabase.co/storage/v1/object/public/venue-photos/draft/udara-bali/72b9ce4887731387227c.jpg,UPDATE public.venues SET photo_url = 'https://xvhxyohqkkpaynrgrvvb.supabase.co/storage/v1/object/public/venue-photos/draft/udara-bali/72b9ce4887731387227c.jpg' WHERE id = 'v_import_udara_bali';,YES
cascades,v_cascades,https://xvhxyohqkkpaynrgrvvb.supabase.co/storage/v1/object/public/venue-photos/draft/cascades/b1bd4c26d5fb14ee7717.jpg,https://egkdapqwkfprtyqvvnso.supabase.co/storage/v1/object/public/venue-photos/draft/cascades/b1bd4c26d5fb14ee7717.jpg,UPDATE public.venues SET photo_url = 'https://xvhxyohqkkpaynrgrvvb.supabase.co/storage/v1/object/public/venue-photos/draft/cascades/b1bd4c26d5fb14ee7717.jpg' WHERE id = 'v_cascades';,YES
intuitive-flow,c4119d28-7714-4274-a289-c63369fd43bb,https://xvhxyohqkkpaynrgrvvb.supabase.co/storage/v1/object/public/venue-photos/draft/intuitive-flow/2505c00af8c45c57757a.jpg,https://egkdapqwkfprtyqvvnso.supabase.co/storage/v1/object/public/venue-photos/draft/intuitive-flow/2505c00af8c45c57757a.jpg,UPDATE public.venues SET photo_url = 'https://xvhxyohqkkpaynrgrvvb.supabase.co/storage/v1/object/public/venue-photos/draft/intuitive-flow/2505c00af8c45c57757a.jpg' WHERE id = 'c4119d28-7714-4274-a289-c63369fd43bb';,YES
alchemy-uluwatu,v_import_alchemy_uluwatu,https://xvhxyohqkkpaynrgrvvb.supabase.co/storage/v1/object/public/venue-photos/draft/alchemy-uluwatu/83158ba728a5b993a7b0.jpg,https://egkdapqwkfprtyqvvnso.supabase.co/storage/v1/object/public/venue-photos/draft/alchemy-uluwatu/83158ba728a5b993a7b0.jpg,UPDATE public.venues SET photo_url = 'https://xvhxyohqkkpaynrgrvvb.supabase.co/storage/v1/object/public/venue-photos/draft/alchemy-uluwatu/83158ba728a5b993a7b0.jpg' WHERE id = 'v_import_alchemy_uluwatu';,YES
radiantly-alive,1d8de9b4-c345-4700-b4e5-d0c3fb15433b,https://xvhxyohqkkpaynrgrvvb.supabase.co/storage/v1/object/public/venue-photos/draft/radiantly-alive/b6733628d22cc9ed34c9.jpg,https://egkdapqwkfprtyqvvnso.supabase.co/storage/v1/object/public/venue-photos/draft/radiantly-alive/b6733628d22cc9ed34c9.jpg,UPDATE public.venues SET photo_url = 'https://xvhxyohqkkpaynrgrvvb.supabase.co/storage/v1/object/public/venue-photos/draft/radiantly-alive/b6733628d22cc9ed34c9.jpg' WHERE id = '1d8de9b4-c345-4700-b4e5-d0c3fb15433b';,YES
zali-uluwatu,v_import_zali_uluwatu,https://xvhxyohqkkpaynrgrvvb.supabase.co/storage/v1/object/public/venue-photos/draft/zali-uluwatu/b273cf6a534c9e740d82.jpg,https://egkdapqwkfprtyqvvnso.supabase.co/storage/v1/object/public/venue-photos/draft/zali-uluwatu/b273cf6a534c9e740d82.jpg,UPDATE public.venues SET photo_url = 'https://xvhxyohqkkpaynrgrvvb.supabase.co/storage/v1/object/public/venue-photos/draft/zali-uluwatu/b273cf6a534c9e740d82.jpg' WHERE id = 'v_import_zali_uluwatu';,YES
beach-boy-canggu,v_import_beach_boy_canggu,https://xvhxyohqkkpaynrgrvvb.supabase.co/storage/v1/object/public/venue-photos/draft/beach-boy-canggu/c7be62fc7e2afa2453b1.jpg,https://egkdapqwkfprtyqvvnso.supabase.co/storage/v1/object/public/venue-photos/draft/beach-boy-canggu/c7be62fc7e2afa2453b1.jpg,UPDATE public.venues SET photo_url = 'https://xvhxyohqkkpaynrgrvvb.supabase.co/storage/v1/object/public/venue-photos/draft/beach-boy-canggu/c7be62fc7e2afa2453b1.jpg' WHERE id = 'v_import_beach_boy_canggu';,YES
alchemy-yoga-meditation-center,beb69deb-f66e-4b16-8874-460df37c0100,https://xvhxyohqkkpaynrgrvvb.supabase.co/storage/v1/object/public/venue-photos/draft/alchemy-yoga-meditation-center/10bfad61db1af3ffb17b.jpg,https://egkdapqwkfprtyqvvnso.supabase.co/storage/v1/object/public/venue-photos/draft/alchemy-yoga-meditation-center/10bfad61db1af3ffb17b.jpg,UPDATE public.venues SET photo_url = 'https://xvhxyohqkkpaynrgrvvb.supabase.co/storage/v1/object/public/venue-photos/draft/alchemy-yoga-meditation-center/10bfad61db1af3ffb17b.jpg' WHERE id = 'beb69deb-f66e-4b16-8874-460df37c0100';,YES
the-yoga-barn,68741f1a-2555-4bb1-974a-d16a8155c931,https://xvhxyohqkkpaynrgrvvb.supabase.co/storage/v1/object/public/venue-photos/draft/the-yoga-barn/7c697ae94bbf3b27bae8.jpg,https://egkdapqwkfprtyqvvnso.supabase.co/storage/v1/object/public/venue-photos/draft/the-yoga-barn/7c697ae94bbf3b27bae8.jpg,UPDATE public.venues SET photo_url = 'https://xvhxyohqkkpaynrgrvvb.supabase.co/storage/v1/object/public/venue-photos/draft/the-yoga-barn/7c697ae94bbf3b27bae8.jpg' WHERE id = '68741f1a-2555-4bb1-974a-d16a8155c931';,YES
ubud-yoga-centre,747cc036-129b-4eda-b397-7623c730c8a0,https://xvhxyohqkkpaynrgrvvb.supabase.co/storage/v1/object/public/venue-photos/draft/ubud-yoga-centre/9ebf3a2ddec9109a8ce0.jpg,https://egkdapqwkfprtyqvvnso.supabase.co/storage/v1/object/public/venue-photos/draft/ubud-yoga-centre/9ebf3a2ddec9109a8ce0.jpg,UPDATE public.venues SET photo_url = 'https://xvhxyohqkkpaynrgrvvb.supabase.co/storage/v1/object/public/venue-photos/draft/ubud-yoga-centre/9ebf3a2ddec9109a8ce0.jpg' WHERE id = '747cc036-129b-4eda-b397-7623c730c8a0';,YES
oneworld-ayurveda,3093b0d1-4740-4c13-823c-6183e833fedd,https://xvhxyohqkkpaynrgrvvb.supabase.co/storage/v1/object/public/venue-photos/draft/oneworld-ayurveda/dca548d2364f819b740e.jpg,https://egkdapqwkfprtyqvvnso.supabase.co/storage/v1/object/public/venue-photos/draft/oneworld-ayurveda/dca548d2364f819b740e.jpg,UPDATE public.venues SET photo_url = 'https://xvhxyohqkkpaynrgrvvb.supabase.co/storage/v1/object/public/venue-photos/draft/oneworld-ayurveda/dca548d2364f819b740e.jpg' WHERE id = '3093b0d1-4740-4c13-823c-6183e833fedd';,YES
ubud-sari-health-resort,6d2f7ea7-fa9d-4138-8dc6-43a5cea3aff3,https://xvhxyohqkkpaynrgrvvb.supabase.co/storage/v1/object/public/venue-photos/draft/ubud-sari-health-resort/3a9c0a86e52782acd681.jpg,https://egkdapqwkfprtyqvvnso.supabase.co/storage/v1/object/public/venue-photos/draft/ubud-sari-health-resort/3a9c0a86e52782acd681.jpg,UPDATE public.venues SET photo_url = 'https://xvhxyohqkkpaynrgrvvb.supabase.co/storage/v1/object/public/venue-photos/draft/ubud-sari-health-resort/3a9c0a86e52782acd681.jpg' WHERE id = '6d2f7ea7-fa9d-4138-8dc6-43a5cea3aff3';,YES
taksu-yoga-ubud,0d6c6141-85f5-49df-9706-4e18c8313f70,https://xvhxyohqkkpaynrgrvvb.supabase.co/storage/v1/object/public/venue-photos/draft/taksu-yoga-ubud/1cddbffb07b7b7290f6e.webp,https://egkdapqwkfprtyqvvnso.supabase.co/storage/v1/object/public/venue-photos/draft/taksu-yoga-ubud/1cddbffb07b7b7290f6e.webp,UPDATE public.venues SET photo_url = 'https://xvhxyohqkkpaynrgrvvb.supabase.co/storage/v1/object/public/venue-photos/draft/taksu-yoga-ubud/1cddbffb07b7b7290f6e.webp' WHERE id = '0d6c6141-85f5-49df-9706-4e18c8313f70';,YES
mason,v_mason,https://xvhxyohqkkpaynrgrvvb.supabase.co/storage/v1/object/public/venue-photos/draft/mason/7f7e8cf9b1950ee98605.webp,https://egkdapqwkfprtyqvvnso.supabase.co/storage/v1/object/public/venue-photos/draft/mason/7f7e8cf9b1950ee98605.webp,UPDATE public.venues SET photo_url = 'https://xvhxyohqkkpaynrgrvvb.supabase.co/storage/v1/object/public/venue-photos/draft/mason/7f7e8cf9b1950ee98605.webp' WHERE id = 'v_mason';,YES
milk-and-madu-berawa,v_import_milk_and_madu_berawa,https://xvhxyohqkkpaynrgrvvb.supabase.co/storage/v1/object/public/venue-photos/draft/milk-and-madu-berawa/ebbecaf3032f0679bd41.webp,https://egkdapqwkfprtyqvvnso.supabase.co/storage/v1/object/public/venue-photos/draft/milk-and-madu-berawa/ebbecaf3032f0679bd41.webp,UPDATE public.venues SET photo_url = 'https://xvhxyohqkkpaynrgrvvb.supabase.co/storage/v1/object/public/venue-photos/draft/milk-and-madu-berawa/ebbecaf3032f0679bd41.webp' WHERE id = 'v_import_milk_and_madu_berawa';,YES
deus-ex-machina,v_deus-ex-machina,https://xvhxyohqkkpaynrgrvvb.supabase.co/storage/v1/object/public/venue-photos/draft/deus-ex-machina/9091f59ae6c2c529e805.jpg,https://egkdapqwkfprtyqvvnso.supabase.co/storage/v1/object/public/venue-photos/draft/deus-ex-machina/9091f59ae6c2c529e805.jpg,UPDATE public.venues SET photo_url = 'https://xvhxyohqkkpaynrgrvvb.supabase.co/storage/v1/object/public/venue-photos/draft/deus-ex-machina/9091f59ae6c2c529e805.jpg' WHERE id = 'v_deus-ex-machina';,YES
ubud-traditional-spa,b9fd90b3-179a-4301-b722-99f005801f9e,https://xvhxyohqkkpaynrgrvvb.supabase.co/storage/v1/object/public/venue-photos/draft/ubud-traditional-spa/0e6e8e079db6035c7dc5.jpg,https://egkdapqwkfprtyqvvnso.supabase.co/storage/v1/object/public/venue-photos/draft/ubud-traditional-spa/0e6e8e079db6035c7dc5.jpg,UPDATE public.venues SET photo_url = 'https://xvhxyohqkkpaynrgrvvb.supabase.co/storage/v1/object/public/venue-photos/draft/ubud-traditional-spa/0e6e8e079db6035c7dc5.jpg' WHERE id = 'b9fd90b3-179a-4301-b722-99f005801f9e';,YES
baked-berawa,v_import_baked_berawa,https://xvhxyohqkkpaynrgrvvb.supabase.co/storage/v1/object/public/venue-photos/draft/baked-berawa/a493633f9afeff608ea5.jpg,https://egkdapqwkfprtyqvvnso.supabase.co/storage/v1/object/public/venue-photos/draft/baked-berawa/a493633f9afeff608ea5.jpg,UPDATE public.venues SET photo_url = 'https://xvhxyohqkkpaynrgrvvb.supabase.co/storage/v1/object/public/venue-photos/draft/baked-berawa/a493633f9afeff608ea5.jpg' WHERE id = 'v_import_baked_berawa';,YES
revolver-canggu,v_import_revolver_canggu,https://xvhxyohqkkpaynrgrvvb.supabase.co/storage/v1/object/public/venue-photos/draft/revolver-canggu/a8f1fdc0b750a1dd9c7b.jpg,https://egkdapqwkfprtyqvvnso.supabase.co/storage/v1/object/public/venue-photos/draft/revolver-canggu/a8f1fdc0b750a1dd9c7b.jpg,UPDATE public.venues SET photo_url = 'https://xvhxyohqkkpaynrgrvvb.supabase.co/storage/v1/object/public/venue-photos/draft/revolver-canggu/a8f1fdc0b750a1dd9c7b.jpg' WHERE id = 'v_import_revolver_canggu';,YES
woods-bali,v_import_woods_bali,https://xvhxyohqkkpaynrgrvvb.supabase.co/storage/v1/object/public/venue-photos/draft/woods-bali/913a42dd146dadcf6196.jpg,https://egkdapqwkfprtyqvvnso.supabase.co/storage/v1/object/public/venue-photos/draft/woods-bali/913a42dd146dadcf6196.jpg,UPDATE public.venues SET photo_url = 'https://xvhxyohqkkpaynrgrvvb.supabase.co/storage/v1/object/public/venue-photos/draft/woods-bali/913a42dd146dadcf6196.jpg' WHERE id = 'v_import_woods_bali';,YES
motion-cafe,v_import_motion_cafe,https://xvhxyohqkkpaynrgrvvb.supabase.co/storage/v1/object/public/venue-photos/draft/motion-cafe/f15093c661cc68307dde.jpg,https://egkdapqwkfprtyqvvnso.supabase.co/storage/v1/object/public/venue-photos/draft/motion-cafe/f15093c661cc68307dde.jpg,UPDATE public.venues SET photo_url = 'https://xvhxyohqkkpaynrgrvvb.supabase.co/storage/v1/object/public/venue-photos/draft/motion-cafe/f15093c661cc68307dde.jpg' WHERE id = 'v_import_motion_cafe';,YES
single-fin,v_import_single_fin,https://xvhxyohqkkpaynrgrvvb.supabase.co/storage/v1/object/public/venue-photos/draft/single-fin/157b046eb0076d5ab2ce.webp,https://egkdapqwkfprtyqvvnso.supabase.co/storage/v1/object/public/venue-photos/draft/single-fin/157b046eb0076d5ab2ce.webp,UPDATE public.venues SET photo_url = 'https://xvhxyohqkkpaynrgrvvb.supabase.co/storage/v1/object/public/venue-photos/draft/single-fin/157b046eb0076d5ab2ce.webp' WHERE id = 'v_import_single_fin';,YES
oneeighty,v_import_oneeighty,https://xvhxyohqkkpaynrgrvvb.supabase.co/storage/v1/object/public/venue-photos/draft/oneeighty/0fa1897bd256a4d2c837.png,https://egkdapqwkfprtyqvvnso.supabase.co/storage/v1/object/public/venue-photos/draft/oneeighty/0fa1897bd256a4d2c837.png,UPDATE public.venues SET photo_url = 'https://xvhxyohqkkpaynrgrvvb.supabase.co/storage/v1/object/public/venue-photos/draft/oneeighty/0fa1897bd256a4d2c837.png' WHERE id = 'v_import_oneeighty';,YES
masonry-restaurant,v_import_masonry_restaurant,https://xvhxyohqkkpaynrgrvvb.supabase.co/storage/v1/object/public/venue-photos/draft/masonry-restaurant/1f2696b2a981983f8cb1.webp,https://egkdapqwkfprtyqvvnso.supabase.co/storage/v1/object/public/venue-photos/draft/masonry-restaurant/1f2696b2a981983f8cb1.webp,UPDATE public.venues SET photo_url = 'https://xvhxyohqkkpaynrgrvvb.supabase.co/storage/v1/object/public/venue-photos/draft/masonry-restaurant/1f2696b2a981983f8cb1.webp' WHERE id = 'v_import_masonry_restaurant';,YES
locavore-nxt,v_locavore-nxt,https://xvhxyohqkkpaynrgrvvb.supabase.co/storage/v1/object/public/venue-photos/draft/locavore-nxt/665011828b3745b36705.webp,https://egkdapqwkfprtyqvvnso.supabase.co/storage/v1/object/public/venue-photos/draft/locavore-nxt/665011828b3745b36705.webp,UPDATE public.venues SET photo_url = 'https://xvhxyohqkkpaynrgrvvb.supabase.co/storage/v1/object/public/venue-photos/draft/locavore-nxt/665011828b3745b36705.webp' WHERE id = 'v_locavore-nxt';,YES
room4dessert,v_room4dessert,https://xvhxyohqkkpaynrgrvvb.supabase.co/storage/v1/object/public/venue-photos/draft/room4dessert/90adb2562b1944594c0f.jpg,https://egkdapqwkfprtyqvvnso.supabase.co/storage/v1/object/public/venue-photos/draft/room4dessert/90adb2562b1944594c0f.jpg,UPDATE public.venues SET photo_url = 'https://xvhxyohqkkpaynrgrvvb.supabase.co/storage/v1/object/public/venue-photos/draft/room4dessert/90adb2562b1944594c0f.jpg' WHERE id = 'v_room4dessert';,YES
the-avocado-factory,v_import_the_avocado_factory,https://xvhxyohqkkpaynrgrvvb.supabase.co/storage/v1/object/public/venue-photos/draft/the-avocado-factory/bc0397f7498a13d77d8b.jpg,https://egkdapqwkfprtyqvvnso.supabase.co/storage/v1/object/public/venue-photos/draft/the-avocado-factory/bc0397f7498a13d77d8b.jpg,UPDATE public.venues SET photo_url = 'https://xvhxyohqkkpaynrgrvvb.supabase.co/storage/v1/object/public/venue-photos/draft/the-avocado-factory/bc0397f7498a13d77d8b.jpg' WHERE id = 'v_import_the_avocado_factory';,YES
warung-bu-mi,v_warung-bu-mi,https://xvhxyohqkkpaynrgrvvb.supabase.co/storage/v1/object/public/venue-photos/draft/warung-bu-mi/28556fda3ce0517ad205.jpg,https://egkdapqwkfprtyqvvnso.supabase.co/storage/v1/object/public/venue-photos/draft/warung-bu-mi/28556fda3ce0517ad205.jpg,UPDATE public.venues SET photo_url = 'https://xvhxyohqkkpaynrgrvvb.supabase.co/storage/v1/object/public/venue-photos/draft/warung-bu-mi/28556fda3ce0517ad205.jpg' WHERE id = 'v_warung-bu-mi';,YES
the-shala-bali,3db91038-1d4f-4c3c-b92f-070727d3654d,https://xvhxyohqkkpaynrgrvvb.supabase.co/storage/v1/object/public/venue-photos/draft/the-shala-bali/31646a0827e1c76b0f0e.jpg,https://egkdapqwkfprtyqvvnso.supabase.co/storage/v1/object/public/venue-photos/draft/the-shala-bali/31646a0827e1c76b0f0e.jpg,UPDATE public.venues SET photo_url = 'https://xvhxyohqkkpaynrgrvvb.supabase.co/storage/v1/object/public/venue-photos/draft/the-shala-bali/31646a0827e1c76b0f0e.jpg' WHERE id = '3db91038-1d4f-4c3c-b92f-070727d3654d';,YES
cafe-del-mar-bali,v_import_cafe_del_mar_bali,https://xvhxyohqkkpaynrgrvvb.supabase.co/storage/v1/object/public/venue-photos/draft/cafe-del-mar-bali/7f91e6c8fceb393230e0.webp,https://egkdapqwkfprtyqvvnso.supabase.co/storage/v1/object/public/venue-photos/draft/cafe-del-mar-bali/7f91e6c8fceb393230e0.webp,UPDATE public.venues SET photo_url = 'https://xvhxyohqkkpaynrgrvvb.supabase.co/storage/v1/object/public/venue-photos/draft/cafe-del-mar-bali/7f91e6c8fceb393230e0.webp' WHERE id = 'v_import_cafe_del_mar_bali';,YES
sang-spa,1ac1a933-171c-4835-a62c-e3864adf60be,https://xvhxyohqkkpaynrgrvvb.supabase.co/storage/v1/object/public/venue-photos/draft/sang-spa/0914813ee291105aea7a.jpg,https://egkdapqwkfprtyqvvnso.supabase.co/storage/v1/object/public/venue-photos/draft/sang-spa/0914813ee291105aea7a.jpg,UPDATE public.venues SET photo_url = 'https://xvhxyohqkkpaynrgrvvb.supabase.co/storage/v1/object/public/venue-photos/draft/sang-spa/0914813ee291105aea7a.jpg' WHERE id = '1ac1a933-171c-4835-a62c-e3864adf60be';,YES
brunch-club-pererenan,v_import_brunch_club_pererenan,https://xvhxyohqkkpaynrgrvvb.supabase.co/storage/v1/object/public/venue-photos/draft/brunch-club-pererenan/cee4d27a65d92fa9c2cf.jpg,https://egkdapqwkfprtyqvvnso.supabase.co/storage/v1/object/public/venue-photos/draft/brunch-club-pererenan/cee4d27a65d92fa9c2cf.jpg,UPDATE public.venues SET photo_url = 'https://xvhxyohqkkpaynrgrvvb.supabase.co/storage/v1/object/public/venue-photos/draft/brunch-club-pererenan/cee4d27a65d92fa9c2cf.jpg' WHERE id = 'v_import_brunch_club_pererenan';,YES
bottega-italiana,v_bottega-italiana,https://xvhxyohqkkpaynrgrvvb.supabase.co/storage/v1/object/public/venue-photos/draft/bottega-italiana/cb1292a73a931722e606.webp,https://egkdapqwkfprtyqvvnso.supabase.co/storage/v1/object/public/venue-photos/draft/bottega-italiana/cb1292a73a931722e606.webp,UPDATE public.venues SET photo_url = 'https://xvhxyohqkkpaynrgrvvb.supabase.co/storage/v1/object/public/venue-photos/draft/bottega-italiana/cb1292a73a931722e606.webp' WHERE id = 'v_bottega-italiana';,YES
jaens-spa,ed4c1bfb-8638-4df8-9735-46039ec5a4a2,https://xvhxyohqkkpaynrgrvvb.supabase.co/storage/v1/object/public/venue-photos/draft/jaens-spa/ffe0b22cfe8d24a0f3c5.webp,https://egkdapqwkfprtyqvvnso.supabase.co/storage/v1/object/public/venue-photos/draft/jaens-spa/ffe0b22cfe8d24a0f3c5.webp,UPDATE public.venues SET photo_url = 'https://xvhxyohqkkpaynrgrvvb.supabase.co/storage/v1/object/public/venue-photos/draft/jaens-spa/ffe0b22cfe8d24a0f3c5.webp' WHERE id = 'ed4c1bfb-8638-4df8-9735-46039ec5a4a2';,YES
bali-botanica-spa,d65a22f4-a3e3-4788-b93d-23f3d35aa566,https://xvhxyohqkkpaynrgrvvb.supabase.co/storage/v1/object/public/venue-photos/draft/bali-botanica-spa/2b0dcf76308691297d29.jpg,https://egkdapqwkfprtyqvvnso.supabase.co/storage/v1/object/public/venue-photos/draft/bali-botanica-spa/2b0dcf76308691297d29.jpg,UPDATE public.venues SET photo_url = 'https://xvhxyohqkkpaynrgrvvb.supabase.co/storage/v1/object/public/venue-photos/draft/bali-botanica-spa/2b0dcf76308691297d29.jpg' WHERE id = 'd65a22f4-a3e3-4788-b93d-23f3d35aa566';,YES
shelter-restaurant,v_import_shelter_restaurant,https://xvhxyohqkkpaynrgrvvb.supabase.co/storage/v1/object/public/venue-photos/draft/shelter-restaurant/639b46b607a26a14f2da.webp,https://egkdapqwkfprtyqvvnso.supabase.co/storage/v1/object/public/venue-photos/draft/shelter-restaurant/639b46b607a26a14f2da.webp,UPDATE public.venues SET photo_url = 'https://xvhxyohqkkpaynrgrvvb.supabase.co/storage/v1/object/public/venue-photos/draft/shelter-restaurant/639b46b607a26a14f2da.webp' WHERE id = 'v_import_shelter_restaurant';,YES
riviera-trattoria-pererenan,v_import_riviera_trattoria_pererenan,https://xvhxyohqkkpaynrgrvvb.supabase.co/storage/v1/object/public/venue-photos/draft/riviera-trattoria-pererenan/5a1e0d0f286d83da97b4.jpg,https://egkdapqwkfprtyqvvnso.supabase.co/storage/v1/object/public/venue-photos/draft/riviera-trattoria-pererenan/5a1e0d0f286d83da97b4.jpg,UPDATE public.venues SET photo_url = 'https://xvhxyohqkkpaynrgrvvb.supabase.co/storage/v1/object/public/venue-photos/draft/riviera-trattoria-pererenan/5a1e0d0f286d83da97b4.jpg' WHERE id = 'v_import_riviera_trattoria_pererenan';,YES
onion-collective,v_onion-collective,https://xvhxyohqkkpaynrgrvvb.supabase.co/storage/v1/object/public/venue-photos/draft/onion-collective/e93bf5f7bbded178411c.jpg,https://egkdapqwkfprtyqvvnso.supabase.co/storage/v1/object/public/venue-photos/draft/onion-collective/e93bf5f7bbded178411c.jpg,UPDATE public.venues SET photo_url = 'https://xvhxyohqkkpaynrgrvvb.supabase.co/storage/v1/object/public/venue-photos/draft/onion-collective/e93bf5f7bbded178411c.jpg' WHERE id = 'v_onion-collective';,YES
manga-madu,v_manga-madu,https://xvhxyohqkkpaynrgrvvb.supabase.co/storage/v1/object/public/venue-photos/draft/manga-madu/296ea170ae52213adaeb.jpg,https://egkdapqwkfprtyqvvnso.supabase.co/storage/v1/object/public/venue-photos/draft/manga-madu/296ea170ae52213adaeb.jpg,UPDATE public.venues SET photo_url = 'https://xvhxyohqkkpaynrgrvvb.supabase.co/storage/v1/object/public/venue-photos/draft/manga-madu/296ea170ae52213adaeb.jpg' WHERE id = 'v_manga-madu';,YES
udara-bali-yoga-detox-and-spa-organic-ocean,v_import_udara_bali_yoga_detox_and_spa_organic_ocean,https://xvhxyohqkkpaynrgrvvb.supabase.co/storage/v1/object/public/venue-photos/draft/udara-bali-yoga-detox-and-spa-organic-ocean/04c888b70b3ed53bc9f2.jpg,https://egkdapqwkfprtyqvvnso.supabase.co/storage/v1/object/public/venue-photos/draft/udara-bali-yoga-detox-and-spa-organic-ocean/04c888b70b3ed53bc9f2.jpg,UPDATE public.venues SET photo_url = 'https://xvhxyohqkkpaynrgrvvb.supabase.co/storage/v1/object/public/venue-photos/draft/udara-bali-yoga-detox-and-spa-organic-ocean/04c888b70b3ed53bc9f2.jpg' WHERE id = 'v_import_udara_bali_yoga_detox_and_spa_organic_ocean';,YES
donna-ubud,v_donna-ubud,https://xvhxyohqkkpaynrgrvvb.supabase.co/storage/v1/object/public/venue-photos/draft/donna-ubud/33bcb872478ae2a69c56.jpg,https://egkdapqwkfprtyqvvnso.supabase.co/storage/v1/object/public/venue-photos/draft/donna-ubud/33bcb872478ae2a69c56.jpg,UPDATE public.venues SET photo_url = 'https://xvhxyohqkkpaynrgrvvb.supabase.co/storage/v1/object/public/venue-photos/draft/donna-ubud/33bcb872478ae2a69c56.jpg' WHERE id = 'v_donna-ubud';,YES
finns-beach-club,v_finns-beach-club,https://xvhxyohqkkpaynrgrvvb.supabase.co/storage/v1/object/public/venue-photos/draft/finns-beach-club/0dda91dae3b2358c51df.jpg,https://egkdapqwkfprtyqvvnso.supabase.co/storage/v1/object/public/venue-photos/draft/finns-beach-club/0dda91dae3b2358c51df.jpg,UPDATE public.venues SET photo_url = 'https://xvhxyohqkkpaynrgrvvb.supabase.co/storage/v1/object/public/venue-photos/draft/finns-beach-club/0dda91dae3b2358c51df.jpg' WHERE id = 'v_finns-beach-club';,YES
ulekan-berawa,v_import_ulekan_berawa,https://xvhxyohqkkpaynrgrvvb.supabase.co/storage/v1/object/public/venue-photos/draft/ulekan-berawa/c2e1119aaf5c88c1b543.jpg,https://egkdapqwkfprtyqvvnso.supabase.co/storage/v1/object/public/venue-photos/draft/ulekan-berawa/c2e1119aaf5c88c1b543.jpg,UPDATE public.venues SET photo_url = 'https://xvhxyohqkkpaynrgrvvb.supabase.co/storage/v1/object/public/venue-photos/draft/ulekan-berawa/c2e1119aaf5c88c1b543.jpg' WHERE id = 'v_import_ulekan_berawa';,YES
gelato-secrets-ubud,v_gelato-secrets-ubud,https://xvhxyohqkkpaynrgrvvb.supabase.co/storage/v1/object/public/venue-photos/draft/gelato-secrets-ubud/9fb7902242711f41ee1e.jpg,https://egkdapqwkfprtyqvvnso.supabase.co/storage/v1/object/public/venue-photos/draft/gelato-secrets-ubud/9fb7902242711f41ee1e.jpg,UPDATE public.venues SET photo_url = 'https://xvhxyohqkkpaynrgrvvb.supabase.co/storage/v1/object/public/venue-photos/draft/gelato-secrets-ubud/9fb7902242711f41ee1e.jpg' WHERE id = 'v_gelato-secrets-ubud';,YES
estetica-belle,v_import_estetica_belle,https://xvhxyohqkkpaynrgrvvb.supabase.co/storage/v1/object/public/venue-photos/draft/estetica-belle/ce0b23122ba651781fdb.jpg,https://egkdapqwkfprtyqvvnso.supabase.co/storage/v1/object/public/venue-photos/draft/estetica-belle/ce0b23122ba651781fdb.jpg,UPDATE public.venues SET photo_url = 'https://xvhxyohqkkpaynrgrvvb.supabase.co/storage/v1/object/public/venue-photos/draft/estetica-belle/ce0b23122ba651781fdb.jpg' WHERE id = 'v_import_estetica_belle';,YES
cutiepai-nails,v_import_cutiepai_nails,https://xvhxyohqkkpaynrgrvvb.supabase.co/storage/v1/object/public/venue-photos/draft/cutiepai-nails/4037b285c2e3092c3774.png,https://egkdapqwkfprtyqvvnso.supabase.co/storage/v1/object/public/venue-photos/draft/cutiepai-nails/4037b285c2e3092c3774.png,UPDATE public.venues SET photo_url = 'https://xvhxyohqkkpaynrgrvvb.supabase.co/storage/v1/object/public/venue-photos/draft/cutiepai-nails/4037b285c2e3092c3774.png' WHERE id = 'v_import_cutiepai_nails';,YES
fair-warung-bale,v_import_fair_warung_bale,https://xvhxyohqkkpaynrgrvvb.supabase.co/storage/v1/object/public/venue-photos/draft/fair-warung-bale/3dea8497b859a1804fd3.jpg,https://egkdapqwkfprtyqvvnso.supabase.co/storage/v1/object/public/venue-photos/draft/fair-warung-bale/3dea8497b859a1804fd3.jpg,UPDATE public.venues SET photo_url = 'https://xvhxyohqkkpaynrgrvvb.supabase.co/storage/v1/object/public/venue-photos/draft/fair-warung-bale/3dea8497b859a1804fd3.jpg' WHERE id = 'v_import_fair_warung_bale';,YES
nude-berawa,v_nude-berawa,https://xvhxyohqkkpaynrgrvvb.supabase.co/storage/v1/object/public/venue-photos/draft/nude-berawa/58a4ad26f829a3ad1d81.webp,https://egkdapqwkfprtyqvvnso.supabase.co/storage/v1/object/public/venue-photos/draft/nude-berawa/58a4ad26f829a3ad1d81.webp,UPDATE public.venues SET photo_url = 'https://xvhxyohqkkpaynrgrvvb.supabase.co/storage/v1/object/public/venue-photos/draft/nude-berawa/58a4ad26f829a3ad1d81.webp' WHERE id = 'v_nude-berawa';,YES
bali-bohemia,v_bali-bohemia,https://xvhxyohqkkpaynrgrvvb.supabase.co/storage/v1/object/public/venue-photos/draft/bali-bohemia/8b25568274b72c396145.jpg,https://egkdapqwkfprtyqvvnso.supabase.co/storage/v1/object/public/venue-photos/draft/bali-bohemia/8b25568274b72c396145.jpg,UPDATE public.venues SET photo_url = 'https://xvhxyohqkkpaynrgrvvb.supabase.co/storage/v1/object/public/venue-photos/draft/bali-bohemia/8b25568274b72c396145.jpg' WHERE id = 'v_bali-bohemia';,YES
jungle-padel-canggu-shortcut,v_import_jungle_padel_canggu_shortcut,https://xvhxyohqkkpaynrgrvvb.supabase.co/storage/v1/object/public/venue-photos/draft/jungle-padel-canggu-shortcut/7918cd2ef2c6764ee5b3.jpg,https://egkdapqwkfprtyqvvnso.supabase.co/storage/v1/object/public/venue-photos/draft/jungle-padel-canggu-shortcut/7918cd2ef2c6764ee5b3.jpg,UPDATE public.venues SET photo_url = 'https://xvhxyohqkkpaynrgrvvb.supabase.co/storage/v1/object/public/venue-photos/draft/jungle-padel-canggu-shortcut/7918cd2ef2c6764ee5b3.jpg' WHERE id = 'v_import_jungle_padel_canggu_shortcut';,YES
finns-recreation-club-finns-lifestyle-village,v_import_finns_recreation_club_finns_lifestyle_village,https://xvhxyohqkkpaynrgrvvb.supabase.co/storage/v1/object/public/venue-photos/draft/finns-recreation-club-finns-lifestyle-village/c6fde7083e7d088fa35c.jpg,https://egkdapqwkfprtyqvvnso.supabase.co/storage/v1/object/public/venue-photos/draft/finns-recreation-club-finns-lifestyle-village/c6fde7083e7d088fa35c.jpg,UPDATE public.venues SET photo_url = 'https://xvhxyohqkkpaynrgrvvb.supabase.co/storage/v1/object/public/venue-photos/draft/finns-recreation-club-finns-lifestyle-village/c6fde7083e7d088fa35c.jpg' WHERE id = 'v_import_finns_recreation_club_finns_lifestyle_village';,YES
yuki-canggu,v_import_yuki_canggu,https://xvhxyohqkkpaynrgrvvb.supabase.co/storage/v1/object/public/venue-photos/draft/yuki-canggu/2a2dae22053c973915ae.png,https://egkdapqwkfprtyqvvnso.supabase.co/storage/v1/object/public/venue-photos/draft/yuki-canggu/2a2dae22053c973915ae.png,UPDATE public.venues SET photo_url = 'https://xvhxyohqkkpaynrgrvvb.supabase.co/storage/v1/object/public/venue-photos/draft/yuki-canggu/2a2dae22053c973915ae.png' WHERE id = 'v_import_yuki_canggu';,YES
seeds-of-life,v_seeds-of-life,https://xvhxyohqkkpaynrgrvvb.supabase.co/storage/v1/object/public/venue-photos/draft/seeds-of-life/821eaafb6d1a0be42850.jpg,https://egkdapqwkfprtyqvvnso.supabase.co/storage/v1/object/public/venue-photos/draft/seeds-of-life/821eaafb6d1a0be42850.jpg,UPDATE public.venues SET photo_url = 'https://xvhxyohqkkpaynrgrvvb.supabase.co/storage/v1/object/public/venue-photos/draft/seeds-of-life/821eaafb6d1a0be42850.jpg' WHERE id = 'v_seeds-of-life';,YES
only-nails-pererenan,v_import_only_nails_pererenan,https://xvhxyohqkkpaynrgrvvb.supabase.co/storage/v1/object/public/venue-photos/draft/only-nails-pererenan/ee66018da0ca48dd4fbb.webp,https://egkdapqwkfprtyqvvnso.supabase.co/storage/v1/object/public/venue-photos/draft/only-nails-pererenan/ee66018da0ca48dd4fbb.webp,UPDATE public.venues SET photo_url = 'https://xvhxyohqkkpaynrgrvvb.supabase.co/storage/v1/object/public/venue-photos/draft/only-nails-pererenan/ee66018da0ca48dd4fbb.webp' WHERE id = 'v_import_only_nails_pererenan';,YES
two-face-canggu,v_import_two_face_canggu,https://xvhxyohqkkpaynrgrvvb.supabase.co/storage/v1/object/public/venue-photos/draft/two-face-canggu/48f27b2928c75e2540d8.webp,https://egkdapqwkfprtyqvvnso.supabase.co/storage/v1/object/public/venue-photos/draft/two-face-canggu/48f27b2928c75e2540d8.webp,UPDATE public.venues SET photo_url = 'https://xvhxyohqkkpaynrgrvvb.supabase.co/storage/v1/object/public/venue-photos/draft/two-face-canggu/48f27b2928c75e2540d8.webp' WHERE id = 'v_import_two_face_canggu';,YES
como-beach-club-canggu,v_import_como_beach_club_canggu,https://xvhxyohqkkpaynrgrvvb.supabase.co/storage/v1/object/public/venue-photos/draft/como-beach-club-canggu/2ca5c425fff7d51e1cad.jpg,https://egkdapqwkfprtyqvvnso.supabase.co/storage/v1/object/public/venue-photos/draft/como-beach-club-canggu/2ca5c425fff7d51e1cad.jpg,UPDATE public.venues SET photo_url = 'https://xvhxyohqkkpaynrgrvvb.supabase.co/storage/v1/object/public/venue-photos/draft/como-beach-club-canggu/2ca5c425fff7d51e1cad.jpg' WHERE id = 'v_import_como_beach_club_canggu';,YES
svaha-spa,a84991fe-5d80-4985-a364-555e7347d789,https://xvhxyohqkkpaynrgrvvb.supabase.co/storage/v1/object/public/venue-photos/draft/svaha-spa/bda5dff76adffb9fbbb1.jpg,https://egkdapqwkfprtyqvvnso.supabase.co/storage/v1/object/public/venue-photos/draft/svaha-spa/bda5dff76adffb9fbbb1.jpg,UPDATE public.venues SET photo_url = 'https://xvhxyohqkkpaynrgrvvb.supabase.co/storage/v1/object/public/venue-photos/draft/svaha-spa/bda5dff76adffb9fbbb1.jpg' WHERE id = 'a84991fe-5d80-4985-a364-555e7347d789';,YES
lulu-bistrot,v_import_lulu_bistrot,https://xvhxyohqkkpaynrgrvvb.supabase.co/storage/v1/object/public/venue-photos/draft/lulu-bistrot/dd6b8d1d91ff1d865c79.webp,https://egkdapqwkfprtyqvvnso.supabase.co/storage/v1/object/public/venue-photos/draft/lulu-bistrot/dd6b8d1d91ff1d865c79.webp,UPDATE public.venues SET photo_url = 'https://xvhxyohqkkpaynrgrvvb.supabase.co/storage/v1/object/public/venue-photos/draft/lulu-bistrot/dd6b8d1d91ff1d865c79.webp' WHERE id = 'v_import_lulu_bistrot';,YES
mozaic,v_mozaic,https://xvhxyohqkkpaynrgrvvb.supabase.co/storage/v1/object/public/venue-photos/draft/mozaic/421df8885f017b33c1e4.jpg,https://egkdapqwkfprtyqvvnso.supabase.co/storage/v1/object/public/venue-photos/draft/mozaic/421df8885f017b33c1e4.jpg,UPDATE public.venues SET photo_url = 'https://xvhxyohqkkpaynrgrvvb.supabase.co/storage/v1/object/public/venue-photos/draft/mozaic/421df8885f017b33c1e4.jpg' WHERE id = 'v_mozaic';,YES
bgs-uluwatu,v_import_bgs_uluwatu,https://xvhxyohqkkpaynrgrvvb.supabase.co/storage/v1/object/public/venue-photos/draft/bgs-uluwatu/ed3535cbe4c6c0dc2ebf.webp,https://egkdapqwkfprtyqvvnso.supabase.co/storage/v1/object/public/venue-photos/draft/bgs-uluwatu/ed3535cbe4c6c0dc2ebf.webp,UPDATE public.venues SET photo_url = 'https://xvhxyohqkkpaynrgrvvb.supabase.co/storage/v1/object/public/venue-photos/draft/bgs-uluwatu/ed3535cbe4c6c0dc2ebf.webp' WHERE id = 'v_import_bgs_uluwatu';,YES
kala-uluwatu,v_import_kala_uluwatu,https://xvhxyohqkkpaynrgrvvb.supabase.co/storage/v1/object/public/venue-photos/draft/kala-uluwatu/3184ae0466135d6740b5.jpg,https://egkdapqwkfprtyqvvnso.supabase.co/storage/v1/object/public/venue-photos/draft/kala-uluwatu/3184ae0466135d6740b5.jpg,UPDATE public.venues SET photo_url = 'https://xvhxyohqkkpaynrgrvvb.supabase.co/storage/v1/object/public/venue-photos/draft/kala-uluwatu/3184ae0466135d6740b5.jpg' WHERE id = 'v_import_kala_uluwatu';,YES
mana-uluwatu,v_import_mana_uluwatu,https://xvhxyohqkkpaynrgrvvb.supabase.co/storage/v1/object/public/venue-photos/draft/mana-uluwatu/f0cf3a42ebedfd14e7bf.jpg,https://egkdapqwkfprtyqvvnso.supabase.co/storage/v1/object/public/venue-photos/draft/mana-uluwatu/f0cf3a42ebedfd14e7bf.jpg,UPDATE public.venues SET photo_url = 'https://xvhxyohqkkpaynrgrvvb.supabase.co/storage/v1/object/public/venue-photos/draft/mana-uluwatu/f0cf3a42ebedfd14e7bf.jpg' WHERE id = 'v_import_mana_uluwatu';,YES
waatu,v_import_waatu,https://xvhxyohqkkpaynrgrvvb.supabase.co/storage/v1/object/public/venue-photos/draft/waatu/ad0b4a72837caa74a27f.webp,https://egkdapqwkfprtyqvvnso.supabase.co/storage/v1/object/public/venue-photos/draft/waatu/ad0b4a72837caa74a27f.webp,UPDATE public.venues SET photo_url = 'https://xvhxyohqkkpaynrgrvvb.supabase.co/storage/v1/object/public/venue-photos/draft/waatu/ad0b4a72837caa74a27f.webp' WHERE id = 'v_import_waatu';,YES
suka-espresso,v_import_suka_espresso,https://xvhxyohqkkpaynrgrvvb.supabase.co/storage/v1/object/public/venue-photos/draft/suka-espresso/a1c3cfb3f55025cd3026.webp,https://egkdapqwkfprtyqvvnso.supabase.co/storage/v1/object/public/venue-photos/draft/suka-espresso/a1c3cfb3f55025cd3026.webp,UPDATE public.venues SET photo_url = 'https://xvhxyohqkkpaynrgrvvb.supabase.co/storage/v1/object/public/venue-photos/draft/suka-espresso/a1c3cfb3f55025cd3026.webp' WHERE id = 'v_import_suka_espresso';,YES
yuki-uluwatu,v_import_yuki_uluwatu,https://xvhxyohqkkpaynrgrvvb.supabase.co/storage/v1/object/public/venue-photos/draft/yuki-uluwatu/2a2dae22053c973915ae.png,https://egkdapqwkfprtyqvvnso.supabase.co/storage/v1/object/public/venue-photos/draft/yuki-uluwatu/2a2dae22053c973915ae.png,UPDATE public.venues SET photo_url = 'https://xvhxyohqkkpaynrgrvvb.supabase.co/storage/v1/object/public/venue-photos/draft/yuki-uluwatu/2a2dae22053c973915ae.png' WHERE id = 'v_import_yuki_uluwatu';,YES
white-rock-beach-club,v_import_white_rock_beach_club,https://xvhxyohqkkpaynrgrvvb.supabase.co/storage/v1/object/public/venue-photos/draft/white-rock-beach-club/f6dfdb422ad768ac793a.jpg,https://egkdapqwkfprtyqvvnso.supabase.co/storage/v1/object/public/venue-photos/draft/white-rock-beach-club/f6dfdb422ad768ac793a.jpg,UPDATE public.venues SET photo_url = 'https://xvhxyohqkkpaynrgrvvb.supabase.co/storage/v1/object/public/venue-photos/draft/white-rock-beach-club/f6dfdb422ad768ac793a.jpg' WHERE id = 'v_import_white_rock_beach_club';,YES
