venue_slug,target_url,storage_bucket,storage_path,object_exists,http_status,content_type,content_length,decodable,redirects,result,notes
therapy-day-spa-pererenan,https://egkdapqwkfprtyqvvnso.supabase.co/storage/v1/object/public/venue-photos/draft/therapy-day-spa-pererenan/2ff1e35257d8f26d2399.jpg,venue-photos,draft/therapy-day-spa-pererenan/2ff1e35257d8f26d2399.jpg,true,200,image/jpeg,148876,true,none,PASS,jpeg 1068x1600
samesa-canggu,https://egkdapqwkfprtyqvvnso.supabase.co/storage/v1/object/public/venue-photos/draft/samesa-canggu/4e5e4d1c314ca6969e38.jpg,venue-photos,draft/samesa-canggu/4e5e4d1c314ca6969e38.jpg,true,200,image/jpeg,945313,true,none,PASS,jpeg 900x1350
isla-by-earth-island,https://egkdapqwkfprtyqvvnso.supabase.co/storage/v1/object/public/venue-photos/draft/isla-by-earth-island/20f241c3dcb74bf86ca8.jpg,venue-photos,draft/isla-by-earth-island/20f241c3dcb74bf86ca8.jpg,true,200,image/jpeg,580633,true,none,PASS,jpeg 2000x968
rite-bali,https://egkdapqwkfprtyqvvnso.supabase.co/storage/v1/object/public/venue-photos/draft/rite-bali/7cb586dd51042c4780b3.png,venue-photos,draft/rite-bali/7cb586dd51042c4780b3.png,true,200,image/png,3338745,true,none,PASS,png 2000x1333
casa-luna,https://egkdapqwkfprtyqvvnso.supabase.co/storage/v1/object/public/venue-photos/draft/casa-luna/0f69e15d640264db77d4.jpg,venue-photos,draft/casa-luna/0f69e15d640264db77d4.jpg,true,200,image/jpeg,742356,true,none,PASS,jpeg 2560x1707
the-shady-shack,https://egkdapqwkfprtyqvvnso.supabase.co/storage/v1/object/public/venue-photos/draft/the-shady-shack/4cf9edf3df41dde82b1a.webp,venue-photos,draft/the-shady-shack/4cf9edf3df41dde82b1a.webp,true,200,image/webp,231526,true,none,PASS,webp 1400x933
lyma-beach,https://egkdapqwkfprtyqvvnso.supabase.co/storage/v1/object/public/venue-photos/draft/lyma-beach/d52837e2be82bfd431c1.webp,venue-photos,draft/lyma-beach/d52837e2be82bfd431c1.webp,true,200,image/webp,585042,true,none,PASS,webp 2000x1123
tropical-temptation-adult-only-beach-club,https://egkdapqwkfprtyqvvnso.supabase.co/storage/v1/object/public/venue-photos/draft/tropical-temptation-adult-only-beach-club/bd4d7ad05df0b6243dce.jpg,venue-photos,draft/tropical-temptation-adult-only-beach-club/bd4d7ad05df0b6243dce.jpg,true,200,image/jpeg,221188,true,none,PASS,jpeg 1280x960
ulu-garden,https://egkdapqwkfprtyqvvnso.supabase.co/storage/v1/object/public/venue-photos/draft/ulu-garden/bcc777f38adfc3306a99.webp,venue-photos,draft/ulu-garden/bcc777f38adfc3306a99.webp,true,200,image/webp,278580,true,none,PASS,webp 1708x2560
hippie-fish-pererenan-beach,https://egkdapqwkfprtyqvvnso.supabase.co/storage/v1/object/public/venue-photos/draft/hippie-fish-pererenan-beach/c46009c2617f836614b2.jpg,venue-photos,draft/hippie-fish-pererenan-beach/c46009c2617f836614b2.jpg,true,200,image/jpeg,74276,true,none,PASS,jpeg 600x900
santanera,https://egkdapqwkfprtyqvvnso.supabase.co/storage/v1/object/public/venue-photos/draft/santanera/e8bc9e6834d7f4b56ef5.webp,venue-photos,draft/santanera/e8bc9e6834d7f4b56ef5.webp,true,200,image/webp,342062,true,none,PASS,webp 2500x1445
12-kitchen-and-wine,https://egkdapqwkfprtyqvvnso.supabase.co/storage/v1/object/public/venue-photos/draft/12-kitchen-and-wine/b6912e9d7c108cb59f19.jpg,venue-photos,draft/12-kitchen-and-wine/b6912e9d7c108cb59f19.jpg,true,200,image/jpeg,915442,true,none,PASS,jpeg 2992x1284
la-brisa-bali,https://egkdapqwkfprtyqvvnso.supabase.co/storage/v1/object/public/venue-photos/draft/la-brisa-bali/9a3266b06d1fcaa5b130.jpg,venue-photos,draft/la-brisa-bali/9a3266b06d1fcaa5b130.jpg,true,200,image/jpeg,919434,true,none,PASS,jpeg 2560x1707
samadi-bali,https://egkdapqwkfprtyqvvnso.supabase.co/storage/v1/object/public/venue-photos/draft/samadi-bali/4c8f32ddccdce7d7b96f.jpg,venue-photos,draft/samadi-bali/4c8f32ddccdce7d7b96f.jpg,true,200,image/jpeg,415115,true,none,PASS,jpeg 2560x1707
milk-and-madu-beach-road,https://egkdapqwkfprtyqvvnso.supabase.co/storage/v1/object/public/venue-photos/draft/milk-and-madu-beach-road/ebbecaf3032f0679bd41.webp,venue-photos,draft/milk-and-madu-beach-road/ebbecaf3032f0679bd41.webp,true,200,image/webp,302138,true,none,PASS,webp 1920x1442
baked-pererenan,https://egkdapqwkfprtyqvvnso.supabase.co/storage/v1/object/public/venue-photos/draft/baked-pererenan/a493633f9afeff608ea5.jpg,venue-photos,draft/baked-pererenan/a493633f9afeff608ea5.jpg,true,200,image/jpeg,247489,true,none,PASS,jpeg 2000x1130
kush-ayurveda-yoga-barn,https://egkdapqwkfprtyqvvnso.supabase.co/storage/v1/object/public/venue-photos/draft/kush-ayurveda-yoga-barn/7c697ae94bbf3b27bae8.jpg,venue-photos,draft/kush-ayurveda-yoga-barn/7c697ae94bbf3b27bae8.jpg,true,200,image/jpeg,318063,true,none,PASS,jpeg 1896x1264
laka-leke,https://egkdapqwkfprtyqvvnso.supabase.co/storage/v1/object/public/venue-photos/draft/laka-leke/37c08ee4ca9d0299c2a0.png,venue-photos,draft/laka-leke/37c08ee4ca9d0299c2a0.png,true,200,image/png,73625,true,none,PASS,png 180x180
pyramids-of-chi,https://egkdapqwkfprtyqvvnso.supabase.co/storage/v1/object/public/venue-photos/draft/pyramids-of-chi/81ad4a6331ee5f94da06.jpg,venue-photos,draft/pyramids-of-chi/81ad4a6331ee5f94da06.jpg,true,200,image/jpeg,174553,true,none,PASS,jpeg 1200x721
bar-vera-bistro-and-wine-bar,https://egkdapqwkfprtyqvvnso.supabase.co/storage/v1/object/public/venue-photos/draft/bar-vera-bistro-and-wine-bar/52f960af7c302a4cd59a.jpg,venue-photos,draft/bar-vera-bistro-and-wine-bar/52f960af7c302a4cd59a.jpg,true,200,image/jpeg,102323,true,none,PASS,jpeg 1024x750
putri-bali-spa,https://egkdapqwkfprtyqvvnso.supabase.co/storage/v1/object/public/venue-photos/draft/putri-bali-spa/43c7e320bd1bd34b6a97.webp,venue-photos,draft/putri-bali-spa/43c7e320bd1bd34b6a97.webp,true,200,image/webp,339848,true,none,PASS,webp 2048x1366
sensorium-bali,https://egkdapqwkfprtyqvvnso.supabase.co/storage/v1/object/public/venue-photos/draft/sensorium-bali/e009097af7d4de207a25.jpg,venue-photos,draft/sensorium-bali/e009097af7d4de207a25.jpg,true,200,image/jpeg,409508,true,none,PASS,jpeg 1776x1184
sundays-beach-club,https://egkdapqwkfprtyqvvnso.supabase.co/storage/v1/object/public/venue-photos/draft/sundays-beach-club/a8be54e53c07696df17f.png,venue-photos,draft/sundays-beach-club/a8be54e53c07696df17f.png,true,200,image/png,1370853,true,none,PASS,png 1024x768
karsa-spa,https://egkdapqwkfprtyqvvnso.supabase.co/storage/v1/object/public/venue-photos/draft/karsa-spa/7eed261962e722cce8bc.png,venue-photos,draft/karsa-spa/7eed261962e722cce8bc.png,true,200,image/png,82532,true,none,PASS,png 250x187
riviera-cafe-cemagi,https://egkdapqwkfprtyqvvnso.supabase.co/storage/v1/object/public/venue-photos/draft/riviera-cafe-cemagi/a2b7ccbae1378705d54e.webp,venue-photos,draft/riviera-cafe-cemagi/a2b7ccbae1378705d54e.webp,true,200,image/webp,216220,true,none,PASS,webp 1920x1080
udara-bali,https://egkdapqwkfprtyqvvnso.supabase.co/storage/v1/object/public/venue-photos/draft/udara-bali/72b9ce4887731387227c.jpg,venue-photos,draft/udara-bali/72b9ce4887731387227c.jpg,true,200,image/jpeg,367609,true,none,PASS,jpeg 1266x844
cascades,https://egkdapqwkfprtyqvvnso.supabase.co/storage/v1/object/public/venue-photos/draft/cascades/b1bd4c26d5fb14ee7717.jpg,venue-photos,draft/cascades/b1bd4c26d5fb14ee7717.jpg,true,200,image/jpeg,133772,true,none,PASS,jpeg 800x533
intuitive-flow,https://egkdapqwkfprtyqvvnso.supabase.co/storage/v1/object/public/venue-photos/draft/intuitive-flow/2505c00af8c45c57757a.jpg,venue-photos,draft/intuitive-flow/2505c00af8c45c57757a.jpg,true,200,image/jpeg,238207,true,none,PASS,jpeg 2000x805
alchemy-uluwatu,https://egkdapqwkfprtyqvvnso.supabase.co/storage/v1/object/public/venue-photos/draft/alchemy-uluwatu/83158ba728a5b993a7b0.jpg,venue-photos,draft/alchemy-uluwatu/83158ba728a5b993a7b0.jpg,true,200,image/jpeg,333137,true,none,PASS,jpeg 886x1330
radiantly-alive,https://egkdapqwkfprtyqvvnso.supabase.co/storage/v1/object/public/venue-photos/draft/radiantly-alive/b6733628d22cc9ed34c9.jpg,venue-photos,draft/radiantly-alive/b6733628d22cc9ed34c9.jpg,true,200,image/jpeg,203941,true,none,PASS,jpeg 1200x800
zali-uluwatu,https://egkdapqwkfprtyqvvnso.supabase.co/storage/v1/object/public/venue-photos/draft/zali-uluwatu/b273cf6a534c9e740d82.jpg,venue-photos,draft/zali-uluwatu/b273cf6a534c9e740d82.jpg,true,200,image/jpeg,271592,true,none,PASS,jpeg 1200x543
beach-boy-canggu,https://egkdapqwkfprtyqvvnso.supabase.co/storage/v1/object/public/venue-photos/draft/beach-boy-canggu/c7be62fc7e2afa2453b1.jpg,venue-photos,draft/beach-boy-canggu/c7be62fc7e2afa2453b1.jpg,true,200,image/jpeg,968740,true,none,PASS,jpeg 2394x1330
alchemy-yoga-meditation-center,https://egkdapqwkfprtyqvvnso.supabase.co/storage/v1/object/public/venue-photos/draft/alchemy-yoga-meditation-center/10bfad61db1af3ffb17b.jpg,venue-photos,draft/alchemy-yoga-meditation-center/10bfad61db1af3ffb17b.jpg,true,200,image/jpeg,1667245,true,none,PASS,jpeg 2364x1330
the-yoga-barn,https://egkdapqwkfprtyqvvnso.supabase.co/storage/v1/object/public/venue-photos/draft/the-yoga-barn/7c697ae94bbf3b27bae8.jpg,venue-photos,draft/the-yoga-barn/7c697ae94bbf3b27bae8.jpg,true,200,image/jpeg,318063,true,none,PASS,jpeg 1896x1264
ubud-yoga-centre,https://egkdapqwkfprtyqvvnso.supabase.co/storage/v1/object/public/venue-photos/draft/ubud-yoga-centre/9ebf3a2ddec9109a8ce0.jpg,venue-photos,draft/ubud-yoga-centre/9ebf3a2ddec9109a8ce0.jpg,true,200,image/jpeg,171575,true,none,PASS,jpeg 960x508
oneworld-ayurveda,https://egkdapqwkfprtyqvvnso.supabase.co/storage/v1/object/public/venue-photos/draft/oneworld-ayurveda/dca548d2364f819b740e.jpg,venue-photos,draft/oneworld-ayurveda/dca548d2364f819b740e.jpg,true,200,image/jpeg,120263,true,none,PASS,jpeg 800x533
ubud-sari-health-resort,https://egkdapqwkfprtyqvvnso.supabase.co/storage/v1/object/public/venue-photos/draft/ubud-sari-health-resort/3a9c0a86e52782acd681.jpg,venue-photos,draft/ubud-sari-health-resort/3a9c0a86e52782acd681.jpg,true,200,image/jpeg,1263579,true,none,PASS,jpeg 2560x1920
taksu-yoga-ubud,https://egkdapqwkfprtyqvvnso.supabase.co/storage/v1/object/public/venue-photos/draft/taksu-yoga-ubud/1cddbffb07b7b7290f6e.webp,venue-photos,draft/taksu-yoga-ubud/1cddbffb07b7b7290f6e.webp,true,200,image/webp,126238,true,none,PASS,webp 900x600
mason,https://egkdapqwkfprtyqvvnso.supabase.co/storage/v1/object/public/venue-photos/draft/mason/7f7e8cf9b1950ee98605.webp,venue-photos,draft/mason/7f7e8cf9b1950ee98605.webp,true,200,image/webp,312096,true,none,PASS,webp 2048x2560
milk-and-madu-berawa,https://egkdapqwkfprtyqvvnso.supabase.co/storage/v1/object/public/venue-photos/draft/milk-and-madu-berawa/ebbecaf3032f0679bd41.webp,venue-photos,draft/milk-and-madu-berawa/ebbecaf3032f0679bd41.webp,true,200,image/webp,302138,true,none,PASS,webp 1920x1442
deus-ex-machina,https://egkdapqwkfprtyqvvnso.supabase.co/storage/v1/object/public/venue-photos/draft/deus-ex-machina/9091f59ae6c2c529e805.jpg,venue-photos,draft/deus-ex-machina/9091f59ae6c2c529e805.jpg,true,200,image/jpeg,338707,true,none,PASS,jpeg 1500x1000
ubud-traditional-spa,https://egkdapqwkfprtyqvvnso.supabase.co/storage/v1/object/public/venue-photos/draft/ubud-traditional-spa/0e6e8e079db6035c7dc5.jpg,venue-photos,draft/ubud-traditional-spa/0e6e8e079db6035c7dc5.jpg,true,200,image/jpeg,543613,true,none,PASS,jpeg 2048x1365
baked-berawa,https://egkdapqwkfprtyqvvnso.supabase.co/storage/v1/object/public/venue-photos/draft/baked-berawa/a493633f9afeff608ea5.jpg,venue-photos,draft/baked-berawa/a493633f9afeff608ea5.jpg,true,200,image/jpeg,247489,true,none,PASS,jpeg 2000x1130
revolver-canggu,https://egkdapqwkfprtyqvvnso.supabase.co/storage/v1/object/public/venue-photos/draft/revolver-canggu/a8f1fdc0b750a1dd9c7b.jpg,venue-photos,draft/revolver-canggu/a8f1fdc0b750a1dd9c7b.jpg,true,200,image/jpeg,353066,true,none,PASS,jpeg 1080x1080
woods-bali,https://egkdapqwkfprtyqvvnso.supabase.co/storage/v1/object/public/venue-photos/draft/woods-bali/913a42dd146dadcf6196.jpg,venue-photos,draft/woods-bali/913a42dd146dadcf6196.jpg,true,200,image/jpeg,104123,true,none,PASS,jpeg 1000x667
motion-cafe,https://egkdapqwkfprtyqvvnso.supabase.co/storage/v1/object/public/venue-photos/draft/motion-cafe/f15093c661cc68307dde.jpg,venue-photos,draft/motion-cafe/f15093c661cc68307dde.jpg,true,200,image/jpeg,81673,true,none,PASS,jpeg 2048x1182
single-fin,https://egkdapqwkfprtyqvvnso.supabase.co/storage/v1/object/public/venue-photos/draft/single-fin/157b046eb0076d5ab2ce.webp,venue-photos,draft/single-fin/157b046eb0076d5ab2ce.webp,true,200,image/webp,993986,true,none,PASS,webp 1920x1000
oneeighty,https://egkdapqwkfprtyqvvnso.supabase.co/storage/v1/object/public/venue-photos/draft/oneeighty/0fa1897bd256a4d2c837.png,venue-photos,draft/oneeighty/0fa1897bd256a4d2c837.png,true,200,image/png,304812,true,none,PASS,png 1000x524
masonry-restaurant,https://egkdapqwkfprtyqvvnso.supabase.co/storage/v1/object/public/venue-photos/draft/masonry-restaurant/1f2696b2a981983f8cb1.webp,venue-photos,draft/masonry-restaurant/1f2696b2a981983f8cb1.webp,true,200,image/webp,218630,true,none,PASS,webp 2000x2500
locavore-nxt,https://egkdapqwkfprtyqvvnso.supabase.co/storage/v1/object/public/venue-photos/draft/locavore-nxt/665011828b3745b36705.webp,venue-photos,draft/locavore-nxt/665011828b3745b36705.webp,true,200,image/webp,634460,true,none,PASS,webp 3840x2560
room4dessert,https://egkdapqwkfprtyqvvnso.supabase.co/storage/v1/object/public/venue-photos/draft/room4dessert/90adb2562b1944594c0f.jpg,venue-photos,draft/room4dessert/90adb2562b1944594c0f.jpg,true,200,image/jpeg,145156,true,none,PASS,jpeg 737x1000
the-avocado-factory,https://egkdapqwkfprtyqvvnso.supabase.co/storage/v1/object/public/venue-photos/draft/the-avocado-factory/bc0397f7498a13d77d8b.jpg,venue-photos,draft/the-avocado-factory/bc0397f7498a13d77d8b.jpg,true,200,image/jpeg,177030,true,none,PASS,jpeg 1000x1499
warung-bu-mi,https://egkdapqwkfprtyqvvnso.supabase.co/storage/v1/object/public/venue-photos/draft/warung-bu-mi/28556fda3ce0517ad205.jpg,venue-photos,draft/warung-bu-mi/28556fda3ce0517ad205.jpg,true,200,image/jpeg,103086,true,none,PASS,jpeg 1200x675
the-shala-bali,https://egkdapqwkfprtyqvvnso.supabase.co/storage/v1/object/public/venue-photos/draft/the-shala-bali/31646a0827e1c76b0f0e.jpg,venue-photos,draft/the-shala-bali/31646a0827e1c76b0f0e.jpg,true,200,image/jpeg,520201,true,none,PASS,jpeg 1500x745
cafe-del-mar-bali,https://egkdapqwkfprtyqvvnso.supabase.co/storage/v1/object/public/venue-photos/draft/cafe-del-mar-bali/7f91e6c8fceb393230e0.webp,venue-photos,draft/cafe-del-mar-bali/7f91e6c8fceb393230e0.webp,true,200,image/webp,153820,true,none,PASS,webp 800x533
sang-spa,https://egkdapqwkfprtyqvvnso.supabase.co/storage/v1/object/public/venue-photos/draft/sang-spa/0914813ee291105aea7a.jpg,venue-photos,draft/sang-spa/0914813ee291105aea7a.jpg,true,200,image/jpeg,189287,true,none,PASS,jpeg 1500x1160
brunch-club-pererenan,https://egkdapqwkfprtyqvvnso.supabase.co/storage/v1/object/public/venue-photos/draft/brunch-club-pererenan/cee4d27a65d92fa9c2cf.jpg,venue-photos,draft/brunch-club-pererenan/cee4d27a65d92fa9c2cf.jpg,true,200,image/jpeg,269071,true,none,PASS,jpeg 1920x920
bottega-italiana,https://egkdapqwkfprtyqvvnso.supabase.co/storage/v1/object/public/venue-photos/draft/bottega-italiana/cb1292a73a931722e606.webp,venue-photos,draft/bottega-italiana/cb1292a73a931722e606.webp,true,200,image/webp,447576,true,none,PASS,webp 1080x1350
jaens-spa,https://egkdapqwkfprtyqvvnso.supabase.co/storage/v1/object/public/venue-photos/draft/jaens-spa/ffe0b22cfe8d24a0f3c5.webp,venue-photos,draft/jaens-spa/ffe0b22cfe8d24a0f3c5.webp,true,200,image/webp,124560,true,none,PASS,webp 2048x1152
bali-botanica-spa,https://egkdapqwkfprtyqvvnso.supabase.co/storage/v1/object/public/venue-photos/draft/bali-botanica-spa/2b0dcf76308691297d29.jpg,venue-photos,draft/bali-botanica-spa/2b0dcf76308691297d29.jpg,true,200,image/jpeg,55566,true,none,PASS,jpeg 1600x876
shelter-restaurant,https://egkdapqwkfprtyqvvnso.supabase.co/storage/v1/object/public/venue-photos/draft/shelter-restaurant/639b46b607a26a14f2da.webp,venue-photos,draft/shelter-restaurant/639b46b607a26a14f2da.webp,true,200,image/webp,257968,true,none,PASS,webp 2048x1365
riviera-trattoria-pererenan,https://egkdapqwkfprtyqvvnso.supabase.co/storage/v1/object/public/venue-photos/draft/riviera-trattoria-pererenan/5a1e0d0f286d83da97b4.jpg,venue-photos,draft/riviera-trattoria-pererenan/5a1e0d0f286d83da97b4.jpg,true,200,image/jpeg,325850,true,none,PASS,jpeg 1080x600
onion-collective,https://egkdapqwkfprtyqvvnso.supabase.co/storage/v1/object/public/venue-photos/draft/onion-collective/e93bf5f7bbded178411c.jpg,venue-photos,draft/onion-collective/e93bf5f7bbded178411c.jpg,true,200,image/jpeg,251743,true,none,PASS,jpeg 1280x1710
manga-madu,https://egkdapqwkfprtyqvvnso.supabase.co/storage/v1/object/public/venue-photos/draft/manga-madu/296ea170ae52213adaeb.jpg,venue-photos,draft/manga-madu/296ea170ae52213adaeb.jpg,true,200,image/jpeg,231174,true,none,PASS,jpeg 1200x900
udara-bali-yoga-detox-and-spa-organic-ocean,https://egkdapqwkfprtyqvvnso.supabase.co/storage/v1/object/public/venue-photos/draft/udara-bali-yoga-detox-and-spa-organic-ocean/04c888b70b3ed53bc9f2.jpg,venue-photos,draft/udara-bali-yoga-detox-and-spa-organic-ocean/04c888b70b3ed53bc9f2.jpg,true,200,image/jpeg,201478,true,none,PASS,jpeg 1134x639
donna-ubud,https://egkdapqwkfprtyqvvnso.supabase.co/storage/v1/object/public/venue-photos/draft/donna-ubud/33bcb872478ae2a69c56.jpg,venue-photos,draft/donna-ubud/33bcb872478ae2a69c56.jpg,true,200,image/jpeg,81870,true,none,PASS,jpeg 654x516
finns-beach-club,https://egkdapqwkfprtyqvvnso.supabase.co/storage/v1/object/public/venue-photos/draft/finns-beach-club/0dda91dae3b2358c51df.jpg,venue-photos,draft/finns-beach-club/0dda91dae3b2358c51df.jpg,true,200,image/jpeg,305198,true,none,PASS,jpeg 1280x775
ulekan-berawa,https://egkdapqwkfprtyqvvnso.supabase.co/storage/v1/object/public/venue-photos/draft/ulekan-berawa/c2e1119aaf5c88c1b543.jpg,venue-photos,draft/ulekan-berawa/c2e1119aaf5c88c1b543.jpg,true,200,image/jpeg,30776,true,none,PASS,jpeg 1200x1598
gelato-secrets-ubud,https://egkdapqwkfprtyqvvnso.supabase.co/storage/v1/object/public/venue-photos/draft/gelato-secrets-ubud/9fb7902242711f41ee1e.jpg,venue-photos,draft/gelato-secrets-ubud/9fb7902242711f41ee1e.jpg,true,200,image/jpeg,101301,true,none,PASS,jpeg 940x526
estetica-belle,https://egkdapqwkfprtyqvvnso.supabase.co/storage/v1/object/public/venue-photos/draft/estetica-belle/ce0b23122ba651781fdb.jpg,venue-photos,draft/estetica-belle/ce0b23122ba651781fdb.jpg,true,200,image/jpeg,931033,true,none,PASS,jpeg 2500x1802
cutiepai-nails,https://egkdapqwkfprtyqvvnso.supabase.co/storage/v1/object/public/venue-photos/draft/cutiepai-nails/4037b285c2e3092c3774.png,venue-photos,draft/cutiepai-nails/4037b285c2e3092c3774.png,true,200,image/png,2702095,true,none,PASS,png 1000x1300
fair-warung-bale,https://egkdapqwkfprtyqvvnso.supabase.co/storage/v1/object/public/venue-photos/draft/fair-warung-bale/3dea8497b859a1804fd3.jpg,venue-photos,draft/fair-warung-bale/3dea8497b859a1804fd3.jpg,true,200,image/jpeg,366640,true,none,PASS,jpeg 1200x766
nude-berawa,https://egkdapqwkfprtyqvvnso.supabase.co/storage/v1/object/public/venue-photos/draft/nude-berawa/58a4ad26f829a3ad1d81.webp,venue-photos,draft/nude-berawa/58a4ad26f829a3ad1d81.webp,true,200,image/webp,1244050,true,none,PASS,webp 2500x3750
bali-bohemia,https://egkdapqwkfprtyqvvnso.supabase.co/storage/v1/object/public/venue-photos/draft/bali-bohemia/8b25568274b72c396145.jpg,venue-photos,draft/bali-bohemia/8b25568274b72c396145.jpg,true,200,image/jpeg,161707,true,none,PASS,jpeg 853x1280
jungle-padel-canggu-shortcut,https://egkdapqwkfprtyqvvnso.supabase.co/storage/v1/object/public/venue-photos/draft/jungle-padel-canggu-shortcut/7918cd2ef2c6764ee5b3.jpg,venue-photos,draft/jungle-padel-canggu-shortcut/7918cd2ef2c6764ee5b3.jpg,true,200,image/jpeg,804963,true,none,PASS,jpeg 660x992
finns-recreation-club-finns-lifestyle-village,https://egkdapqwkfprtyqvvnso.supabase.co/storage/v1/object/public/venue-photos/draft/finns-recreation-club-finns-lifestyle-village/c6fde7083e7d088fa35c.jpg,venue-photos,draft/finns-recreation-club-finns-lifestyle-village/c6fde7083e7d088fa35c.jpg,true,200,image/jpeg,516555,true,none,PASS,jpeg 2560x1440
yuki-canggu,https://egkdapqwkfprtyqvvnso.supabase.co/storage/v1/object/public/venue-photos/draft/yuki-canggu/2a2dae22053c973915ae.png,venue-photos,draft/yuki-canggu/2a2dae22053c973915ae.png,true,200,image/png,1304378,true,none,PASS,png 1200x630
seeds-of-life,https://egkdapqwkfprtyqvvnso.supabase.co/storage/v1/object/public/venue-photos/draft/seeds-of-life/821eaafb6d1a0be42850.jpg,venue-photos,draft/seeds-of-life/821eaafb6d1a0be42850.jpg,true,200,image/jpeg,670775,true,none,PASS,jpeg 2560x1707
only-nails-pererenan,https://egkdapqwkfprtyqvvnso.supabase.co/storage/v1/object/public/venue-photos/draft/only-nails-pererenan/ee66018da0ca48dd4fbb.webp,venue-photos,draft/only-nails-pererenan/ee66018da0ca48dd4fbb.webp,true,200,image/webp,143206,true,none,PASS,webp 1206x1594
two-face-canggu,https://egkdapqwkfprtyqvvnso.supabase.co/storage/v1/object/public/venue-photos/draft/two-face-canggu/48f27b2928c75e2540d8.webp,venue-photos,draft/two-face-canggu/48f27b2928c75e2540d8.webp,true,200,image/webp,190360,true,none,PASS,webp 1500x2250
como-beach-club-canggu,https://egkdapqwkfprtyqvvnso.supabase.co/storage/v1/object/public/venue-photos/draft/como-beach-club-canggu/2ca5c425fff7d51e1cad.jpg,venue-photos,draft/como-beach-club-canggu/2ca5c425fff7d51e1cad.jpg,true,200,image/jpeg,156023,true,none,PASS,jpeg 1200x630
svaha-spa,https://egkdapqwkfprtyqvvnso.supabase.co/storage/v1/object/public/venue-photos/draft/svaha-spa/bda5dff76adffb9fbbb1.jpg,venue-photos,draft/svaha-spa/bda5dff76adffb9fbbb1.jpg,true,200,image/jpeg,85112,true,none,PASS,jpeg 1080x720
lulu-bistrot,https://egkdapqwkfprtyqvvnso.supabase.co/storage/v1/object/public/venue-photos/draft/lulu-bistrot/dd6b8d1d91ff1d865c79.webp,venue-photos,draft/lulu-bistrot/dd6b8d1d91ff1d865c79.webp,true,200,image/webp,422722,true,none,PASS,webp 2500x1417
mozaic,https://egkdapqwkfprtyqvvnso.supabase.co/storage/v1/object/public/venue-photos/draft/mozaic/421df8885f017b33c1e4.jpg,venue-photos,draft/mozaic/421df8885f017b33c1e4.jpg,true,200,image/jpeg,142349,true,none,PASS,jpeg 1024x1024
bgs-uluwatu,https://egkdapqwkfprtyqvvnso.supabase.co/storage/v1/object/public/venue-photos/draft/bgs-uluwatu/ed3535cbe4c6c0dc2ebf.webp,venue-photos,draft/bgs-uluwatu/ed3535cbe4c6c0dc2ebf.webp,true,200,image/webp,577314,true,none,PASS,webp 1920x1920
kala-uluwatu,https://egkdapqwkfprtyqvvnso.supabase.co/storage/v1/object/public/venue-photos/draft/kala-uluwatu/3184ae0466135d6740b5.jpg,venue-photos,draft/kala-uluwatu/3184ae0466135d6740b5.jpg,true,200,image/jpeg,407346,true,none,PASS,jpeg 1520x1900
mana-uluwatu,https://egkdapqwkfprtyqvvnso.supabase.co/storage/v1/object/public/venue-photos/draft/mana-uluwatu/f0cf3a42ebedfd14e7bf.jpg,venue-photos,draft/mana-uluwatu/f0cf3a42ebedfd14e7bf.jpg,true,200,image/jpeg,673402,true,none,PASS,jpeg 2400x1599
waatu,https://egkdapqwkfprtyqvvnso.supabase.co/storage/v1/object/public/venue-photos/draft/waatu/ad0b4a72837caa74a27f.webp,venue-photos,draft/waatu/ad0b4a72837caa74a27f.webp,true,200,image/webp,226402,true,none,PASS,webp 1513x1200
suka-espresso,https://egkdapqwkfprtyqvvnso.supabase.co/storage/v1/object/public/venue-photos/draft/suka-espresso/a1c3cfb3f55025cd3026.webp,venue-photos,draft/suka-espresso/a1c3cfb3f55025cd3026.webp,true,200,image/webp,212392,true,none,PASS,webp 1093x1639
yuki-uluwatu,https://egkdapqwkfprtyqvvnso.supabase.co/storage/v1/object/public/venue-photos/draft/yuki-uluwatu/2a2dae22053c973915ae.png,venue-photos,draft/yuki-uluwatu/2a2dae22053c973915ae.png,true,200,image/png,1304378,true,none,PASS,png 1200x630
white-rock-beach-club,https://egkdapqwkfprtyqvvnso.supabase.co/storage/v1/object/public/venue-photos/draft/white-rock-beach-club/f6dfdb422ad768ac793a.jpg,venue-photos,draft/white-rock-beach-club/f6dfdb422ad768ac793a.jpg,true,200,image/jpeg,296480,true,none,PASS,jpeg 1920x1280
