venue_slug,venue_id,current_legacy_photo_url,extracted_storage_path,matching_submission_image_path,current_storage_object_path,current_project_target_url,object_exists,mime_type,file_size,source_project,target_project,source_bucket,target_bucket,proposed_database_update,rollback_value,submission_id,submission_status,validation_note
therapy-day-spa-pererenan,v_import_therapy_day_spa_pererenan,https://xvhxyohqkkpaynrgrvvb.supabase.co/storage/v1/object/public/venue-photos/draft/therapy-day-spa-pererenan/2ff1e35257d8f26d2399.jpg,draft/therapy-day-spa-pererenan/2ff1e35257d8f26d2399.jpg,draft/therapy-day-spa-pererenan/2ff1e35257d8f26d2399.jpg,draft/therapy-day-spa-pererenan/2ff1e35257d8f26d2399.jpg,https://egkdapqwkfprtyqvvnso.supabase.co/storage/v1/object/public/venue-photos/draft/therapy-day-spa-pererenan/2ff1e35257d8f26d2399.jpg,true,image/jpeg,148876,xvhxyohqkkpaynrgrvvb,egkdapqwkfprtyqvvnso,venue-photos,venue-photos,venues.photo_url v_import_therapy_day_spa_pererenan: https://xvhxyohqkkpaynrgrvvb.supabase.co/storage/v1/object/public/venue-photos/draft/therapy-day-spa-pererenan/2ff1e35257d8f26d2399.jpg -> https://egkdapqwkfprtyqvvnso.supabase.co/storage/v1/object/public/venue-photos/draft/therapy-day-spa-pererenan/2ff1e35257d8f26d2399.jpg,https://xvhxyohqkkpaynrgrvvb.supabase.co/storage/v1/object/public/venue-photos/draft/therapy-day-spa-pererenan/2ff1e35257d8f26d2399.jpg,48b97cfd-5fd7-4fbd-a4f7-d7aadde9a792,draft,EXACT_PATH_MATCH
samesa-canggu,v_samesa-canggu,https://xvhxyohqkkpaynrgrvvb.supabase.co/storage/v1/object/public/venue-photos/draft/samesa-canggu/4e5e4d1c314ca6969e38.jpg,draft/samesa-canggu/4e5e4d1c314ca6969e38.jpg,draft/samesa-canggu/4e5e4d1c314ca6969e38.jpg,draft/samesa-canggu/4e5e4d1c314ca6969e38.jpg,https://egkdapqwkfprtyqvvnso.supabase.co/storage/v1/object/public/venue-photos/draft/samesa-canggu/4e5e4d1c314ca6969e38.jpg,true,image/jpeg,945313,xvhxyohqkkpaynrgrvvb,egkdapqwkfprtyqvvnso,venue-photos,venue-photos,venues.photo_url v_samesa-canggu: https://xvhxyohqkkpaynrgrvvb.supabase.co/storage/v1/object/public/venue-photos/draft/samesa-canggu/4e5e4d1c314ca6969e38.jpg -> https://egkdapqwkfprtyqvvnso.supabase.co/storage/v1/object/public/venue-photos/draft/samesa-canggu/4e5e4d1c314ca6969e38.jpg,https://xvhxyohqkkpaynrgrvvb.supabase.co/storage/v1/object/public/venue-photos/draft/samesa-canggu/4e5e4d1c314ca6969e38.jpg,9b7686ef-9ddf-4e2c-9e48-cb349c7fed3e,draft,EXACT_PATH_MATCH
isla-by-earth-island,v_import_isla_by_earth_island,https://xvhxyohqkkpaynrgrvvb.supabase.co/storage/v1/object/public/venue-photos/draft/isla-by-earth-island/20f241c3dcb74bf86ca8.jpg,draft/isla-by-earth-island/20f241c3dcb74bf86ca8.jpg,draft/isla-by-earth-island/20f241c3dcb74bf86ca8.jpg,draft/isla-by-earth-island/20f241c3dcb74bf86ca8.jpg,https://egkdapqwkfprtyqvvnso.supabase.co/storage/v1/object/public/venue-photos/draft/isla-by-earth-island/20f241c3dcb74bf86ca8.jpg,true,image/jpeg,580633,xvhxyohqkkpaynrgrvvb,egkdapqwkfprtyqvvnso,venue-photos,venue-photos,venues.photo_url v_import_isla_by_earth_island: https://xvhxyohqkkpaynrgrvvb.supabase.co/storage/v1/object/public/venue-photos/draft/isla-by-earth-island/20f241c3dcb74bf86ca8.jpg -> https://egkdapqwkfprtyqvvnso.supabase.co/storage/v1/object/public/venue-photos/draft/isla-by-earth-island/20f241c3dcb74bf86ca8.jpg,https://xvhxyohqkkpaynrgrvvb.supabase.co/storage/v1/object/public/venue-photos/draft/isla-by-earth-island/20f241c3dcb74bf86ca8.jpg,cb27d865-7c92-4f61-bdb5-7fc1bbbd0950,draft,EXACT_PATH_MATCH
rite-bali,v_import_rite_bali,https://xvhxyohqkkpaynrgrvvb.supabase.co/storage/v1/object/public/venue-photos/draft/rite-bali/7cb586dd51042c4780b3.png,draft/rite-bali/7cb586dd51042c4780b3.png,draft/rite-bali/7cb586dd51042c4780b3.png,draft/rite-bali/7cb586dd51042c4780b3.png,https://egkdapqwkfprtyqvvnso.supabase.co/storage/v1/object/public/venue-photos/draft/rite-bali/7cb586dd51042c4780b3.png,true,image/png,3338745,xvhxyohqkkpaynrgrvvb,egkdapqwkfprtyqvvnso,venue-photos,venue-photos,venues.photo_url v_import_rite_bali: https://xvhxyohqkkpaynrgrvvb.supabase.co/storage/v1/object/public/venue-photos/draft/rite-bali/7cb586dd51042c4780b3.png -> https://egkdapqwkfprtyqvvnso.supabase.co/storage/v1/object/public/venue-photos/draft/rite-bali/7cb586dd51042c4780b3.png,https://xvhxyohqkkpaynrgrvvb.supabase.co/storage/v1/object/public/venue-photos/draft/rite-bali/7cb586dd51042c4780b3.png,7deadb23-5914-4763-b50b-83c7c8cae5fd,draft,EXACT_PATH_MATCH
casa-luna,v_import_casa_luna,https://xvhxyohqkkpaynrgrvvb.supabase.co/storage/v1/object/public/venue-photos/draft/casa-luna/0f69e15d640264db77d4.jpg,draft/casa-luna/0f69e15d640264db77d4.jpg,draft/casa-luna/0f69e15d640264db77d4.jpg,draft/casa-luna/0f69e15d640264db77d4.jpg,https://egkdapqwkfprtyqvvnso.supabase.co/storage/v1/object/public/venue-photos/draft/casa-luna/0f69e15d640264db77d4.jpg,true,image/jpeg,742356,xvhxyohqkkpaynrgrvvb,egkdapqwkfprtyqvvnso,venue-photos,venue-photos,venues.photo_url v_import_casa_luna: https://xvhxyohqkkpaynrgrvvb.supabase.co/storage/v1/object/public/venue-photos/draft/casa-luna/0f69e15d640264db77d4.jpg -> https://egkdapqwkfprtyqvvnso.supabase.co/storage/v1/object/public/venue-photos/draft/casa-luna/0f69e15d640264db77d4.jpg,https://xvhxyohqkkpaynrgrvvb.supabase.co/storage/v1/object/public/venue-photos/draft/casa-luna/0f69e15d640264db77d4.jpg,ca48dc1e-f5e1-43d5-9c47-3087675dc689,draft,EXACT_PATH_MATCH
the-shady-shack,v_import_the_shady_shack,https://xvhxyohqkkpaynrgrvvb.supabase.co/storage/v1/object/public/venue-photos/draft/the-shady-shack/4cf9edf3df41dde82b1a.webp,draft/the-shady-shack/4cf9edf3df41dde82b1a.webp,draft/the-shady-shack/4cf9edf3df41dde82b1a.webp,draft/the-shady-shack/4cf9edf3df41dde82b1a.webp,https://egkdapqwkfprtyqvvnso.supabase.co/storage/v1/object/public/venue-photos/draft/the-shady-shack/4cf9edf3df41dde82b1a.webp,true,image/webp,231526,xvhxyohqkkpaynrgrvvb,egkdapqwkfprtyqvvnso,venue-photos,venue-photos,venues.photo_url v_import_the_shady_shack: https://xvhxyohqkkpaynrgrvvb.supabase.co/storage/v1/object/public/venue-photos/draft/the-shady-shack/4cf9edf3df41dde82b1a.webp -> https://egkdapqwkfprtyqvvnso.supabase.co/storage/v1/object/public/venue-photos/draft/the-shady-shack/4cf9edf3df41dde82b1a.webp,https://xvhxyohqkkpaynrgrvvb.supabase.co/storage/v1/object/public/venue-photos/draft/the-shady-shack/4cf9edf3df41dde82b1a.webp,87ffe4b7-108c-40ab-aab4-ba22d390cda6,draft,EXACT_PATH_MATCH
lyma-beach,v_import_lyma_beach,https://xvhxyohqkkpaynrgrvvb.supabase.co/storage/v1/object/public/venue-photos/draft/lyma-beach/d52837e2be82bfd431c1.webp,draft/lyma-beach/d52837e2be82bfd431c1.webp,draft/lyma-beach/d52837e2be82bfd431c1.webp,draft/lyma-beach/d52837e2be82bfd431c1.webp,https://egkdapqwkfprtyqvvnso.supabase.co/storage/v1/object/public/venue-photos/draft/lyma-beach/d52837e2be82bfd431c1.webp,true,image/webp,585042,xvhxyohqkkpaynrgrvvb,egkdapqwkfprtyqvvnso,venue-photos,venue-photos,venues.photo_url v_import_lyma_beach: https://xvhxyohqkkpaynrgrvvb.supabase.co/storage/v1/object/public/venue-photos/draft/lyma-beach/d52837e2be82bfd431c1.webp -> https://egkdapqwkfprtyqvvnso.supabase.co/storage/v1/object/public/venue-photos/draft/lyma-beach/d52837e2be82bfd431c1.webp,https://xvhxyohqkkpaynrgrvvb.supabase.co/storage/v1/object/public/venue-photos/draft/lyma-beach/d52837e2be82bfd431c1.webp,31d04e13-22aa-4013-a424-6b61f1043fdd,draft,EXACT_PATH_MATCH
tropical-temptation-adult-only-beach-club,v_import_tropical_temptation_adult_only_beach_club,https://xvhxyohqkkpaynrgrvvb.supabase.co/storage/v1/object/public/venue-photos/draft/tropical-temptation-adult-only-beach-club/bd4d7ad05df0b6243dce.jpg,draft/tropical-temptation-adult-only-beach-club/bd4d7ad05df0b6243dce.jpg,draft/tropical-temptation-adult-only-beach-club/bd4d7ad05df0b6243dce.jpg,draft/tropical-temptation-adult-only-beach-club/bd4d7ad05df0b6243dce.jpg,https://egkdapqwkfprtyqvvnso.supabase.co/storage/v1/object/public/venue-photos/draft/tropical-temptation-adult-only-beach-club/bd4d7ad05df0b6243dce.jpg,true,image/jpeg,221188,xvhxyohqkkpaynrgrvvb,egkdapqwkfprtyqvvnso,venue-photos,venue-photos,venues.photo_url v_import_tropical_temptation_adult_only_beach_club: https://xvhxyohqkkpaynrgrvvb.supabase.co/storage/v1/object/public/venue-photos/draft/tropical-temptation-adult-only-beach-club/bd4d7ad05df0b6243dce.jpg -> https://egkdapqwkfprtyqvvnso.supabase.co/storage/v1/object/public/venue-photos/draft/tropical-temptation-adult-only-beach-club/bd4d7ad05df0b6243dce.jpg,https://xvhxyohqkkpaynrgrvvb.supabase.co/storage/v1/object/public/venue-photos/draft/tropical-temptation-adult-only-beach-club/bd4d7ad05df0b6243dce.jpg,5ba671be-65e3-4f52-b2c4-5948c53884f2,draft,EXACT_PATH_MATCH
ulu-garden,v_import_ulu_garden,https://xvhxyohqkkpaynrgrvvb.supabase.co/storage/v1/object/public/venue-photos/draft/ulu-garden/bcc777f38adfc3306a99.webp,draft/ulu-garden/bcc777f38adfc3306a99.webp,draft/ulu-garden/bcc777f38adfc3306a99.webp,draft/ulu-garden/bcc777f38adfc3306a99.webp,https://egkdapqwkfprtyqvvnso.supabase.co/storage/v1/object/public/venue-photos/draft/ulu-garden/bcc777f38adfc3306a99.webp,true,image/webp,278580,xvhxyohqkkpaynrgrvvb,egkdapqwkfprtyqvvnso,venue-photos,venue-photos,venues.photo_url v_import_ulu_garden: https://xvhxyohqkkpaynrgrvvb.supabase.co/storage/v1/object/public/venue-photos/draft/ulu-garden/bcc777f38adfc3306a99.webp -> https://egkdapqwkfprtyqvvnso.supabase.co/storage/v1/object/public/venue-photos/draft/ulu-garden/bcc777f38adfc3306a99.webp,https://xvhxyohqkkpaynrgrvvb.supabase.co/storage/v1/object/public/venue-photos/draft/ulu-garden/bcc777f38adfc3306a99.webp,a56faf07-3021-48ff-bbc0-4586f6572662,draft,EXACT_PATH_MATCH
hippie-fish-pererenan-beach,v_import_hippie_fish_pererenan_beach,https://xvhxyohqkkpaynrgrvvb.supabase.co/storage/v1/object/public/venue-photos/draft/hippie-fish-pererenan-beach/c46009c2617f836614b2.jpg,draft/hippie-fish-pererenan-beach/c46009c2617f836614b2.jpg,draft/hippie-fish-pererenan-beach/c46009c2617f836614b2.jpg,draft/hippie-fish-pererenan-beach/c46009c2617f836614b2.jpg,https://egkdapqwkfprtyqvvnso.supabase.co/storage/v1/object/public/venue-photos/draft/hippie-fish-pererenan-beach/c46009c2617f836614b2.jpg,true,image/jpeg,74276,xvhxyohqkkpaynrgrvvb,egkdapqwkfprtyqvvnso,venue-photos,venue-photos,venues.photo_url v_import_hippie_fish_pererenan_beach: https://xvhxyohqkkpaynrgrvvb.supabase.co/storage/v1/object/public/venue-photos/draft/hippie-fish-pererenan-beach/c46009c2617f836614b2.jpg -> https://egkdapqwkfprtyqvvnso.supabase.co/storage/v1/object/public/venue-photos/draft/hippie-fish-pererenan-beach/c46009c2617f836614b2.jpg,https://xvhxyohqkkpaynrgrvvb.supabase.co/storage/v1/object/public/venue-photos/draft/hippie-fish-pererenan-beach/c46009c2617f836614b2.jpg,794f7c4b-670b-4a7f-b43b-85844ff77108,draft,EXACT_PATH_MATCH
santanera,v_import_santanera,https://xvhxyohqkkpaynrgrvvb.supabase.co/storage/v1/object/public/venue-photos/draft/santanera/e8bc9e6834d7f4b56ef5.webp,draft/santanera/e8bc9e6834d7f4b56ef5.webp,draft/santanera/e8bc9e6834d7f4b56ef5.webp,draft/santanera/e8bc9e6834d7f4b56ef5.webp,https://egkdapqwkfprtyqvvnso.supabase.co/storage/v1/object/public/venue-photos/draft/santanera/e8bc9e6834d7f4b56ef5.webp,true,image/webp,342062,xvhxyohqkkpaynrgrvvb,egkdapqwkfprtyqvvnso,venue-photos,venue-photos,venues.photo_url v_import_santanera: https://xvhxyohqkkpaynrgrvvb.supabase.co/storage/v1/object/public/venue-photos/draft/santanera/e8bc9e6834d7f4b56ef5.webp -> https://egkdapqwkfprtyqvvnso.supabase.co/storage/v1/object/public/venue-photos/draft/santanera/e8bc9e6834d7f4b56ef5.webp,https://xvhxyohqkkpaynrgrvvb.supabase.co/storage/v1/object/public/venue-photos/draft/santanera/e8bc9e6834d7f4b56ef5.webp,0c43fc49-699a-43e3-89ff-789e1bc4de6a,draft,EXACT_PATH_MATCH
12-kitchen-and-wine,v_import_12_kitchen_and_wine,https://xvhxyohqkkpaynrgrvvb.supabase.co/storage/v1/object/public/venue-photos/draft/12-kitchen-and-wine/b6912e9d7c108cb59f19.jpg,draft/12-kitchen-and-wine/b6912e9d7c108cb59f19.jpg,draft/12-kitchen-and-wine/b6912e9d7c108cb59f19.jpg,draft/12-kitchen-and-wine/b6912e9d7c108cb59f19.jpg,https://egkdapqwkfprtyqvvnso.supabase.co/storage/v1/object/public/venue-photos/draft/12-kitchen-and-wine/b6912e9d7c108cb59f19.jpg,true,image/jpeg,915442,xvhxyohqkkpaynrgrvvb,egkdapqwkfprtyqvvnso,venue-photos,venue-photos,venues.photo_url v_import_12_kitchen_and_wine: https://xvhxyohqkkpaynrgrvvb.supabase.co/storage/v1/object/public/venue-photos/draft/12-kitchen-and-wine/b6912e9d7c108cb59f19.jpg -> https://egkdapqwkfprtyqvvnso.supabase.co/storage/v1/object/public/venue-photos/draft/12-kitchen-and-wine/b6912e9d7c108cb59f19.jpg,https://xvhxyohqkkpaynrgrvvb.supabase.co/storage/v1/object/public/venue-photos/draft/12-kitchen-and-wine/b6912e9d7c108cb59f19.jpg,90a012d6-554b-4bfd-a15c-ae9c2f8da40e,draft,EXACT_PATH_MATCH
la-brisa-bali,v_import_la_brisa_bali,https://xvhxyohqkkpaynrgrvvb.supabase.co/storage/v1/object/public/venue-photos/draft/la-brisa-bali/9a3266b06d1fcaa5b130.jpg,draft/la-brisa-bali/9a3266b06d1fcaa5b130.jpg,draft/la-brisa-bali/9a3266b06d1fcaa5b130.jpg,draft/la-brisa-bali/9a3266b06d1fcaa5b130.jpg,https://egkdapqwkfprtyqvvnso.supabase.co/storage/v1/object/public/venue-photos/draft/la-brisa-bali/9a3266b06d1fcaa5b130.jpg,true,image/jpeg,919434,xvhxyohqkkpaynrgrvvb,egkdapqwkfprtyqvvnso,venue-photos,venue-photos,venues.photo_url v_import_la_brisa_bali: https://xvhxyohqkkpaynrgrvvb.supabase.co/storage/v1/object/public/venue-photos/draft/la-brisa-bali/9a3266b06d1fcaa5b130.jpg -> https://egkdapqwkfprtyqvvnso.supabase.co/storage/v1/object/public/venue-photos/draft/la-brisa-bali/9a3266b06d1fcaa5b130.jpg,https://xvhxyohqkkpaynrgrvvb.supabase.co/storage/v1/object/public/venue-photos/draft/la-brisa-bali/9a3266b06d1fcaa5b130.jpg,a5c112b3-755b-435b-99d4-2060907e59cc,draft,EXACT_PATH_MATCH
samadi-bali,v_import_samadi_bali,https://xvhxyohqkkpaynrgrvvb.supabase.co/storage/v1/object/public/venue-photos/draft/samadi-bali/4c8f32ddccdce7d7b96f.jpg,draft/samadi-bali/4c8f32ddccdce7d7b96f.jpg,draft/samadi-bali/4c8f32ddccdce7d7b96f.jpg,draft/samadi-bali/4c8f32ddccdce7d7b96f.jpg,https://egkdapqwkfprtyqvvnso.supabase.co/storage/v1/object/public/venue-photos/draft/samadi-bali/4c8f32ddccdce7d7b96f.jpg,true,image/jpeg,415115,xvhxyohqkkpaynrgrvvb,egkdapqwkfprtyqvvnso,venue-photos,venue-photos,venues.photo_url v_import_samadi_bali: https://xvhxyohqkkpaynrgrvvb.supabase.co/storage/v1/object/public/venue-photos/draft/samadi-bali/4c8f32ddccdce7d7b96f.jpg -> https://egkdapqwkfprtyqvvnso.supabase.co/storage/v1/object/public/venue-photos/draft/samadi-bali/4c8f32ddccdce7d7b96f.jpg,https://xvhxyohqkkpaynrgrvvb.supabase.co/storage/v1/object/public/venue-photos/draft/samadi-bali/4c8f32ddccdce7d7b96f.jpg,fb2119cc-ce10-4c88-bbda-3eea0d0e8d57,draft,EXACT_PATH_MATCH
milk-and-madu-beach-road,v_import_milk_and_madu_beach_road,https://xvhxyohqkkpaynrgrvvb.supabase.co/storage/v1/object/public/venue-photos/draft/milk-and-madu-beach-road/ebbecaf3032f0679bd41.webp,draft/milk-and-madu-beach-road/ebbecaf3032f0679bd41.webp,draft/milk-and-madu-beach-road/ebbecaf3032f0679bd41.webp,draft/milk-and-madu-beach-road/ebbecaf3032f0679bd41.webp,https://egkdapqwkfprtyqvvnso.supabase.co/storage/v1/object/public/venue-photos/draft/milk-and-madu-beach-road/ebbecaf3032f0679bd41.webp,true,image/webp,302138,xvhxyohqkkpaynrgrvvb,egkdapqwkfprtyqvvnso,venue-photos,venue-photos,venues.photo_url v_import_milk_and_madu_beach_road: https://xvhxyohqkkpaynrgrvvb.supabase.co/storage/v1/object/public/venue-photos/draft/milk-and-madu-beach-road/ebbecaf3032f0679bd41.webp -> https://egkdapqwkfprtyqvvnso.supabase.co/storage/v1/object/public/venue-photos/draft/milk-and-madu-beach-road/ebbecaf3032f0679bd41.webp,https://xvhxyohqkkpaynrgrvvb.supabase.co/storage/v1/object/public/venue-photos/draft/milk-and-madu-beach-road/ebbecaf3032f0679bd41.webp,9a072b7f-d8a0-4819-bde5-4e3f4db8fc84,draft,EXACT_PATH_MATCH
baked-pererenan,v_import_baked_pererenan,https://xvhxyohqkkpaynrgrvvb.supabase.co/storage/v1/object/public/venue-photos/draft/baked-pererenan/a493633f9afeff608ea5.jpg,draft/baked-pererenan/a493633f9afeff608ea5.jpg,draft/baked-pererenan/a493633f9afeff608ea5.jpg,draft/baked-pererenan/a493633f9afeff608ea5.jpg,https://egkdapqwkfprtyqvvnso.supabase.co/storage/v1/object/public/venue-photos/draft/baked-pererenan/a493633f9afeff608ea5.jpg,true,image/jpeg,247489,xvhxyohqkkpaynrgrvvb,egkdapqwkfprtyqvvnso,venue-photos,venue-photos,venues.photo_url v_import_baked_pererenan: https://xvhxyohqkkpaynrgrvvb.supabase.co/storage/v1/object/public/venue-photos/draft/baked-pererenan/a493633f9afeff608ea5.jpg -> https://egkdapqwkfprtyqvvnso.supabase.co/storage/v1/object/public/venue-photos/draft/baked-pererenan/a493633f9afeff608ea5.jpg,https://xvhxyohqkkpaynrgrvvb.supabase.co/storage/v1/object/public/venue-photos/draft/baked-pererenan/a493633f9afeff608ea5.jpg,4d2f97fa-6f21-45b4-b9a3-94f2eb70b5d9,draft,EXACT_PATH_MATCH
kush-ayurveda-yoga-barn,ab6771be-a0f1-4261-bef2-a667909bc856,https://xvhxyohqkkpaynrgrvvb.supabase.co/storage/v1/object/public/venue-photos/draft/kush-ayurveda-yoga-barn/7c697ae94bbf3b27bae8.jpg,draft/kush-ayurveda-yoga-barn/7c697ae94bbf3b27bae8.jpg,draft/kush-ayurveda-yoga-barn/7c697ae94bbf3b27bae8.jpg,draft/kush-ayurveda-yoga-barn/7c697ae94bbf3b27bae8.jpg,https://egkdapqwkfprtyqvvnso.supabase.co/storage/v1/object/public/venue-photos/draft/kush-ayurveda-yoga-barn/7c697ae94bbf3b27bae8.jpg,true,image/jpeg,318063,xvhxyohqkkpaynrgrvvb,egkdapqwkfprtyqvvnso,venue-photos,venue-photos,venues.photo_url ab6771be-a0f1-4261-bef2-a667909bc856: https://xvhxyohqkkpaynrgrvvb.supabase.co/storage/v1/object/public/venue-photos/draft/kush-ayurveda-yoga-barn/7c697ae94bbf3b27bae8.jpg -> https://egkdapqwkfprtyqvvnso.supabase.co/storage/v1/object/public/venue-photos/draft/kush-ayurveda-yoga-barn/7c697ae94bbf3b27bae8.jpg,https://xvhxyohqkkpaynrgrvvb.supabase.co/storage/v1/object/public/venue-photos/draft/kush-ayurveda-yoga-barn/7c697ae94bbf3b27bae8.jpg,19696736-9937-4dc7-acd9-19b411fe7ea4,draft,EXACT_PATH_MATCH
laka-leke,v_laka-leke,https://xvhxyohqkkpaynrgrvvb.supabase.co/storage/v1/object/public/venue-photos/draft/laka-leke/37c08ee4ca9d0299c2a0.png,draft/laka-leke/37c08ee4ca9d0299c2a0.png,draft/laka-leke/37c08ee4ca9d0299c2a0.png,draft/laka-leke/37c08ee4ca9d0299c2a0.png,https://egkdapqwkfprtyqvvnso.supabase.co/storage/v1/object/public/venue-photos/draft/laka-leke/37c08ee4ca9d0299c2a0.png,true,image/png,73625,xvhxyohqkkpaynrgrvvb,egkdapqwkfprtyqvvnso,venue-photos,venue-photos,venues.photo_url v_laka-leke: https://xvhxyohqkkpaynrgrvvb.supabase.co/storage/v1/object/public/venue-photos/draft/laka-leke/37c08ee4ca9d0299c2a0.png -> https://egkdapqwkfprtyqvvnso.supabase.co/storage/v1/object/public/venue-photos/draft/laka-leke/37c08ee4ca9d0299c2a0.png,https://xvhxyohqkkpaynrgrvvb.supabase.co/storage/v1/object/public/venue-photos/draft/laka-leke/37c08ee4ca9d0299c2a0.png,c25076a4-be88-4a8c-8da6-a5cee4edbd42,draft,EXACT_PATH_MATCH
pyramids-of-chi,ceb336c1-5821-43da-bc54-fdf6c26cc5d9,https://xvhxyohqkkpaynrgrvvb.supabase.co/storage/v1/object/public/venue-photos/draft/pyramids-of-chi/81ad4a6331ee5f94da06.jpg,draft/pyramids-of-chi/81ad4a6331ee5f94da06.jpg,draft/pyramids-of-chi/81ad4a6331ee5f94da06.jpg,draft/pyramids-of-chi/81ad4a6331ee5f94da06.jpg,https://egkdapqwkfprtyqvvnso.supabase.co/storage/v1/object/public/venue-photos/draft/pyramids-of-chi/81ad4a6331ee5f94da06.jpg,true,image/jpeg,174553,xvhxyohqkkpaynrgrvvb,egkdapqwkfprtyqvvnso,venue-photos,venue-photos,venues.photo_url ceb336c1-5821-43da-bc54-fdf6c26cc5d9: https://xvhxyohqkkpaynrgrvvb.supabase.co/storage/v1/object/public/venue-photos/draft/pyramids-of-chi/81ad4a6331ee5f94da06.jpg -> https://egkdapqwkfprtyqvvnso.supabase.co/storage/v1/object/public/venue-photos/draft/pyramids-of-chi/81ad4a6331ee5f94da06.jpg,https://xvhxyohqkkpaynrgrvvb.supabase.co/storage/v1/object/public/venue-photos/draft/pyramids-of-chi/81ad4a6331ee5f94da06.jpg,bdc548a0-b2bf-42e0-9ed1-814fba9ceb4b,draft,EXACT_PATH_MATCH
bar-vera-bistro-and-wine-bar,v_import_bar_vera_bistro_and_wine_bar,https://xvhxyohqkkpaynrgrvvb.supabase.co/storage/v1/object/public/venue-photos/draft/bar-vera-bistro-and-wine-bar/52f960af7c302a4cd59a.jpg,draft/bar-vera-bistro-and-wine-bar/52f960af7c302a4cd59a.jpg,draft/bar-vera-bistro-and-wine-bar/52f960af7c302a4cd59a.jpg,draft/bar-vera-bistro-and-wine-bar/52f960af7c302a4cd59a.jpg,https://egkdapqwkfprtyqvvnso.supabase.co/storage/v1/object/public/venue-photos/draft/bar-vera-bistro-and-wine-bar/52f960af7c302a4cd59a.jpg,true,image/jpeg,102323,xvhxyohqkkpaynrgrvvb,egkdapqwkfprtyqvvnso,venue-photos,venue-photos,venues.photo_url v_import_bar_vera_bistro_and_wine_bar: https://xvhxyohqkkpaynrgrvvb.supabase.co/storage/v1/object/public/venue-photos/draft/bar-vera-bistro-and-wine-bar/52f960af7c302a4cd59a.jpg -> https://egkdapqwkfprtyqvvnso.supabase.co/storage/v1/object/public/venue-photos/draft/bar-vera-bistro-and-wine-bar/52f960af7c302a4cd59a.jpg,https://xvhxyohqkkpaynrgrvvb.supabase.co/storage/v1/object/public/venue-photos/draft/bar-vera-bistro-and-wine-bar/52f960af7c302a4cd59a.jpg,dd7a0aa9-9d85-440b-a8b9-7ad36aa6fb5f,draft,EXACT_PATH_MATCH
putri-bali-spa,5ef727ea-7e10-48bf-8bb7-c0577e5fc04e,https://xvhxyohqkkpaynrgrvvb.supabase.co/storage/v1/object/public/venue-photos/draft/putri-bali-spa/43c7e320bd1bd34b6a97.webp,draft/putri-bali-spa/43c7e320bd1bd34b6a97.webp,draft/putri-bali-spa/43c7e320bd1bd34b6a97.webp,draft/putri-bali-spa/43c7e320bd1bd34b6a97.webp,https://egkdapqwkfprtyqvvnso.supabase.co/storage/v1/object/public/venue-photos/draft/putri-bali-spa/43c7e320bd1bd34b6a97.webp,true,image/webp,339848,xvhxyohqkkpaynrgrvvb,egkdapqwkfprtyqvvnso,venue-photos,venue-photos,venues.photo_url 5ef727ea-7e10-48bf-8bb7-c0577e5fc04e: https://xvhxyohqkkpaynrgrvvb.supabase.co/storage/v1/object/public/venue-photos/draft/putri-bali-spa/43c7e320bd1bd34b6a97.webp -> https://egkdapqwkfprtyqvvnso.supabase.co/storage/v1/object/public/venue-photos/draft/putri-bali-spa/43c7e320bd1bd34b6a97.webp,https://xvhxyohqkkpaynrgrvvb.supabase.co/storage/v1/object/public/venue-photos/draft/putri-bali-spa/43c7e320bd1bd34b6a97.webp,e75b99fb-dbac-4a10-b24c-ff32db3bbdb9,draft,EXACT_PATH_MATCH
sensorium-bali,v_import_sensorium_bali,https://xvhxyohqkkpaynrgrvvb.supabase.co/storage/v1/object/public/venue-photos/draft/sensorium-bali/e009097af7d4de207a25.jpg,draft/sensorium-bali/e009097af7d4de207a25.jpg,draft/sensorium-bali/e009097af7d4de207a25.jpg,draft/sensorium-bali/e009097af7d4de207a25.jpg,https://egkdapqwkfprtyqvvnso.supabase.co/storage/v1/object/public/venue-photos/draft/sensorium-bali/e009097af7d4de207a25.jpg,true,image/jpeg,409508,xvhxyohqkkpaynrgrvvb,egkdapqwkfprtyqvvnso,venue-photos,venue-photos,venues.photo_url v_import_sensorium_bali: https://xvhxyohqkkpaynrgrvvb.supabase.co/storage/v1/object/public/venue-photos/draft/sensorium-bali/e009097af7d4de207a25.jpg -> https://egkdapqwkfprtyqvvnso.supabase.co/storage/v1/object/public/venue-photos/draft/sensorium-bali/e009097af7d4de207a25.jpg,https://xvhxyohqkkpaynrgrvvb.supabase.co/storage/v1/object/public/venue-photos/draft/sensorium-bali/e009097af7d4de207a25.jpg,4c5b63f2-8274-4da1-adaf-5bc9fae70ae6,draft,EXACT_PATH_MATCH
sundays-beach-club,v_import_sundays_beach_club,https://xvhxyohqkkpaynrgrvvb.supabase.co/storage/v1/object/public/venue-photos/draft/sundays-beach-club/a8be54e53c07696df17f.png,draft/sundays-beach-club/a8be54e53c07696df17f.png,draft/sundays-beach-club/a8be54e53c07696df17f.png,draft/sundays-beach-club/a8be54e53c07696df17f.png,https://egkdapqwkfprtyqvvnso.supabase.co/storage/v1/object/public/venue-photos/draft/sundays-beach-club/a8be54e53c07696df17f.png,true,image/png,1370853,xvhxyohqkkpaynrgrvvb,egkdapqwkfprtyqvvnso,venue-photos,venue-photos,venues.photo_url v_import_sundays_beach_club: https://xvhxyohqkkpaynrgrvvb.supabase.co/storage/v1/object/public/venue-photos/draft/sundays-beach-club/a8be54e53c07696df17f.png -> https://egkdapqwkfprtyqvvnso.supabase.co/storage/v1/object/public/venue-photos/draft/sundays-beach-club/a8be54e53c07696df17f.png,https://xvhxyohqkkpaynrgrvvb.supabase.co/storage/v1/object/public/venue-photos/draft/sundays-beach-club/a8be54e53c07696df17f.png,43d77ca4-8e51-428f-81b6-3d58df1a5023,draft,EXACT_PATH_MATCH
karsa-spa,0d3ec7f6-a187-4c57-9099-e558aab17653,https://xvhxyohqkkpaynrgrvvb.supabase.co/storage/v1/object/public/venue-photos/draft/karsa-spa/7eed261962e722cce8bc.png,draft/karsa-spa/7eed261962e722cce8bc.png,draft/karsa-spa/7eed261962e722cce8bc.png,draft/karsa-spa/7eed261962e722cce8bc.png,https://egkdapqwkfprtyqvvnso.supabase.co/storage/v1/object/public/venue-photos/draft/karsa-spa/7eed261962e722cce8bc.png,true,image/png,82532,xvhxyohqkkpaynrgrvvb,egkdapqwkfprtyqvvnso,venue-photos,venue-photos,venues.photo_url 0d3ec7f6-a187-4c57-9099-e558aab17653: https://xvhxyohqkkpaynrgrvvb.supabase.co/storage/v1/object/public/venue-photos/draft/karsa-spa/7eed261962e722cce8bc.png -> https://egkdapqwkfprtyqvvnso.supabase.co/storage/v1/object/public/venue-photos/draft/karsa-spa/7eed261962e722cce8bc.png,https://xvhxyohqkkpaynrgrvvb.supabase.co/storage/v1/object/public/venue-photos/draft/karsa-spa/7eed261962e722cce8bc.png,04853c99-f167-41ce-bfe9-de217f568f5a,draft,EXACT_PATH_MATCH
riviera-cafe-cemagi,v_import_riviera_cafe_cemagi,https://xvhxyohqkkpaynrgrvvb.supabase.co/storage/v1/object/public/venue-photos/draft/riviera-cafe-cemagi/a2b7ccbae1378705d54e.webp,draft/riviera-cafe-cemagi/a2b7ccbae1378705d54e.webp,draft/riviera-cafe-cemagi/a2b7ccbae1378705d54e.webp,draft/riviera-cafe-cemagi/a2b7ccbae1378705d54e.webp,https://egkdapqwkfprtyqvvnso.supabase.co/storage/v1/object/public/venue-photos/draft/riviera-cafe-cemagi/a2b7ccbae1378705d54e.webp,true,image/webp,216220,xvhxyohqkkpaynrgrvvb,egkdapqwkfprtyqvvnso,venue-photos,venue-photos,venues.photo_url v_import_riviera_cafe_cemagi: https://xvhxyohqkkpaynrgrvvb.supabase.co/storage/v1/object/public/venue-photos/draft/riviera-cafe-cemagi/a2b7ccbae1378705d54e.webp -> https://egkdapqwkfprtyqvvnso.supabase.co/storage/v1/object/public/venue-photos/draft/riviera-cafe-cemagi/a2b7ccbae1378705d54e.webp,https://xvhxyohqkkpaynrgrvvb.supabase.co/storage/v1/object/public/venue-photos/draft/riviera-cafe-cemagi/a2b7ccbae1378705d54e.webp,c29d25a1-b125-42dd-914d-a276e5f92e5e,draft,EXACT_PATH_MATCH
udara-bali,v_import_udara_bali,https://xvhxyohqkkpaynrgrvvb.supabase.co/storage/v1/object/public/venue-photos/draft/udara-bali/72b9ce4887731387227c.jpg,draft/udara-bali/72b9ce4887731387227c.jpg,draft/udara-bali/72b9ce4887731387227c.jpg,draft/udara-bali/72b9ce4887731387227c.jpg,https://egkdapqwkfprtyqvvnso.supabase.co/storage/v1/object/public/venue-photos/draft/udara-bali/72b9ce4887731387227c.jpg,true,image/jpeg,367609,xvhxyohqkkpaynrgrvvb,egkdapqwkfprtyqvvnso,venue-photos,venue-photos,venues.photo_url v_import_udara_bali: https://xvhxyohqkkpaynrgrvvb.supabase.co/storage/v1/object/public/venue-photos/draft/udara-bali/72b9ce4887731387227c.jpg -> https://egkdapqwkfprtyqvvnso.supabase.co/storage/v1/object/public/venue-photos/draft/udara-bali/72b9ce4887731387227c.jpg,https://xvhxyohqkkpaynrgrvvb.supabase.co/storage/v1/object/public/venue-photos/draft/udara-bali/72b9ce4887731387227c.jpg,6bfa6c2d-1a40-428b-997e-6d37db33e0d5,draft,EXACT_PATH_MATCH
cascades,v_cascades,https://xvhxyohqkkpaynrgrvvb.supabase.co/storage/v1/object/public/venue-photos/draft/cascades/b1bd4c26d5fb14ee7717.jpg,draft/cascades/b1bd4c26d5fb14ee7717.jpg,draft/cascades/b1bd4c26d5fb14ee7717.jpg,draft/cascades/b1bd4c26d5fb14ee7717.jpg,https://egkdapqwkfprtyqvvnso.supabase.co/storage/v1/object/public/venue-photos/draft/cascades/b1bd4c26d5fb14ee7717.jpg,true,image/jpeg,133772,xvhxyohqkkpaynrgrvvb,egkdapqwkfprtyqvvnso,venue-photos,venue-photos,venues.photo_url v_cascades: https://xvhxyohqkkpaynrgrvvb.supabase.co/storage/v1/object/public/venue-photos/draft/cascades/b1bd4c26d5fb14ee7717.jpg -> https://egkdapqwkfprtyqvvnso.supabase.co/storage/v1/object/public/venue-photos/draft/cascades/b1bd4c26d5fb14ee7717.jpg,https://xvhxyohqkkpaynrgrvvb.supabase.co/storage/v1/object/public/venue-photos/draft/cascades/b1bd4c26d5fb14ee7717.jpg,410080ea-abde-438c-ae22-d167a6772d5f,draft,EXACT_PATH_MATCH
intuitive-flow,c4119d28-7714-4274-a289-c63369fd43bb,https://xvhxyohqkkpaynrgrvvb.supabase.co/storage/v1/object/public/venue-photos/draft/intuitive-flow/2505c00af8c45c57757a.jpg,draft/intuitive-flow/2505c00af8c45c57757a.jpg,draft/intuitive-flow/2505c00af8c45c57757a.jpg,draft/intuitive-flow/2505c00af8c45c57757a.jpg,https://egkdapqwkfprtyqvvnso.supabase.co/storage/v1/object/public/venue-photos/draft/intuitive-flow/2505c00af8c45c57757a.jpg,true,image/jpeg,238207,xvhxyohqkkpaynrgrvvb,egkdapqwkfprtyqvvnso,venue-photos,venue-photos,venues.photo_url c4119d28-7714-4274-a289-c63369fd43bb: https://xvhxyohqkkpaynrgrvvb.supabase.co/storage/v1/object/public/venue-photos/draft/intuitive-flow/2505c00af8c45c57757a.jpg -> https://egkdapqwkfprtyqvvnso.supabase.co/storage/v1/object/public/venue-photos/draft/intuitive-flow/2505c00af8c45c57757a.jpg,https://xvhxyohqkkpaynrgrvvb.supabase.co/storage/v1/object/public/venue-photos/draft/intuitive-flow/2505c00af8c45c57757a.jpg,e9de97fb-f014-4a56-bfde-947cbb8508be,draft,EXACT_PATH_MATCH
alchemy-uluwatu,v_import_alchemy_uluwatu,https://xvhxyohqkkpaynrgrvvb.supabase.co/storage/v1/object/public/venue-photos/draft/alchemy-uluwatu/83158ba728a5b993a7b0.jpg,draft/alchemy-uluwatu/83158ba728a5b993a7b0.jpg,draft/alchemy-uluwatu/83158ba728a5b993a7b0.jpg,draft/alchemy-uluwatu/83158ba728a5b993a7b0.jpg,https://egkdapqwkfprtyqvvnso.supabase.co/storage/v1/object/public/venue-photos/draft/alchemy-uluwatu/83158ba728a5b993a7b0.jpg,true,image/jpeg,333137,xvhxyohqkkpaynrgrvvb,egkdapqwkfprtyqvvnso,venue-photos,venue-photos,venues.photo_url v_import_alchemy_uluwatu: https://xvhxyohqkkpaynrgrvvb.supabase.co/storage/v1/object/public/venue-photos/draft/alchemy-uluwatu/83158ba728a5b993a7b0.jpg -> https://egkdapqwkfprtyqvvnso.supabase.co/storage/v1/object/public/venue-photos/draft/alchemy-uluwatu/83158ba728a5b993a7b0.jpg,https://xvhxyohqkkpaynrgrvvb.supabase.co/storage/v1/object/public/venue-photos/draft/alchemy-uluwatu/83158ba728a5b993a7b0.jpg,f53d4c11-6919-4633-9b6c-46b4e333646b,draft,EXACT_PATH_MATCH
radiantly-alive,1d8de9b4-c345-4700-b4e5-d0c3fb15433b,https://xvhxyohqkkpaynrgrvvb.supabase.co/storage/v1/object/public/venue-photos/draft/radiantly-alive/b6733628d22cc9ed34c9.jpg,draft/radiantly-alive/b6733628d22cc9ed34c9.jpg,draft/radiantly-alive/b6733628d22cc9ed34c9.jpg,draft/radiantly-alive/b6733628d22cc9ed34c9.jpg,https://egkdapqwkfprtyqvvnso.supabase.co/storage/v1/object/public/venue-photos/draft/radiantly-alive/b6733628d22cc9ed34c9.jpg,true,image/jpeg,203941,xvhxyohqkkpaynrgrvvb,egkdapqwkfprtyqvvnso,venue-photos,venue-photos,venues.photo_url 1d8de9b4-c345-4700-b4e5-d0c3fb15433b: https://xvhxyohqkkpaynrgrvvb.supabase.co/storage/v1/object/public/venue-photos/draft/radiantly-alive/b6733628d22cc9ed34c9.jpg -> https://egkdapqwkfprtyqvvnso.supabase.co/storage/v1/object/public/venue-photos/draft/radiantly-alive/b6733628d22cc9ed34c9.jpg,https://xvhxyohqkkpaynrgrvvb.supabase.co/storage/v1/object/public/venue-photos/draft/radiantly-alive/b6733628d22cc9ed34c9.jpg,50e9dc2b-b649-4ece-895c-3ba50363c993,draft,EXACT_PATH_MATCH
zali-uluwatu,v_import_zali_uluwatu,https://xvhxyohqkkpaynrgrvvb.supabase.co/storage/v1/object/public/venue-photos/draft/zali-uluwatu/b273cf6a534c9e740d82.jpg,draft/zali-uluwatu/b273cf6a534c9e740d82.jpg,draft/zali-uluwatu/b273cf6a534c9e740d82.jpg,draft/zali-uluwatu/b273cf6a534c9e740d82.jpg,https://egkdapqwkfprtyqvvnso.supabase.co/storage/v1/object/public/venue-photos/draft/zali-uluwatu/b273cf6a534c9e740d82.jpg,true,image/jpeg,271592,xvhxyohqkkpaynrgrvvb,egkdapqwkfprtyqvvnso,venue-photos,venue-photos,venues.photo_url v_import_zali_uluwatu: https://xvhxyohqkkpaynrgrvvb.supabase.co/storage/v1/object/public/venue-photos/draft/zali-uluwatu/b273cf6a534c9e740d82.jpg -> https://egkdapqwkfprtyqvvnso.supabase.co/storage/v1/object/public/venue-photos/draft/zali-uluwatu/b273cf6a534c9e740d82.jpg,https://xvhxyohqkkpaynrgrvvb.supabase.co/storage/v1/object/public/venue-photos/draft/zali-uluwatu/b273cf6a534c9e740d82.jpg,00d1d0b6-0dbd-41cd-87cb-ea64723b099e,draft,EXACT_PATH_MATCH
beach-boy-canggu,v_import_beach_boy_canggu,https://xvhxyohqkkpaynrgrvvb.supabase.co/storage/v1/object/public/venue-photos/draft/beach-boy-canggu/c7be62fc7e2afa2453b1.jpg,draft/beach-boy-canggu/c7be62fc7e2afa2453b1.jpg,draft/beach-boy-canggu/c7be62fc7e2afa2453b1.jpg,draft/beach-boy-canggu/c7be62fc7e2afa2453b1.jpg,https://egkdapqwkfprtyqvvnso.supabase.co/storage/v1/object/public/venue-photos/draft/beach-boy-canggu/c7be62fc7e2afa2453b1.jpg,true,image/jpeg,968740,xvhxyohqkkpaynrgrvvb,egkdapqwkfprtyqvvnso,venue-photos,venue-photos,venues.photo_url v_import_beach_boy_canggu: https://xvhxyohqkkpaynrgrvvb.supabase.co/storage/v1/object/public/venue-photos/draft/beach-boy-canggu/c7be62fc7e2afa2453b1.jpg -> https://egkdapqwkfprtyqvvnso.supabase.co/storage/v1/object/public/venue-photos/draft/beach-boy-canggu/c7be62fc7e2afa2453b1.jpg,https://xvhxyohqkkpaynrgrvvb.supabase.co/storage/v1/object/public/venue-photos/draft/beach-boy-canggu/c7be62fc7e2afa2453b1.jpg,b2d361aa-bff6-4c3e-b89a-c8650b8be745,draft,EXACT_PATH_MATCH
alchemy-yoga-meditation-center,beb69deb-f66e-4b16-8874-460df37c0100,https://xvhxyohqkkpaynrgrvvb.supabase.co/storage/v1/object/public/venue-photos/draft/alchemy-yoga-meditation-center/10bfad61db1af3ffb17b.jpg,draft/alchemy-yoga-meditation-center/10bfad61db1af3ffb17b.jpg,draft/alchemy-yoga-meditation-center/10bfad61db1af3ffb17b.jpg,draft/alchemy-yoga-meditation-center/10bfad61db1af3ffb17b.jpg,https://egkdapqwkfprtyqvvnso.supabase.co/storage/v1/object/public/venue-photos/draft/alchemy-yoga-meditation-center/10bfad61db1af3ffb17b.jpg,true,image/jpeg,1667245,xvhxyohqkkpaynrgrvvb,egkdapqwkfprtyqvvnso,venue-photos,venue-photos,venues.photo_url beb69deb-f66e-4b16-8874-460df37c0100: https://xvhxyohqkkpaynrgrvvb.supabase.co/storage/v1/object/public/venue-photos/draft/alchemy-yoga-meditation-center/10bfad61db1af3ffb17b.jpg -> https://egkdapqwkfprtyqvvnso.supabase.co/storage/v1/object/public/venue-photos/draft/alchemy-yoga-meditation-center/10bfad61db1af3ffb17b.jpg,https://xvhxyohqkkpaynrgrvvb.supabase.co/storage/v1/object/public/venue-photos/draft/alchemy-yoga-meditation-center/10bfad61db1af3ffb17b.jpg,e55d1431-1d22-4e17-a7ce-eb96f1603a03,draft,EXACT_PATH_MATCH
the-yoga-barn,68741f1a-2555-4bb1-974a-d16a8155c931,https://xvhxyohqkkpaynrgrvvb.supabase.co/storage/v1/object/public/venue-photos/draft/the-yoga-barn/7c697ae94bbf3b27bae8.jpg,draft/the-yoga-barn/7c697ae94bbf3b27bae8.jpg,draft/the-yoga-barn/7c697ae94bbf3b27bae8.jpg,draft/the-yoga-barn/7c697ae94bbf3b27bae8.jpg,https://egkdapqwkfprtyqvvnso.supabase.co/storage/v1/object/public/venue-photos/draft/the-yoga-barn/7c697ae94bbf3b27bae8.jpg,true,image/jpeg,318063,xvhxyohqkkpaynrgrvvb,egkdapqwkfprtyqvvnso,venue-photos,venue-photos,venues.photo_url 68741f1a-2555-4bb1-974a-d16a8155c931: https://xvhxyohqkkpaynrgrvvb.supabase.co/storage/v1/object/public/venue-photos/draft/the-yoga-barn/7c697ae94bbf3b27bae8.jpg -> https://egkdapqwkfprtyqvvnso.supabase.co/storage/v1/object/public/venue-photos/draft/the-yoga-barn/7c697ae94bbf3b27bae8.jpg,https://xvhxyohqkkpaynrgrvvb.supabase.co/storage/v1/object/public/venue-photos/draft/the-yoga-barn/7c697ae94bbf3b27bae8.jpg,4565f175-f9b0-4f04-9dee-ddb28dfaebbc,draft,EXACT_PATH_MATCH
ubud-yoga-centre,747cc036-129b-4eda-b397-7623c730c8a0,https://xvhxyohqkkpaynrgrvvb.supabase.co/storage/v1/object/public/venue-photos/draft/ubud-yoga-centre/9ebf3a2ddec9109a8ce0.jpg,draft/ubud-yoga-centre/9ebf3a2ddec9109a8ce0.jpg,draft/ubud-yoga-centre/9ebf3a2ddec9109a8ce0.jpg,draft/ubud-yoga-centre/9ebf3a2ddec9109a8ce0.jpg,https://egkdapqwkfprtyqvvnso.supabase.co/storage/v1/object/public/venue-photos/draft/ubud-yoga-centre/9ebf3a2ddec9109a8ce0.jpg,true,image/jpeg,171575,xvhxyohqkkpaynrgrvvb,egkdapqwkfprtyqvvnso,venue-photos,venue-photos,venues.photo_url 747cc036-129b-4eda-b397-7623c730c8a0: https://xvhxyohqkkpaynrgrvvb.supabase.co/storage/v1/object/public/venue-photos/draft/ubud-yoga-centre/9ebf3a2ddec9109a8ce0.jpg -> https://egkdapqwkfprtyqvvnso.supabase.co/storage/v1/object/public/venue-photos/draft/ubud-yoga-centre/9ebf3a2ddec9109a8ce0.jpg,https://xvhxyohqkkpaynrgrvvb.supabase.co/storage/v1/object/public/venue-photos/draft/ubud-yoga-centre/9ebf3a2ddec9109a8ce0.jpg,de0cbd96-b4e9-415b-836e-72754eaaddb6,draft,EXACT_PATH_MATCH
oneworld-ayurveda,3093b0d1-4740-4c13-823c-6183e833fedd,https://xvhxyohqkkpaynrgrvvb.supabase.co/storage/v1/object/public/venue-photos/draft/oneworld-ayurveda/dca548d2364f819b740e.jpg,draft/oneworld-ayurveda/dca548d2364f819b740e.jpg,draft/oneworld-ayurveda/dca548d2364f819b740e.jpg,draft/oneworld-ayurveda/dca548d2364f819b740e.jpg,https://egkdapqwkfprtyqvvnso.supabase.co/storage/v1/object/public/venue-photos/draft/oneworld-ayurveda/dca548d2364f819b740e.jpg,true,image/jpeg,120263,xvhxyohqkkpaynrgrvvb,egkdapqwkfprtyqvvnso,venue-photos,venue-photos,venues.photo_url 3093b0d1-4740-4c13-823c-6183e833fedd: https://xvhxyohqkkpaynrgrvvb.supabase.co/storage/v1/object/public/venue-photos/draft/oneworld-ayurveda/dca548d2364f819b740e.jpg -> https://egkdapqwkfprtyqvvnso.supabase.co/storage/v1/object/public/venue-photos/draft/oneworld-ayurveda/dca548d2364f819b740e.jpg,https://xvhxyohqkkpaynrgrvvb.supabase.co/storage/v1/object/public/venue-photos/draft/oneworld-ayurveda/dca548d2364f819b740e.jpg,3c1614a7-eb10-4142-81fe-5284b1d5324e,draft,EXACT_PATH_MATCH
ubud-sari-health-resort,6d2f7ea7-fa9d-4138-8dc6-43a5cea3aff3,https://xvhxyohqkkpaynrgrvvb.supabase.co/storage/v1/object/public/venue-photos/draft/ubud-sari-health-resort/3a9c0a86e52782acd681.jpg,draft/ubud-sari-health-resort/3a9c0a86e52782acd681.jpg,draft/ubud-sari-health-resort/3a9c0a86e52782acd681.jpg,draft/ubud-sari-health-resort/3a9c0a86e52782acd681.jpg,https://egkdapqwkfprtyqvvnso.supabase.co/storage/v1/object/public/venue-photos/draft/ubud-sari-health-resort/3a9c0a86e52782acd681.jpg,true,image/jpeg,1263579,xvhxyohqkkpaynrgrvvb,egkdapqwkfprtyqvvnso,venue-photos,venue-photos,venues.photo_url 6d2f7ea7-fa9d-4138-8dc6-43a5cea3aff3: https://xvhxyohqkkpaynrgrvvb.supabase.co/storage/v1/object/public/venue-photos/draft/ubud-sari-health-resort/3a9c0a86e52782acd681.jpg -> https://egkdapqwkfprtyqvvnso.supabase.co/storage/v1/object/public/venue-photos/draft/ubud-sari-health-resort/3a9c0a86e52782acd681.jpg,https://xvhxyohqkkpaynrgrvvb.supabase.co/storage/v1/object/public/venue-photos/draft/ubud-sari-health-resort/3a9c0a86e52782acd681.jpg,1c9f9770-ca9a-467c-a6ee-3c6987f735fb,draft,EXACT_PATH_MATCH
taksu-yoga-ubud,0d6c6141-85f5-49df-9706-4e18c8313f70,https://xvhxyohqkkpaynrgrvvb.supabase.co/storage/v1/object/public/venue-photos/draft/taksu-yoga-ubud/1cddbffb07b7b7290f6e.webp,draft/taksu-yoga-ubud/1cddbffb07b7b7290f6e.webp,draft/taksu-yoga-ubud/1cddbffb07b7b7290f6e.webp,draft/taksu-yoga-ubud/1cddbffb07b7b7290f6e.webp,https://egkdapqwkfprtyqvvnso.supabase.co/storage/v1/object/public/venue-photos/draft/taksu-yoga-ubud/1cddbffb07b7b7290f6e.webp,true,image/webp,126238,xvhxyohqkkpaynrgrvvb,egkdapqwkfprtyqvvnso,venue-photos,venue-photos,venues.photo_url 0d6c6141-85f5-49df-9706-4e18c8313f70: https://xvhxyohqkkpaynrgrvvb.supabase.co/storage/v1/object/public/venue-photos/draft/taksu-yoga-ubud/1cddbffb07b7b7290f6e.webp -> https://egkdapqwkfprtyqvvnso.supabase.co/storage/v1/object/public/venue-photos/draft/taksu-yoga-ubud/1cddbffb07b7b7290f6e.webp,https://xvhxyohqkkpaynrgrvvb.supabase.co/storage/v1/object/public/venue-photos/draft/taksu-yoga-ubud/1cddbffb07b7b7290f6e.webp,b3bcfe2b-ab2d-4019-8383-f8d6616de8f2,draft,EXACT_PATH_MATCH
mason,v_mason,https://xvhxyohqkkpaynrgrvvb.supabase.co/storage/v1/object/public/venue-photos/draft/mason/7f7e8cf9b1950ee98605.webp,draft/mason/7f7e8cf9b1950ee98605.webp,draft/mason/7f7e8cf9b1950ee98605.webp,draft/mason/7f7e8cf9b1950ee98605.webp,https://egkdapqwkfprtyqvvnso.supabase.co/storage/v1/object/public/venue-photos/draft/mason/7f7e8cf9b1950ee98605.webp,true,image/webp,312096,xvhxyohqkkpaynrgrvvb,egkdapqwkfprtyqvvnso,venue-photos,venue-photos,venues.photo_url v_mason: https://xvhxyohqkkpaynrgrvvb.supabase.co/storage/v1/object/public/venue-photos/draft/mason/7f7e8cf9b1950ee98605.webp -> https://egkdapqwkfprtyqvvnso.supabase.co/storage/v1/object/public/venue-photos/draft/mason/7f7e8cf9b1950ee98605.webp,https://xvhxyohqkkpaynrgrvvb.supabase.co/storage/v1/object/public/venue-photos/draft/mason/7f7e8cf9b1950ee98605.webp,19d82845-09ca-4e6e-b851-b800eef9e510,draft,EXACT_PATH_MATCH
milk-and-madu-berawa,v_import_milk_and_madu_berawa,https://xvhxyohqkkpaynrgrvvb.supabase.co/storage/v1/object/public/venue-photos/draft/milk-and-madu-berawa/ebbecaf3032f0679bd41.webp,draft/milk-and-madu-berawa/ebbecaf3032f0679bd41.webp,draft/milk-and-madu-berawa/ebbecaf3032f0679bd41.webp,draft/milk-and-madu-berawa/ebbecaf3032f0679bd41.webp,https://egkdapqwkfprtyqvvnso.supabase.co/storage/v1/object/public/venue-photos/draft/milk-and-madu-berawa/ebbecaf3032f0679bd41.webp,true,image/webp,302138,xvhxyohqkkpaynrgrvvb,egkdapqwkfprtyqvvnso,venue-photos,venue-photos,venues.photo_url v_import_milk_and_madu_berawa: https://xvhxyohqkkpaynrgrvvb.supabase.co/storage/v1/object/public/venue-photos/draft/milk-and-madu-berawa/ebbecaf3032f0679bd41.webp -> https://egkdapqwkfprtyqvvnso.supabase.co/storage/v1/object/public/venue-photos/draft/milk-and-madu-berawa/ebbecaf3032f0679bd41.webp,https://xvhxyohqkkpaynrgrvvb.supabase.co/storage/v1/object/public/venue-photos/draft/milk-and-madu-berawa/ebbecaf3032f0679bd41.webp,71ba0103-622f-4950-a506-bac3291c98a4,draft,EXACT_PATH_MATCH
deus-ex-machina,v_deus-ex-machina,https://xvhxyohqkkpaynrgrvvb.supabase.co/storage/v1/object/public/venue-photos/draft/deus-ex-machina/9091f59ae6c2c529e805.jpg,draft/deus-ex-machina/9091f59ae6c2c529e805.jpg,draft/deus-ex-machina/9091f59ae6c2c529e805.jpg,draft/deus-ex-machina/9091f59ae6c2c529e805.jpg,https://egkdapqwkfprtyqvvnso.supabase.co/storage/v1/object/public/venue-photos/draft/deus-ex-machina/9091f59ae6c2c529e805.jpg,true,image/jpeg,338707,xvhxyohqkkpaynrgrvvb,egkdapqwkfprtyqvvnso,venue-photos,venue-photos,venues.photo_url v_deus-ex-machina: https://xvhxyohqkkpaynrgrvvb.supabase.co/storage/v1/object/public/venue-photos/draft/deus-ex-machina/9091f59ae6c2c529e805.jpg -> https://egkdapqwkfprtyqvvnso.supabase.co/storage/v1/object/public/venue-photos/draft/deus-ex-machina/9091f59ae6c2c529e805.jpg,https://xvhxyohqkkpaynrgrvvb.supabase.co/storage/v1/object/public/venue-photos/draft/deus-ex-machina/9091f59ae6c2c529e805.jpg,bd6013ed-40c2-4b73-b5ab-68044771c862,draft,EXACT_PATH_MATCH
ubud-traditional-spa,b9fd90b3-179a-4301-b722-99f005801f9e,https://xvhxyohqkkpaynrgrvvb.supabase.co/storage/v1/object/public/venue-photos/draft/ubud-traditional-spa/0e6e8e079db6035c7dc5.jpg,draft/ubud-traditional-spa/0e6e8e079db6035c7dc5.jpg,draft/ubud-traditional-spa/0e6e8e079db6035c7dc5.jpg,draft/ubud-traditional-spa/0e6e8e079db6035c7dc5.jpg,https://egkdapqwkfprtyqvvnso.supabase.co/storage/v1/object/public/venue-photos/draft/ubud-traditional-spa/0e6e8e079db6035c7dc5.jpg,true,image/jpeg,543613,xvhxyohqkkpaynrgrvvb,egkdapqwkfprtyqvvnso,venue-photos,venue-photos,venues.photo_url b9fd90b3-179a-4301-b722-99f005801f9e: https://xvhxyohqkkpaynrgrvvb.supabase.co/storage/v1/object/public/venue-photos/draft/ubud-traditional-spa/0e6e8e079db6035c7dc5.jpg -> https://egkdapqwkfprtyqvvnso.supabase.co/storage/v1/object/public/venue-photos/draft/ubud-traditional-spa/0e6e8e079db6035c7dc5.jpg,https://xvhxyohqkkpaynrgrvvb.supabase.co/storage/v1/object/public/venue-photos/draft/ubud-traditional-spa/0e6e8e079db6035c7dc5.jpg,151777eb-770d-4946-9c32-59c81ecca630,draft,EXACT_PATH_MATCH
baked-berawa,v_import_baked_berawa,https://xvhxyohqkkpaynrgrvvb.supabase.co/storage/v1/object/public/venue-photos/draft/baked-berawa/a493633f9afeff608ea5.jpg,draft/baked-berawa/a493633f9afeff608ea5.jpg,draft/baked-berawa/a493633f9afeff608ea5.jpg,draft/baked-berawa/a493633f9afeff608ea5.jpg,https://egkdapqwkfprtyqvvnso.supabase.co/storage/v1/object/public/venue-photos/draft/baked-berawa/a493633f9afeff608ea5.jpg,true,image/jpeg,247489,xvhxyohqkkpaynrgrvvb,egkdapqwkfprtyqvvnso,venue-photos,venue-photos,venues.photo_url v_import_baked_berawa: https://xvhxyohqkkpaynrgrvvb.supabase.co/storage/v1/object/public/venue-photos/draft/baked-berawa/a493633f9afeff608ea5.jpg -> https://egkdapqwkfprtyqvvnso.supabase.co/storage/v1/object/public/venue-photos/draft/baked-berawa/a493633f9afeff608ea5.jpg,https://xvhxyohqkkpaynrgrvvb.supabase.co/storage/v1/object/public/venue-photos/draft/baked-berawa/a493633f9afeff608ea5.jpg,8407ceab-4007-44eb-9baa-10d04a52e70c,draft,EXACT_PATH_MATCH
revolver-canggu,v_import_revolver_canggu,https://xvhxyohqkkpaynrgrvvb.supabase.co/storage/v1/object/public/venue-photos/draft/revolver-canggu/a8f1fdc0b750a1dd9c7b.jpg,draft/revolver-canggu/a8f1fdc0b750a1dd9c7b.jpg,draft/revolver-canggu/a8f1fdc0b750a1dd9c7b.jpg,draft/revolver-canggu/a8f1fdc0b750a1dd9c7b.jpg,https://egkdapqwkfprtyqvvnso.supabase.co/storage/v1/object/public/venue-photos/draft/revolver-canggu/a8f1fdc0b750a1dd9c7b.jpg,true,image/jpeg,353066,xvhxyohqkkpaynrgrvvb,egkdapqwkfprtyqvvnso,venue-photos,venue-photos,venues.photo_url v_import_revolver_canggu: https://xvhxyohqkkpaynrgrvvb.supabase.co/storage/v1/object/public/venue-photos/draft/revolver-canggu/a8f1fdc0b750a1dd9c7b.jpg -> https://egkdapqwkfprtyqvvnso.supabase.co/storage/v1/object/public/venue-photos/draft/revolver-canggu/a8f1fdc0b750a1dd9c7b.jpg,https://xvhxyohqkkpaynrgrvvb.supabase.co/storage/v1/object/public/venue-photos/draft/revolver-canggu/a8f1fdc0b750a1dd9c7b.jpg,6eb8da2f-3e40-48b8-9a65-b9b7487ee1e6,draft,EXACT_PATH_MATCH
woods-bali,v_import_woods_bali,https://xvhxyohqkkpaynrgrvvb.supabase.co/storage/v1/object/public/venue-photos/draft/woods-bali/913a42dd146dadcf6196.jpg,draft/woods-bali/913a42dd146dadcf6196.jpg,draft/woods-bali/913a42dd146dadcf6196.jpg,draft/woods-bali/913a42dd146dadcf6196.jpg,https://egkdapqwkfprtyqvvnso.supabase.co/storage/v1/object/public/venue-photos/draft/woods-bali/913a42dd146dadcf6196.jpg,true,image/jpeg,104123,xvhxyohqkkpaynrgrvvb,egkdapqwkfprtyqvvnso,venue-photos,venue-photos,venues.photo_url v_import_woods_bali: https://xvhxyohqkkpaynrgrvvb.supabase.co/storage/v1/object/public/venue-photos/draft/woods-bali/913a42dd146dadcf6196.jpg -> https://egkdapqwkfprtyqvvnso.supabase.co/storage/v1/object/public/venue-photos/draft/woods-bali/913a42dd146dadcf6196.jpg,https://xvhxyohqkkpaynrgrvvb.supabase.co/storage/v1/object/public/venue-photos/draft/woods-bali/913a42dd146dadcf6196.jpg,7941f4e0-892f-4abc-a67a-7b5524893224,draft,EXACT_PATH_MATCH
motion-cafe,v_import_motion_cafe,https://xvhxyohqkkpaynrgrvvb.supabase.co/storage/v1/object/public/venue-photos/draft/motion-cafe/f15093c661cc68307dde.jpg,draft/motion-cafe/f15093c661cc68307dde.jpg,draft/motion-cafe/f15093c661cc68307dde.jpg,draft/motion-cafe/f15093c661cc68307dde.jpg,https://egkdapqwkfprtyqvvnso.supabase.co/storage/v1/object/public/venue-photos/draft/motion-cafe/f15093c661cc68307dde.jpg,true,image/jpeg,81673,xvhxyohqkkpaynrgrvvb,egkdapqwkfprtyqvvnso,venue-photos,venue-photos,venues.photo_url v_import_motion_cafe: https://xvhxyohqkkpaynrgrvvb.supabase.co/storage/v1/object/public/venue-photos/draft/motion-cafe/f15093c661cc68307dde.jpg -> https://egkdapqwkfprtyqvvnso.supabase.co/storage/v1/object/public/venue-photos/draft/motion-cafe/f15093c661cc68307dde.jpg,https://xvhxyohqkkpaynrgrvvb.supabase.co/storage/v1/object/public/venue-photos/draft/motion-cafe/f15093c661cc68307dde.jpg,6ebefb11-c12e-484d-92f3-abda9220347a,draft,EXACT_PATH_MATCH
single-fin,v_import_single_fin,https://xvhxyohqkkpaynrgrvvb.supabase.co/storage/v1/object/public/venue-photos/draft/single-fin/157b046eb0076d5ab2ce.webp,draft/single-fin/157b046eb0076d5ab2ce.webp,draft/single-fin/157b046eb0076d5ab2ce.webp,draft/single-fin/157b046eb0076d5ab2ce.webp,https://egkdapqwkfprtyqvvnso.supabase.co/storage/v1/object/public/venue-photos/draft/single-fin/157b046eb0076d5ab2ce.webp,true,image/webp,993986,xvhxyohqkkpaynrgrvvb,egkdapqwkfprtyqvvnso,venue-photos,venue-photos,venues.photo_url v_import_single_fin: https://xvhxyohqkkpaynrgrvvb.supabase.co/storage/v1/object/public/venue-photos/draft/single-fin/157b046eb0076d5ab2ce.webp -> https://egkdapqwkfprtyqvvnso.supabase.co/storage/v1/object/public/venue-photos/draft/single-fin/157b046eb0076d5ab2ce.webp,https://xvhxyohqkkpaynrgrvvb.supabase.co/storage/v1/object/public/venue-photos/draft/single-fin/157b046eb0076d5ab2ce.webp,bdd686c1-4f56-4f56-bc5a-1290a663ebbe,draft,EXACT_PATH_MATCH
oneeighty,v_import_oneeighty,https://xvhxyohqkkpaynrgrvvb.supabase.co/storage/v1/object/public/venue-photos/draft/oneeighty/0fa1897bd256a4d2c837.png,draft/oneeighty/0fa1897bd256a4d2c837.png,draft/oneeighty/0fa1897bd256a4d2c837.png,draft/oneeighty/0fa1897bd256a4d2c837.png,https://egkdapqwkfprtyqvvnso.supabase.co/storage/v1/object/public/venue-photos/draft/oneeighty/0fa1897bd256a4d2c837.png,true,image/png,304812,xvhxyohqkkpaynrgrvvb,egkdapqwkfprtyqvvnso,venue-photos,venue-photos,venues.photo_url v_import_oneeighty: https://xvhxyohqkkpaynrgrvvb.supabase.co/storage/v1/object/public/venue-photos/draft/oneeighty/0fa1897bd256a4d2c837.png -> https://egkdapqwkfprtyqvvnso.supabase.co/storage/v1/object/public/venue-photos/draft/oneeighty/0fa1897bd256a4d2c837.png,https://xvhxyohqkkpaynrgrvvb.supabase.co/storage/v1/object/public/venue-photos/draft/oneeighty/0fa1897bd256a4d2c837.png,36237066-a6dd-4974-9ecf-fd85e6f2244e,draft,EXACT_PATH_MATCH
masonry-restaurant,v_import_masonry_restaurant,https://xvhxyohqkkpaynrgrvvb.supabase.co/storage/v1/object/public/venue-photos/draft/masonry-restaurant/1f2696b2a981983f8cb1.webp,draft/masonry-restaurant/1f2696b2a981983f8cb1.webp,draft/masonry-restaurant/1f2696b2a981983f8cb1.webp,draft/masonry-restaurant/1f2696b2a981983f8cb1.webp,https://egkdapqwkfprtyqvvnso.supabase.co/storage/v1/object/public/venue-photos/draft/masonry-restaurant/1f2696b2a981983f8cb1.webp,true,image/webp,218630,xvhxyohqkkpaynrgrvvb,egkdapqwkfprtyqvvnso,venue-photos,venue-photos,venues.photo_url v_import_masonry_restaurant: https://xvhxyohqkkpaynrgrvvb.supabase.co/storage/v1/object/public/venue-photos/draft/masonry-restaurant/1f2696b2a981983f8cb1.webp -> https://egkdapqwkfprtyqvvnso.supabase.co/storage/v1/object/public/venue-photos/draft/masonry-restaurant/1f2696b2a981983f8cb1.webp,https://xvhxyohqkkpaynrgrvvb.supabase.co/storage/v1/object/public/venue-photos/draft/masonry-restaurant/1f2696b2a981983f8cb1.webp,310fd4cb-b773-41b1-9da2-41e1214ff67a,draft,EXACT_PATH_MATCH
locavore-nxt,v_locavore-nxt,https://xvhxyohqkkpaynrgrvvb.supabase.co/storage/v1/object/public/venue-photos/draft/locavore-nxt/665011828b3745b36705.webp,draft/locavore-nxt/665011828b3745b36705.webp,draft/locavore-nxt/665011828b3745b36705.webp,draft/locavore-nxt/665011828b3745b36705.webp,https://egkdapqwkfprtyqvvnso.supabase.co/storage/v1/object/public/venue-photos/draft/locavore-nxt/665011828b3745b36705.webp,true,image/webp,634460,xvhxyohqkkpaynrgrvvb,egkdapqwkfprtyqvvnso,venue-photos,venue-photos,venues.photo_url v_locavore-nxt: https://xvhxyohqkkpaynrgrvvb.supabase.co/storage/v1/object/public/venue-photos/draft/locavore-nxt/665011828b3745b36705.webp -> https://egkdapqwkfprtyqvvnso.supabase.co/storage/v1/object/public/venue-photos/draft/locavore-nxt/665011828b3745b36705.webp,https://xvhxyohqkkpaynrgrvvb.supabase.co/storage/v1/object/public/venue-photos/draft/locavore-nxt/665011828b3745b36705.webp,869f478b-dd92-46c8-a8c7-ebd146fc8c5d,approved,EXACT_PATH_MATCH
room4dessert,v_room4dessert,https://xvhxyohqkkpaynrgrvvb.supabase.co/storage/v1/object/public/venue-photos/draft/room4dessert/90adb2562b1944594c0f.jpg,draft/room4dessert/90adb2562b1944594c0f.jpg,draft/room4dessert/90adb2562b1944594c0f.jpg,draft/room4dessert/90adb2562b1944594c0f.jpg,https://egkdapqwkfprtyqvvnso.supabase.co/storage/v1/object/public/venue-photos/draft/room4dessert/90adb2562b1944594c0f.jpg,true,image/jpeg,145156,xvhxyohqkkpaynrgrvvb,egkdapqwkfprtyqvvnso,venue-photos,venue-photos,venues.photo_url v_room4dessert: https://xvhxyohqkkpaynrgrvvb.supabase.co/storage/v1/object/public/venue-photos/draft/room4dessert/90adb2562b1944594c0f.jpg -> https://egkdapqwkfprtyqvvnso.supabase.co/storage/v1/object/public/venue-photos/draft/room4dessert/90adb2562b1944594c0f.jpg,https://xvhxyohqkkpaynrgrvvb.supabase.co/storage/v1/object/public/venue-photos/draft/room4dessert/90adb2562b1944594c0f.jpg,d34449fb-6ea5-4137-96f3-d488c961ecf7,approved,EXACT_PATH_MATCH
the-avocado-factory,v_import_the_avocado_factory,https://xvhxyohqkkpaynrgrvvb.supabase.co/storage/v1/object/public/venue-photos/draft/the-avocado-factory/bc0397f7498a13d77d8b.jpg,draft/the-avocado-factory/bc0397f7498a13d77d8b.jpg,draft/the-avocado-factory/bc0397f7498a13d77d8b.jpg,draft/the-avocado-factory/bc0397f7498a13d77d8b.jpg,https://egkdapqwkfprtyqvvnso.supabase.co/storage/v1/object/public/venue-photos/draft/the-avocado-factory/bc0397f7498a13d77d8b.jpg,true,image/jpeg,177030,xvhxyohqkkpaynrgrvvb,egkdapqwkfprtyqvvnso,venue-photos,venue-photos,venues.photo_url v_import_the_avocado_factory: https://xvhxyohqkkpaynrgrvvb.supabase.co/storage/v1/object/public/venue-photos/draft/the-avocado-factory/bc0397f7498a13d77d8b.jpg -> https://egkdapqwkfprtyqvvnso.supabase.co/storage/v1/object/public/venue-photos/draft/the-avocado-factory/bc0397f7498a13d77d8b.jpg,https://xvhxyohqkkpaynrgrvvb.supabase.co/storage/v1/object/public/venue-photos/draft/the-avocado-factory/bc0397f7498a13d77d8b.jpg,78403acf-1031-4fc4-be05-de1b8af0ed90,approved,EXACT_PATH_MATCH
warung-bu-mi,v_warung-bu-mi,https://xvhxyohqkkpaynrgrvvb.supabase.co/storage/v1/object/public/venue-photos/draft/warung-bu-mi/28556fda3ce0517ad205.jpg,draft/warung-bu-mi/28556fda3ce0517ad205.jpg,draft/warung-bu-mi/28556fda3ce0517ad205.jpg,draft/warung-bu-mi/28556fda3ce0517ad205.jpg,https://egkdapqwkfprtyqvvnso.supabase.co/storage/v1/object/public/venue-photos/draft/warung-bu-mi/28556fda3ce0517ad205.jpg,true,image/jpeg,103086,xvhxyohqkkpaynrgrvvb,egkdapqwkfprtyqvvnso,venue-photos,venue-photos,venues.photo_url v_warung-bu-mi: https://xvhxyohqkkpaynrgrvvb.supabase.co/storage/v1/object/public/venue-photos/draft/warung-bu-mi/28556fda3ce0517ad205.jpg -> https://egkdapqwkfprtyqvvnso.supabase.co/storage/v1/object/public/venue-photos/draft/warung-bu-mi/28556fda3ce0517ad205.jpg,https://xvhxyohqkkpaynrgrvvb.supabase.co/storage/v1/object/public/venue-photos/draft/warung-bu-mi/28556fda3ce0517ad205.jpg,fd269b31-2407-4d16-8fe6-31d9c053e5c7,draft,EXACT_PATH_MATCH
the-shala-bali,3db91038-1d4f-4c3c-b92f-070727d3654d,https://xvhxyohqkkpaynrgrvvb.supabase.co/storage/v1/object/public/venue-photos/draft/the-shala-bali/31646a0827e1c76b0f0e.jpg,draft/the-shala-bali/31646a0827e1c76b0f0e.jpg,draft/the-shala-bali/31646a0827e1c76b0f0e.jpg,draft/the-shala-bali/31646a0827e1c76b0f0e.jpg,https://egkdapqwkfprtyqvvnso.supabase.co/storage/v1/object/public/venue-photos/draft/the-shala-bali/31646a0827e1c76b0f0e.jpg,true,image/jpeg,520201,xvhxyohqkkpaynrgrvvb,egkdapqwkfprtyqvvnso,venue-photos,venue-photos,venues.photo_url 3db91038-1d4f-4c3c-b92f-070727d3654d: https://xvhxyohqkkpaynrgrvvb.supabase.co/storage/v1/object/public/venue-photos/draft/the-shala-bali/31646a0827e1c76b0f0e.jpg -> https://egkdapqwkfprtyqvvnso.supabase.co/storage/v1/object/public/venue-photos/draft/the-shala-bali/31646a0827e1c76b0f0e.jpg,https://xvhxyohqkkpaynrgrvvb.supabase.co/storage/v1/object/public/venue-photos/draft/the-shala-bali/31646a0827e1c76b0f0e.jpg,d7e1cb48-9e2b-45ac-aa89-ba5494929f3b,draft,EXACT_PATH_MATCH
cafe-del-mar-bali,v_import_cafe_del_mar_bali,https://xvhxyohqkkpaynrgrvvb.supabase.co/storage/v1/object/public/venue-photos/draft/cafe-del-mar-bali/7f91e6c8fceb393230e0.webp,draft/cafe-del-mar-bali/7f91e6c8fceb393230e0.webp,draft/cafe-del-mar-bali/7f91e6c8fceb393230e0.webp,draft/cafe-del-mar-bali/7f91e6c8fceb393230e0.webp,https://egkdapqwkfprtyqvvnso.supabase.co/storage/v1/object/public/venue-photos/draft/cafe-del-mar-bali/7f91e6c8fceb393230e0.webp,true,image/webp,153820,xvhxyohqkkpaynrgrvvb,egkdapqwkfprtyqvvnso,venue-photos,venue-photos,venues.photo_url v_import_cafe_del_mar_bali: https://xvhxyohqkkpaynrgrvvb.supabase.co/storage/v1/object/public/venue-photos/draft/cafe-del-mar-bali/7f91e6c8fceb393230e0.webp -> https://egkdapqwkfprtyqvvnso.supabase.co/storage/v1/object/public/venue-photos/draft/cafe-del-mar-bali/7f91e6c8fceb393230e0.webp,https://xvhxyohqkkpaynrgrvvb.supabase.co/storage/v1/object/public/venue-photos/draft/cafe-del-mar-bali/7f91e6c8fceb393230e0.webp,a3ec1b19-7089-4a9c-a8ec-3d8b1a2b0e99,draft,EXACT_PATH_MATCH
sang-spa,1ac1a933-171c-4835-a62c-e3864adf60be,https://xvhxyohqkkpaynrgrvvb.supabase.co/storage/v1/object/public/venue-photos/draft/sang-spa/0914813ee291105aea7a.jpg,draft/sang-spa/0914813ee291105aea7a.jpg,draft/sang-spa/0914813ee291105aea7a.jpg,draft/sang-spa/0914813ee291105aea7a.jpg,https://egkdapqwkfprtyqvvnso.supabase.co/storage/v1/object/public/venue-photos/draft/sang-spa/0914813ee291105aea7a.jpg,true,image/jpeg,189287,xvhxyohqkkpaynrgrvvb,egkdapqwkfprtyqvvnso,venue-photos,venue-photos,venues.photo_url 1ac1a933-171c-4835-a62c-e3864adf60be: https://xvhxyohqkkpaynrgrvvb.supabase.co/storage/v1/object/public/venue-photos/draft/sang-spa/0914813ee291105aea7a.jpg -> https://egkdapqwkfprtyqvvnso.supabase.co/storage/v1/object/public/venue-photos/draft/sang-spa/0914813ee291105aea7a.jpg,https://xvhxyohqkkpaynrgrvvb.supabase.co/storage/v1/object/public/venue-photos/draft/sang-spa/0914813ee291105aea7a.jpg,293dece1-8dc1-40e0-8989-e82a2e0ec235,draft,EXACT_PATH_MATCH
brunch-club-pererenan,v_import_brunch_club_pererenan,https://xvhxyohqkkpaynrgrvvb.supabase.co/storage/v1/object/public/venue-photos/draft/brunch-club-pererenan/cee4d27a65d92fa9c2cf.jpg,draft/brunch-club-pererenan/cee4d27a65d92fa9c2cf.jpg,draft/brunch-club-pererenan/cee4d27a65d92fa9c2cf.jpg,draft/brunch-club-pererenan/cee4d27a65d92fa9c2cf.jpg,https://egkdapqwkfprtyqvvnso.supabase.co/storage/v1/object/public/venue-photos/draft/brunch-club-pererenan/cee4d27a65d92fa9c2cf.jpg,true,image/jpeg,269071,xvhxyohqkkpaynrgrvvb,egkdapqwkfprtyqvvnso,venue-photos,venue-photos,venues.photo_url v_import_brunch_club_pererenan: https://xvhxyohqkkpaynrgrvvb.supabase.co/storage/v1/object/public/venue-photos/draft/brunch-club-pererenan/cee4d27a65d92fa9c2cf.jpg -> https://egkdapqwkfprtyqvvnso.supabase.co/storage/v1/object/public/venue-photos/draft/brunch-club-pererenan/cee4d27a65d92fa9c2cf.jpg,https://xvhxyohqkkpaynrgrvvb.supabase.co/storage/v1/object/public/venue-photos/draft/brunch-club-pererenan/cee4d27a65d92fa9c2cf.jpg,fc742de0-dee1-4e28-8f0c-47a66e8c5764,draft,EXACT_PATH_MATCH
bottega-italiana,v_bottega-italiana,https://xvhxyohqkkpaynrgrvvb.supabase.co/storage/v1/object/public/venue-photos/draft/bottega-italiana/cb1292a73a931722e606.webp,draft/bottega-italiana/cb1292a73a931722e606.webp,draft/bottega-italiana/cb1292a73a931722e606.webp,draft/bottega-italiana/cb1292a73a931722e606.webp,https://egkdapqwkfprtyqvvnso.supabase.co/storage/v1/object/public/venue-photos/draft/bottega-italiana/cb1292a73a931722e606.webp,true,image/webp,447576,xvhxyohqkkpaynrgrvvb,egkdapqwkfprtyqvvnso,venue-photos,venue-photos,venues.photo_url v_bottega-italiana: https://xvhxyohqkkpaynrgrvvb.supabase.co/storage/v1/object/public/venue-photos/draft/bottega-italiana/cb1292a73a931722e606.webp -> https://egkdapqwkfprtyqvvnso.supabase.co/storage/v1/object/public/venue-photos/draft/bottega-italiana/cb1292a73a931722e606.webp,https://xvhxyohqkkpaynrgrvvb.supabase.co/storage/v1/object/public/venue-photos/draft/bottega-italiana/cb1292a73a931722e606.webp,7056f2da-502a-45a5-963c-d07e5d336acd,draft,EXACT_PATH_MATCH
jaens-spa,ed4c1bfb-8638-4df8-9735-46039ec5a4a2,https://xvhxyohqkkpaynrgrvvb.supabase.co/storage/v1/object/public/venue-photos/draft/jaens-spa/ffe0b22cfe8d24a0f3c5.webp,draft/jaens-spa/ffe0b22cfe8d24a0f3c5.webp,draft/jaens-spa/ffe0b22cfe8d24a0f3c5.webp,draft/jaens-spa/ffe0b22cfe8d24a0f3c5.webp,https://egkdapqwkfprtyqvvnso.supabase.co/storage/v1/object/public/venue-photos/draft/jaens-spa/ffe0b22cfe8d24a0f3c5.webp,true,image/webp,124560,xvhxyohqkkpaynrgrvvb,egkdapqwkfprtyqvvnso,venue-photos,venue-photos,venues.photo_url ed4c1bfb-8638-4df8-9735-46039ec5a4a2: https://xvhxyohqkkpaynrgrvvb.supabase.co/storage/v1/object/public/venue-photos/draft/jaens-spa/ffe0b22cfe8d24a0f3c5.webp -> https://egkdapqwkfprtyqvvnso.supabase.co/storage/v1/object/public/venue-photos/draft/jaens-spa/ffe0b22cfe8d24a0f3c5.webp,https://xvhxyohqkkpaynrgrvvb.supabase.co/storage/v1/object/public/venue-photos/draft/jaens-spa/ffe0b22cfe8d24a0f3c5.webp,942d4b76-ba69-4dac-bec3-9973e82742c4,draft,EXACT_PATH_MATCH
bali-botanica-spa,d65a22f4-a3e3-4788-b93d-23f3d35aa566,https://xvhxyohqkkpaynrgrvvb.supabase.co/storage/v1/object/public/venue-photos/draft/bali-botanica-spa/2b0dcf76308691297d29.jpg,draft/bali-botanica-spa/2b0dcf76308691297d29.jpg,draft/bali-botanica-spa/2b0dcf76308691297d29.jpg,draft/bali-botanica-spa/2b0dcf76308691297d29.jpg,https://egkdapqwkfprtyqvvnso.supabase.co/storage/v1/object/public/venue-photos/draft/bali-botanica-spa/2b0dcf76308691297d29.jpg,true,image/jpeg,55566,xvhxyohqkkpaynrgrvvb,egkdapqwkfprtyqvvnso,venue-photos,venue-photos,venues.photo_url d65a22f4-a3e3-4788-b93d-23f3d35aa566: https://xvhxyohqkkpaynrgrvvb.supabase.co/storage/v1/object/public/venue-photos/draft/bali-botanica-spa/2b0dcf76308691297d29.jpg -> https://egkdapqwkfprtyqvvnso.supabase.co/storage/v1/object/public/venue-photos/draft/bali-botanica-spa/2b0dcf76308691297d29.jpg,https://xvhxyohqkkpaynrgrvvb.supabase.co/storage/v1/object/public/venue-photos/draft/bali-botanica-spa/2b0dcf76308691297d29.jpg,f365ba8b-5108-4ea3-8a7e-447100259cb9,draft,EXACT_PATH_MATCH
shelter-restaurant,v_import_shelter_restaurant,https://xvhxyohqkkpaynrgrvvb.supabase.co/storage/v1/object/public/venue-photos/draft/shelter-restaurant/639b46b607a26a14f2da.webp,draft/shelter-restaurant/639b46b607a26a14f2da.webp,draft/shelter-restaurant/639b46b607a26a14f2da.webp,draft/shelter-restaurant/639b46b607a26a14f2da.webp,https://egkdapqwkfprtyqvvnso.supabase.co/storage/v1/object/public/venue-photos/draft/shelter-restaurant/639b46b607a26a14f2da.webp,true,image/webp,257968,xvhxyohqkkpaynrgrvvb,egkdapqwkfprtyqvvnso,venue-photos,venue-photos,venues.photo_url v_import_shelter_restaurant: https://xvhxyohqkkpaynrgrvvb.supabase.co/storage/v1/object/public/venue-photos/draft/shelter-restaurant/639b46b607a26a14f2da.webp -> https://egkdapqwkfprtyqvvnso.supabase.co/storage/v1/object/public/venue-photos/draft/shelter-restaurant/639b46b607a26a14f2da.webp,https://xvhxyohqkkpaynrgrvvb.supabase.co/storage/v1/object/public/venue-photos/draft/shelter-restaurant/639b46b607a26a14f2da.webp,7a97573e-8461-4647-b73a-78b2b613d013,draft,EXACT_PATH_MATCH
riviera-trattoria-pererenan,v_import_riviera_trattoria_pererenan,https://xvhxyohqkkpaynrgrvvb.supabase.co/storage/v1/object/public/venue-photos/draft/riviera-trattoria-pererenan/5a1e0d0f286d83da97b4.jpg,draft/riviera-trattoria-pererenan/5a1e0d0f286d83da97b4.jpg,draft/riviera-trattoria-pererenan/5a1e0d0f286d83da97b4.jpg,draft/riviera-trattoria-pererenan/5a1e0d0f286d83da97b4.jpg,https://egkdapqwkfprtyqvvnso.supabase.co/storage/v1/object/public/venue-photos/draft/riviera-trattoria-pererenan/5a1e0d0f286d83da97b4.jpg,true,image/jpeg,325850,xvhxyohqkkpaynrgrvvb,egkdapqwkfprtyqvvnso,venue-photos,venue-photos,venues.photo_url v_import_riviera_trattoria_pererenan: https://xvhxyohqkkpaynrgrvvb.supabase.co/storage/v1/object/public/venue-photos/draft/riviera-trattoria-pererenan/5a1e0d0f286d83da97b4.jpg -> https://egkdapqwkfprtyqvvnso.supabase.co/storage/v1/object/public/venue-photos/draft/riviera-trattoria-pererenan/5a1e0d0f286d83da97b4.jpg,https://xvhxyohqkkpaynrgrvvb.supabase.co/storage/v1/object/public/venue-photos/draft/riviera-trattoria-pererenan/5a1e0d0f286d83da97b4.jpg,e97de4ae-f951-4316-a986-097d5d895b7c,draft,EXACT_PATH_MATCH
onion-collective,v_onion-collective,https://xvhxyohqkkpaynrgrvvb.supabase.co/storage/v1/object/public/venue-photos/draft/onion-collective/e93bf5f7bbded178411c.jpg,draft/onion-collective/e93bf5f7bbded178411c.jpg,draft/onion-collective/e93bf5f7bbded178411c.jpg,draft/onion-collective/e93bf5f7bbded178411c.jpg,https://egkdapqwkfprtyqvvnso.supabase.co/storage/v1/object/public/venue-photos/draft/onion-collective/e93bf5f7bbded178411c.jpg,true,image/jpeg,251743,xvhxyohqkkpaynrgrvvb,egkdapqwkfprtyqvvnso,venue-photos,venue-photos,venues.photo_url v_onion-collective: https://xvhxyohqkkpaynrgrvvb.supabase.co/storage/v1/object/public/venue-photos/draft/onion-collective/e93bf5f7bbded178411c.jpg -> https://egkdapqwkfprtyqvvnso.supabase.co/storage/v1/object/public/venue-photos/draft/onion-collective/e93bf5f7bbded178411c.jpg,https://xvhxyohqkkpaynrgrvvb.supabase.co/storage/v1/object/public/venue-photos/draft/onion-collective/e93bf5f7bbded178411c.jpg,408b2ec7-d3c1-4ab1-9749-b56a309aad6a,draft,EXACT_PATH_MATCH
manga-madu,v_manga-madu,https://xvhxyohqkkpaynrgrvvb.supabase.co/storage/v1/object/public/venue-photos/draft/manga-madu/296ea170ae52213adaeb.jpg,draft/manga-madu/296ea170ae52213adaeb.jpg,draft/manga-madu/296ea170ae52213adaeb.jpg,draft/manga-madu/296ea170ae52213adaeb.jpg,https://egkdapqwkfprtyqvvnso.supabase.co/storage/v1/object/public/venue-photos/draft/manga-madu/296ea170ae52213adaeb.jpg,true,image/jpeg,231174,xvhxyohqkkpaynrgrvvb,egkdapqwkfprtyqvvnso,venue-photos,venue-photos,venues.photo_url v_manga-madu: https://xvhxyohqkkpaynrgrvvb.supabase.co/storage/v1/object/public/venue-photos/draft/manga-madu/296ea170ae52213adaeb.jpg -> https://egkdapqwkfprtyqvvnso.supabase.co/storage/v1/object/public/venue-photos/draft/manga-madu/296ea170ae52213adaeb.jpg,https://xvhxyohqkkpaynrgrvvb.supabase.co/storage/v1/object/public/venue-photos/draft/manga-madu/296ea170ae52213adaeb.jpg,6c1fbcf0-90ec-4e84-82cd-a899378283d0,draft,EXACT_PATH_MATCH
udara-bali-yoga-detox-and-spa-organic-ocean,v_import_udara_bali_yoga_detox_and_spa_organic_ocean,https://xvhxyohqkkpaynrgrvvb.supabase.co/storage/v1/object/public/venue-photos/draft/udara-bali-yoga-detox-and-spa-organic-ocean/04c888b70b3ed53bc9f2.jpg,draft/udara-bali-yoga-detox-and-spa-organic-ocean/04c888b70b3ed53bc9f2.jpg,draft/udara-bali-yoga-detox-and-spa-organic-ocean/04c888b70b3ed53bc9f2.jpg,draft/udara-bali-yoga-detox-and-spa-organic-ocean/04c888b70b3ed53bc9f2.jpg,https://egkdapqwkfprtyqvvnso.supabase.co/storage/v1/object/public/venue-photos/draft/udara-bali-yoga-detox-and-spa-organic-ocean/04c888b70b3ed53bc9f2.jpg,true,image/jpeg,201478,xvhxyohqkkpaynrgrvvb,egkdapqwkfprtyqvvnso,venue-photos,venue-photos,venues.photo_url v_import_udara_bali_yoga_detox_and_spa_organic_ocean: https://xvhxyohqkkpaynrgrvvb.supabase.co/storage/v1/object/public/venue-photos/draft/udara-bali-yoga-detox-and-spa-organic-ocean/04c888b70b3ed53bc9f2.jpg -> https://egkdapqwkfprtyqvvnso.supabase.co/storage/v1/object/public/venue-photos/draft/udara-bali-yoga-detox-and-spa-organic-ocean/04c888b70b3ed53bc9f2.jpg,https://xvhxyohqkkpaynrgrvvb.supabase.co/storage/v1/object/public/venue-photos/draft/udara-bali-yoga-detox-and-spa-organic-ocean/04c888b70b3ed53bc9f2.jpg,dde009ee-cc96-409c-ad00-7b9d284d2d8b,draft,EXACT_PATH_MATCH
donna-ubud,v_donna-ubud,https://xvhxyohqkkpaynrgrvvb.supabase.co/storage/v1/object/public/venue-photos/draft/donna-ubud/33bcb872478ae2a69c56.jpg,draft/donna-ubud/33bcb872478ae2a69c56.jpg,draft/donna-ubud/33bcb872478ae2a69c56.jpg,draft/donna-ubud/33bcb872478ae2a69c56.jpg,https://egkdapqwkfprtyqvvnso.supabase.co/storage/v1/object/public/venue-photos/draft/donna-ubud/33bcb872478ae2a69c56.jpg,true,image/jpeg,81870,xvhxyohqkkpaynrgrvvb,egkdapqwkfprtyqvvnso,venue-photos,venue-photos,venues.photo_url v_donna-ubud: https://xvhxyohqkkpaynrgrvvb.supabase.co/storage/v1/object/public/venue-photos/draft/donna-ubud/33bcb872478ae2a69c56.jpg -> https://egkdapqwkfprtyqvvnso.supabase.co/storage/v1/object/public/venue-photos/draft/donna-ubud/33bcb872478ae2a69c56.jpg,https://xvhxyohqkkpaynrgrvvb.supabase.co/storage/v1/object/public/venue-photos/draft/donna-ubud/33bcb872478ae2a69c56.jpg,3a7709bc-91be-4005-8b68-8939f75096fa,draft,EXACT_PATH_MATCH
finns-beach-club,v_finns-beach-club,https://xvhxyohqkkpaynrgrvvb.supabase.co/storage/v1/object/public/venue-photos/draft/finns-beach-club/0dda91dae3b2358c51df.jpg,draft/finns-beach-club/0dda91dae3b2358c51df.jpg,draft/finns-beach-club/0dda91dae3b2358c51df.jpg,draft/finns-beach-club/0dda91dae3b2358c51df.jpg,https://egkdapqwkfprtyqvvnso.supabase.co/storage/v1/object/public/venue-photos/draft/finns-beach-club/0dda91dae3b2358c51df.jpg,true,image/jpeg,305198,xvhxyohqkkpaynrgrvvb,egkdapqwkfprtyqvvnso,venue-photos,venue-photos,venues.photo_url v_finns-beach-club: https://xvhxyohqkkpaynrgrvvb.supabase.co/storage/v1/object/public/venue-photos/draft/finns-beach-club/0dda91dae3b2358c51df.jpg -> https://egkdapqwkfprtyqvvnso.supabase.co/storage/v1/object/public/venue-photos/draft/finns-beach-club/0dda91dae3b2358c51df.jpg,https://xvhxyohqkkpaynrgrvvb.supabase.co/storage/v1/object/public/venue-photos/draft/finns-beach-club/0dda91dae3b2358c51df.jpg,a6d1dc22-8140-4d3c-9e5d-d000c0a626c1,draft,EXACT_PATH_MATCH
ulekan-berawa,v_import_ulekan_berawa,https://xvhxyohqkkpaynrgrvvb.supabase.co/storage/v1/object/public/venue-photos/draft/ulekan-berawa/c2e1119aaf5c88c1b543.jpg,draft/ulekan-berawa/c2e1119aaf5c88c1b543.jpg,draft/ulekan-berawa/c2e1119aaf5c88c1b543.jpg,draft/ulekan-berawa/c2e1119aaf5c88c1b543.jpg,https://egkdapqwkfprtyqvvnso.supabase.co/storage/v1/object/public/venue-photos/draft/ulekan-berawa/c2e1119aaf5c88c1b543.jpg,true,image/jpeg,30776,xvhxyohqkkpaynrgrvvb,egkdapqwkfprtyqvvnso,venue-photos,venue-photos,venues.photo_url v_import_ulekan_berawa: https://xvhxyohqkkpaynrgrvvb.supabase.co/storage/v1/object/public/venue-photos/draft/ulekan-berawa/c2e1119aaf5c88c1b543.jpg -> https://egkdapqwkfprtyqvvnso.supabase.co/storage/v1/object/public/venue-photos/draft/ulekan-berawa/c2e1119aaf5c88c1b543.jpg,https://xvhxyohqkkpaynrgrvvb.supabase.co/storage/v1/object/public/venue-photos/draft/ulekan-berawa/c2e1119aaf5c88c1b543.jpg,096bf5a9-2bbc-43e0-8b8e-0e8b672bd70c,draft,EXACT_PATH_MATCH
gelato-secrets-ubud,v_gelato-secrets-ubud,https://xvhxyohqkkpaynrgrvvb.supabase.co/storage/v1/object/public/venue-photos/draft/gelato-secrets-ubud/9fb7902242711f41ee1e.jpg,draft/gelato-secrets-ubud/9fb7902242711f41ee1e.jpg,draft/gelato-secrets-ubud/9fb7902242711f41ee1e.jpg,draft/gelato-secrets-ubud/9fb7902242711f41ee1e.jpg,https://egkdapqwkfprtyqvvnso.supabase.co/storage/v1/object/public/venue-photos/draft/gelato-secrets-ubud/9fb7902242711f41ee1e.jpg,true,image/jpeg,101301,xvhxyohqkkpaynrgrvvb,egkdapqwkfprtyqvvnso,venue-photos,venue-photos,venues.photo_url v_gelato-secrets-ubud: https://xvhxyohqkkpaynrgrvvb.supabase.co/storage/v1/object/public/venue-photos/draft/gelato-secrets-ubud/9fb7902242711f41ee1e.jpg -> https://egkdapqwkfprtyqvvnso.supabase.co/storage/v1/object/public/venue-photos/draft/gelato-secrets-ubud/9fb7902242711f41ee1e.jpg,https://xvhxyohqkkpaynrgrvvb.supabase.co/storage/v1/object/public/venue-photos/draft/gelato-secrets-ubud/9fb7902242711f41ee1e.jpg,ca3b4941-2886-4dc2-b4e3-5da274507898,draft,EXACT_PATH_MATCH
estetica-belle,v_import_estetica_belle,https://xvhxyohqkkpaynrgrvvb.supabase.co/storage/v1/object/public/venue-photos/draft/estetica-belle/ce0b23122ba651781fdb.jpg,draft/estetica-belle/ce0b23122ba651781fdb.jpg,draft/estetica-belle/ce0b23122ba651781fdb.jpg,draft/estetica-belle/ce0b23122ba651781fdb.jpg,https://egkdapqwkfprtyqvvnso.supabase.co/storage/v1/object/public/venue-photos/draft/estetica-belle/ce0b23122ba651781fdb.jpg,true,image/jpeg,931033,xvhxyohqkkpaynrgrvvb,egkdapqwkfprtyqvvnso,venue-photos,venue-photos,venues.photo_url v_import_estetica_belle: https://xvhxyohqkkpaynrgrvvb.supabase.co/storage/v1/object/public/venue-photos/draft/estetica-belle/ce0b23122ba651781fdb.jpg -> https://egkdapqwkfprtyqvvnso.supabase.co/storage/v1/object/public/venue-photos/draft/estetica-belle/ce0b23122ba651781fdb.jpg,https://xvhxyohqkkpaynrgrvvb.supabase.co/storage/v1/object/public/venue-photos/draft/estetica-belle/ce0b23122ba651781fdb.jpg,f4a8f5c7-b199-4a13-b815-69eac3e09972,draft,EXACT_PATH_MATCH
cutiepai-nails,v_import_cutiepai_nails,https://xvhxyohqkkpaynrgrvvb.supabase.co/storage/v1/object/public/venue-photos/draft/cutiepai-nails/4037b285c2e3092c3774.png,draft/cutiepai-nails/4037b285c2e3092c3774.png,draft/cutiepai-nails/4037b285c2e3092c3774.png,draft/cutiepai-nails/4037b285c2e3092c3774.png,https://egkdapqwkfprtyqvvnso.supabase.co/storage/v1/object/public/venue-photos/draft/cutiepai-nails/4037b285c2e3092c3774.png,true,image/png,2702095,xvhxyohqkkpaynrgrvvb,egkdapqwkfprtyqvvnso,venue-photos,venue-photos,venues.photo_url v_import_cutiepai_nails: https://xvhxyohqkkpaynrgrvvb.supabase.co/storage/v1/object/public/venue-photos/draft/cutiepai-nails/4037b285c2e3092c3774.png -> https://egkdapqwkfprtyqvvnso.supabase.co/storage/v1/object/public/venue-photos/draft/cutiepai-nails/4037b285c2e3092c3774.png,https://xvhxyohqkkpaynrgrvvb.supabase.co/storage/v1/object/public/venue-photos/draft/cutiepai-nails/4037b285c2e3092c3774.png,da6572cd-2c36-46eb-a3b5-71f2546e5515,draft,EXACT_PATH_MATCH
fair-warung-bale,v_import_fair_warung_bale,https://xvhxyohqkkpaynrgrvvb.supabase.co/storage/v1/object/public/venue-photos/draft/fair-warung-bale/3dea8497b859a1804fd3.jpg,draft/fair-warung-bale/3dea8497b859a1804fd3.jpg,draft/fair-warung-bale/3dea8497b859a1804fd3.jpg,draft/fair-warung-bale/3dea8497b859a1804fd3.jpg,https://egkdapqwkfprtyqvvnso.supabase.co/storage/v1/object/public/venue-photos/draft/fair-warung-bale/3dea8497b859a1804fd3.jpg,true,image/jpeg,366640,xvhxyohqkkpaynrgrvvb,egkdapqwkfprtyqvvnso,venue-photos,venue-photos,venues.photo_url v_import_fair_warung_bale: https://xvhxyohqkkpaynrgrvvb.supabase.co/storage/v1/object/public/venue-photos/draft/fair-warung-bale/3dea8497b859a1804fd3.jpg -> https://egkdapqwkfprtyqvvnso.supabase.co/storage/v1/object/public/venue-photos/draft/fair-warung-bale/3dea8497b859a1804fd3.jpg,https://xvhxyohqkkpaynrgrvvb.supabase.co/storage/v1/object/public/venue-photos/draft/fair-warung-bale/3dea8497b859a1804fd3.jpg,3690109c-8053-4c1c-807e-45b10323ab5e,draft,EXACT_PATH_MATCH
nude-berawa,v_nude-berawa,https://xvhxyohqkkpaynrgrvvb.supabase.co/storage/v1/object/public/venue-photos/draft/nude-berawa/58a4ad26f829a3ad1d81.webp,draft/nude-berawa/58a4ad26f829a3ad1d81.webp,draft/nude-berawa/58a4ad26f829a3ad1d81.webp,draft/nude-berawa/58a4ad26f829a3ad1d81.webp,https://egkdapqwkfprtyqvvnso.supabase.co/storage/v1/object/public/venue-photos/draft/nude-berawa/58a4ad26f829a3ad1d81.webp,true,image/webp,1244050,xvhxyohqkkpaynrgrvvb,egkdapqwkfprtyqvvnso,venue-photos,venue-photos,venues.photo_url v_nude-berawa: https://xvhxyohqkkpaynrgrvvb.supabase.co/storage/v1/object/public/venue-photos/draft/nude-berawa/58a4ad26f829a3ad1d81.webp -> https://egkdapqwkfprtyqvvnso.supabase.co/storage/v1/object/public/venue-photos/draft/nude-berawa/58a4ad26f829a3ad1d81.webp,https://xvhxyohqkkpaynrgrvvb.supabase.co/storage/v1/object/public/venue-photos/draft/nude-berawa/58a4ad26f829a3ad1d81.webp,c7fd6c69-e4cb-4011-baba-0bc92e8d1ad2,draft,EXACT_PATH_MATCH
bali-bohemia,v_bali-bohemia,https://xvhxyohqkkpaynrgrvvb.supabase.co/storage/v1/object/public/venue-photos/draft/bali-bohemia/8b25568274b72c396145.jpg,draft/bali-bohemia/8b25568274b72c396145.jpg,draft/bali-bohemia/8b25568274b72c396145.jpg,draft/bali-bohemia/8b25568274b72c396145.jpg,https://egkdapqwkfprtyqvvnso.supabase.co/storage/v1/object/public/venue-photos/draft/bali-bohemia/8b25568274b72c396145.jpg,true,image/jpeg,161707,xvhxyohqkkpaynrgrvvb,egkdapqwkfprtyqvvnso,venue-photos,venue-photos,venues.photo_url v_bali-bohemia: https://xvhxyohqkkpaynrgrvvb.supabase.co/storage/v1/object/public/venue-photos/draft/bali-bohemia/8b25568274b72c396145.jpg -> https://egkdapqwkfprtyqvvnso.supabase.co/storage/v1/object/public/venue-photos/draft/bali-bohemia/8b25568274b72c396145.jpg,https://xvhxyohqkkpaynrgrvvb.supabase.co/storage/v1/object/public/venue-photos/draft/bali-bohemia/8b25568274b72c396145.jpg,6a149b20-7271-48c7-9d42-eca6100dce0e,draft,EXACT_PATH_MATCH
jungle-padel-canggu-shortcut,v_import_jungle_padel_canggu_shortcut,https://xvhxyohqkkpaynrgrvvb.supabase.co/storage/v1/object/public/venue-photos/draft/jungle-padel-canggu-shortcut/7918cd2ef2c6764ee5b3.jpg,draft/jungle-padel-canggu-shortcut/7918cd2ef2c6764ee5b3.jpg,draft/jungle-padel-canggu-shortcut/7918cd2ef2c6764ee5b3.jpg,draft/jungle-padel-canggu-shortcut/7918cd2ef2c6764ee5b3.jpg,https://egkdapqwkfprtyqvvnso.supabase.co/storage/v1/object/public/venue-photos/draft/jungle-padel-canggu-shortcut/7918cd2ef2c6764ee5b3.jpg,true,image/jpeg,804963,xvhxyohqkkpaynrgrvvb,egkdapqwkfprtyqvvnso,venue-photos,venue-photos,venues.photo_url v_import_jungle_padel_canggu_shortcut: https://xvhxyohqkkpaynrgrvvb.supabase.co/storage/v1/object/public/venue-photos/draft/jungle-padel-canggu-shortcut/7918cd2ef2c6764ee5b3.jpg -> https://egkdapqwkfprtyqvvnso.supabase.co/storage/v1/object/public/venue-photos/draft/jungle-padel-canggu-shortcut/7918cd2ef2c6764ee5b3.jpg,https://xvhxyohqkkpaynrgrvvb.supabase.co/storage/v1/object/public/venue-photos/draft/jungle-padel-canggu-shortcut/7918cd2ef2c6764ee5b3.jpg,7c3899c6-7e99-450e-b6bf-0720731f69a0,draft,EXACT_PATH_MATCH
finns-recreation-club-finns-lifestyle-village,v_import_finns_recreation_club_finns_lifestyle_village,https://xvhxyohqkkpaynrgrvvb.supabase.co/storage/v1/object/public/venue-photos/draft/finns-recreation-club-finns-lifestyle-village/c6fde7083e7d088fa35c.jpg,draft/finns-recreation-club-finns-lifestyle-village/c6fde7083e7d088fa35c.jpg,draft/finns-recreation-club-finns-lifestyle-village/c6fde7083e7d088fa35c.jpg,draft/finns-recreation-club-finns-lifestyle-village/c6fde7083e7d088fa35c.jpg,https://egkdapqwkfprtyqvvnso.supabase.co/storage/v1/object/public/venue-photos/draft/finns-recreation-club-finns-lifestyle-village/c6fde7083e7d088fa35c.jpg,true,image/jpeg,516555,xvhxyohqkkpaynrgrvvb,egkdapqwkfprtyqvvnso,venue-photos,venue-photos,venues.photo_url v_import_finns_recreation_club_finns_lifestyle_village: https://xvhxyohqkkpaynrgrvvb.supabase.co/storage/v1/object/public/venue-photos/draft/finns-recreation-club-finns-lifestyle-village/c6fde7083e7d088fa35c.jpg -> https://egkdapqwkfprtyqvvnso.supabase.co/storage/v1/object/public/venue-photos/draft/finns-recreation-club-finns-lifestyle-village/c6fde7083e7d088fa35c.jpg,https://xvhxyohqkkpaynrgrvvb.supabase.co/storage/v1/object/public/venue-photos/draft/finns-recreation-club-finns-lifestyle-village/c6fde7083e7d088fa35c.jpg,020378e7-ed83-407e-89da-a3e80550bec7,draft,EXACT_PATH_MATCH
yuki-canggu,v_import_yuki_canggu,https://xvhxyohqkkpaynrgrvvb.supabase.co/storage/v1/object/public/venue-photos/draft/yuki-canggu/2a2dae22053c973915ae.png,draft/yuki-canggu/2a2dae22053c973915ae.png,draft/yuki-canggu/2a2dae22053c973915ae.png,draft/yuki-canggu/2a2dae22053c973915ae.png,https://egkdapqwkfprtyqvvnso.supabase.co/storage/v1/object/public/venue-photos/draft/yuki-canggu/2a2dae22053c973915ae.png,true,image/png,1304378,xvhxyohqkkpaynrgrvvb,egkdapqwkfprtyqvvnso,venue-photos,venue-photos,venues.photo_url v_import_yuki_canggu: https://xvhxyohqkkpaynrgrvvb.supabase.co/storage/v1/object/public/venue-photos/draft/yuki-canggu/2a2dae22053c973915ae.png -> https://egkdapqwkfprtyqvvnso.supabase.co/storage/v1/object/public/venue-photos/draft/yuki-canggu/2a2dae22053c973915ae.png,https://xvhxyohqkkpaynrgrvvb.supabase.co/storage/v1/object/public/venue-photos/draft/yuki-canggu/2a2dae22053c973915ae.png,5adbc23f-4559-4a76-8bac-8ad42de7c45b,draft,EXACT_PATH_MATCH
seeds-of-life,v_seeds-of-life,https://xvhxyohqkkpaynrgrvvb.supabase.co/storage/v1/object/public/venue-photos/draft/seeds-of-life/821eaafb6d1a0be42850.jpg,draft/seeds-of-life/821eaafb6d1a0be42850.jpg,draft/seeds-of-life/821eaafb6d1a0be42850.jpg,draft/seeds-of-life/821eaafb6d1a0be42850.jpg,https://egkdapqwkfprtyqvvnso.supabase.co/storage/v1/object/public/venue-photos/draft/seeds-of-life/821eaafb6d1a0be42850.jpg,true,image/jpeg,670775,xvhxyohqkkpaynrgrvvb,egkdapqwkfprtyqvvnso,venue-photos,venue-photos,venues.photo_url v_seeds-of-life: https://xvhxyohqkkpaynrgrvvb.supabase.co/storage/v1/object/public/venue-photos/draft/seeds-of-life/821eaafb6d1a0be42850.jpg -> https://egkdapqwkfprtyqvvnso.supabase.co/storage/v1/object/public/venue-photos/draft/seeds-of-life/821eaafb6d1a0be42850.jpg,https://xvhxyohqkkpaynrgrvvb.supabase.co/storage/v1/object/public/venue-photos/draft/seeds-of-life/821eaafb6d1a0be42850.jpg,c75258ab-57c0-4853-be6e-0153974facc2,draft,EXACT_PATH_MATCH
only-nails-pererenan,v_import_only_nails_pererenan,https://xvhxyohqkkpaynrgrvvb.supabase.co/storage/v1/object/public/venue-photos/draft/only-nails-pererenan/ee66018da0ca48dd4fbb.webp,draft/only-nails-pererenan/ee66018da0ca48dd4fbb.webp,draft/only-nails-pererenan/ee66018da0ca48dd4fbb.webp,draft/only-nails-pererenan/ee66018da0ca48dd4fbb.webp,https://egkdapqwkfprtyqvvnso.supabase.co/storage/v1/object/public/venue-photos/draft/only-nails-pererenan/ee66018da0ca48dd4fbb.webp,true,image/webp,143206,xvhxyohqkkpaynrgrvvb,egkdapqwkfprtyqvvnso,venue-photos,venue-photos,venues.photo_url v_import_only_nails_pererenan: https://xvhxyohqkkpaynrgrvvb.supabase.co/storage/v1/object/public/venue-photos/draft/only-nails-pererenan/ee66018da0ca48dd4fbb.webp -> https://egkdapqwkfprtyqvvnso.supabase.co/storage/v1/object/public/venue-photos/draft/only-nails-pererenan/ee66018da0ca48dd4fbb.webp,https://xvhxyohqkkpaynrgrvvb.supabase.co/storage/v1/object/public/venue-photos/draft/only-nails-pererenan/ee66018da0ca48dd4fbb.webp,465c1a5b-5fa9-4055-8c09-232ea71dd175,draft,EXACT_PATH_MATCH
two-face-canggu,v_import_two_face_canggu,https://xvhxyohqkkpaynrgrvvb.supabase.co/storage/v1/object/public/venue-photos/draft/two-face-canggu/48f27b2928c75e2540d8.webp,draft/two-face-canggu/48f27b2928c75e2540d8.webp,draft/two-face-canggu/48f27b2928c75e2540d8.webp,draft/two-face-canggu/48f27b2928c75e2540d8.webp,https://egkdapqwkfprtyqvvnso.supabase.co/storage/v1/object/public/venue-photos/draft/two-face-canggu/48f27b2928c75e2540d8.webp,true,image/webp,190360,xvhxyohqkkpaynrgrvvb,egkdapqwkfprtyqvvnso,venue-photos,venue-photos,venues.photo_url v_import_two_face_canggu: https://xvhxyohqkkpaynrgrvvb.supabase.co/storage/v1/object/public/venue-photos/draft/two-face-canggu/48f27b2928c75e2540d8.webp -> https://egkdapqwkfprtyqvvnso.supabase.co/storage/v1/object/public/venue-photos/draft/two-face-canggu/48f27b2928c75e2540d8.webp,https://xvhxyohqkkpaynrgrvvb.supabase.co/storage/v1/object/public/venue-photos/draft/two-face-canggu/48f27b2928c75e2540d8.webp,4552b9a9-6f1e-4895-a5bc-6bd9ae9cfd62,draft,EXACT_PATH_MATCH
como-beach-club-canggu,v_import_como_beach_club_canggu,https://xvhxyohqkkpaynrgrvvb.supabase.co/storage/v1/object/public/venue-photos/draft/como-beach-club-canggu/2ca5c425fff7d51e1cad.jpg,draft/como-beach-club-canggu/2ca5c425fff7d51e1cad.jpg,draft/como-beach-club-canggu/2ca5c425fff7d51e1cad.jpg,draft/como-beach-club-canggu/2ca5c425fff7d51e1cad.jpg,https://egkdapqwkfprtyqvvnso.supabase.co/storage/v1/object/public/venue-photos/draft/como-beach-club-canggu/2ca5c425fff7d51e1cad.jpg,true,image/jpeg,156023,xvhxyohqkkpaynrgrvvb,egkdapqwkfprtyqvvnso,venue-photos,venue-photos,venues.photo_url v_import_como_beach_club_canggu: https://xvhxyohqkkpaynrgrvvb.supabase.co/storage/v1/object/public/venue-photos/draft/como-beach-club-canggu/2ca5c425fff7d51e1cad.jpg -> https://egkdapqwkfprtyqvvnso.supabase.co/storage/v1/object/public/venue-photos/draft/como-beach-club-canggu/2ca5c425fff7d51e1cad.jpg,https://xvhxyohqkkpaynrgrvvb.supabase.co/storage/v1/object/public/venue-photos/draft/como-beach-club-canggu/2ca5c425fff7d51e1cad.jpg,9604550f-e6a8-476a-90ab-37279e3ce9d0,draft,EXACT_PATH_MATCH
svaha-spa,a84991fe-5d80-4985-a364-555e7347d789,https://xvhxyohqkkpaynrgrvvb.supabase.co/storage/v1/object/public/venue-photos/draft/svaha-spa/bda5dff76adffb9fbbb1.jpg,draft/svaha-spa/bda5dff76adffb9fbbb1.jpg,draft/svaha-spa/bda5dff76adffb9fbbb1.jpg,draft/svaha-spa/bda5dff76adffb9fbbb1.jpg,https://egkdapqwkfprtyqvvnso.supabase.co/storage/v1/object/public/venue-photos/draft/svaha-spa/bda5dff76adffb9fbbb1.jpg,true,image/jpeg,85112,xvhxyohqkkpaynrgrvvb,egkdapqwkfprtyqvvnso,venue-photos,venue-photos,venues.photo_url a84991fe-5d80-4985-a364-555e7347d789: https://xvhxyohqkkpaynrgrvvb.supabase.co/storage/v1/object/public/venue-photos/draft/svaha-spa/bda5dff76adffb9fbbb1.jpg -> https://egkdapqwkfprtyqvvnso.supabase.co/storage/v1/object/public/venue-photos/draft/svaha-spa/bda5dff76adffb9fbbb1.jpg,https://xvhxyohqkkpaynrgrvvb.supabase.co/storage/v1/object/public/venue-photos/draft/svaha-spa/bda5dff76adffb9fbbb1.jpg,f2853d08-b1c5-4bc6-9b6e-71088452bae9,draft,EXACT_PATH_MATCH
lulu-bistrot,v_import_lulu_bistrot,https://xvhxyohqkkpaynrgrvvb.supabase.co/storage/v1/object/public/venue-photos/draft/lulu-bistrot/dd6b8d1d91ff1d865c79.webp,draft/lulu-bistrot/dd6b8d1d91ff1d865c79.webp,draft/lulu-bistrot/dd6b8d1d91ff1d865c79.webp,draft/lulu-bistrot/dd6b8d1d91ff1d865c79.webp,https://egkdapqwkfprtyqvvnso.supabase.co/storage/v1/object/public/venue-photos/draft/lulu-bistrot/dd6b8d1d91ff1d865c79.webp,true,image/webp,422722,xvhxyohqkkpaynrgrvvb,egkdapqwkfprtyqvvnso,venue-photos,venue-photos,venues.photo_url v_import_lulu_bistrot: https://xvhxyohqkkpaynrgrvvb.supabase.co/storage/v1/object/public/venue-photos/draft/lulu-bistrot/dd6b8d1d91ff1d865c79.webp -> https://egkdapqwkfprtyqvvnso.supabase.co/storage/v1/object/public/venue-photos/draft/lulu-bistrot/dd6b8d1d91ff1d865c79.webp,https://xvhxyohqkkpaynrgrvvb.supabase.co/storage/v1/object/public/venue-photos/draft/lulu-bistrot/dd6b8d1d91ff1d865c79.webp,9dc46421-1904-4482-9b3c-d20c7991bb2a,draft,EXACT_PATH_MATCH
mozaic,v_mozaic,https://xvhxyohqkkpaynrgrvvb.supabase.co/storage/v1/object/public/venue-photos/draft/mozaic/421df8885f017b33c1e4.jpg,draft/mozaic/421df8885f017b33c1e4.jpg,draft/mozaic/421df8885f017b33c1e4.jpg,draft/mozaic/421df8885f017b33c1e4.jpg,https://egkdapqwkfprtyqvvnso.supabase.co/storage/v1/object/public/venue-photos/draft/mozaic/421df8885f017b33c1e4.jpg,true,image/jpeg,142349,xvhxyohqkkpaynrgrvvb,egkdapqwkfprtyqvvnso,venue-photos,venue-photos,venues.photo_url v_mozaic: https://xvhxyohqkkpaynrgrvvb.supabase.co/storage/v1/object/public/venue-photos/draft/mozaic/421df8885f017b33c1e4.jpg -> https://egkdapqwkfprtyqvvnso.supabase.co/storage/v1/object/public/venue-photos/draft/mozaic/421df8885f017b33c1e4.jpg,https://xvhxyohqkkpaynrgrvvb.supabase.co/storage/v1/object/public/venue-photos/draft/mozaic/421df8885f017b33c1e4.jpg,14ce75f8-0a9f-483b-b808-1cbbdebd5bbd,approved,EXACT_PATH_MATCH
bgs-uluwatu,v_import_bgs_uluwatu,https://xvhxyohqkkpaynrgrvvb.supabase.co/storage/v1/object/public/venue-photos/draft/bgs-uluwatu/ed3535cbe4c6c0dc2ebf.webp,draft/bgs-uluwatu/ed3535cbe4c6c0dc2ebf.webp,draft/bgs-uluwatu/ed3535cbe4c6c0dc2ebf.webp,draft/bgs-uluwatu/ed3535cbe4c6c0dc2ebf.webp,https://egkdapqwkfprtyqvvnso.supabase.co/storage/v1/object/public/venue-photos/draft/bgs-uluwatu/ed3535cbe4c6c0dc2ebf.webp,true,image/webp,577314,xvhxyohqkkpaynrgrvvb,egkdapqwkfprtyqvvnso,venue-photos,venue-photos,venues.photo_url v_import_bgs_uluwatu: https://xvhxyohqkkpaynrgrvvb.supabase.co/storage/v1/object/public/venue-photos/draft/bgs-uluwatu/ed3535cbe4c6c0dc2ebf.webp -> https://egkdapqwkfprtyqvvnso.supabase.co/storage/v1/object/public/venue-photos/draft/bgs-uluwatu/ed3535cbe4c6c0dc2ebf.webp,https://xvhxyohqkkpaynrgrvvb.supabase.co/storage/v1/object/public/venue-photos/draft/bgs-uluwatu/ed3535cbe4c6c0dc2ebf.webp,507db2e9-87ef-4acf-90d8-e0196d0ed9d8,draft,EXACT_PATH_MATCH
kala-uluwatu,v_import_kala_uluwatu,https://xvhxyohqkkpaynrgrvvb.supabase.co/storage/v1/object/public/venue-photos/draft/kala-uluwatu/3184ae0466135d6740b5.jpg,draft/kala-uluwatu/3184ae0466135d6740b5.jpg,draft/kala-uluwatu/3184ae0466135d6740b5.jpg,draft/kala-uluwatu/3184ae0466135d6740b5.jpg,https://egkdapqwkfprtyqvvnso.supabase.co/storage/v1/object/public/venue-photos/draft/kala-uluwatu/3184ae0466135d6740b5.jpg,true,image/jpeg,407346,xvhxyohqkkpaynrgrvvb,egkdapqwkfprtyqvvnso,venue-photos,venue-photos,venues.photo_url v_import_kala_uluwatu: https://xvhxyohqkkpaynrgrvvb.supabase.co/storage/v1/object/public/venue-photos/draft/kala-uluwatu/3184ae0466135d6740b5.jpg -> https://egkdapqwkfprtyqvvnso.supabase.co/storage/v1/object/public/venue-photos/draft/kala-uluwatu/3184ae0466135d6740b5.jpg,https://xvhxyohqkkpaynrgrvvb.supabase.co/storage/v1/object/public/venue-photos/draft/kala-uluwatu/3184ae0466135d6740b5.jpg,4e7e788c-6d73-449e-869a-ee2746190354,draft,EXACT_PATH_MATCH
mana-uluwatu,v_import_mana_uluwatu,https://xvhxyohqkkpaynrgrvvb.supabase.co/storage/v1/object/public/venue-photos/draft/mana-uluwatu/f0cf3a42ebedfd14e7bf.jpg,draft/mana-uluwatu/f0cf3a42ebedfd14e7bf.jpg,draft/mana-uluwatu/f0cf3a42ebedfd14e7bf.jpg,draft/mana-uluwatu/f0cf3a42ebedfd14e7bf.jpg,https://egkdapqwkfprtyqvvnso.supabase.co/storage/v1/object/public/venue-photos/draft/mana-uluwatu/f0cf3a42ebedfd14e7bf.jpg,true,image/jpeg,673402,xvhxyohqkkpaynrgrvvb,egkdapqwkfprtyqvvnso,venue-photos,venue-photos,venues.photo_url v_import_mana_uluwatu: https://xvhxyohqkkpaynrgrvvb.supabase.co/storage/v1/object/public/venue-photos/draft/mana-uluwatu/f0cf3a42ebedfd14e7bf.jpg -> https://egkdapqwkfprtyqvvnso.supabase.co/storage/v1/object/public/venue-photos/draft/mana-uluwatu/f0cf3a42ebedfd14e7bf.jpg,https://xvhxyohqkkpaynrgrvvb.supabase.co/storage/v1/object/public/venue-photos/draft/mana-uluwatu/f0cf3a42ebedfd14e7bf.jpg,958f6106-c6b0-425c-894c-7f3479c97f25,draft,EXACT_PATH_MATCH
waatu,v_import_waatu,https://xvhxyohqkkpaynrgrvvb.supabase.co/storage/v1/object/public/venue-photos/draft/waatu/ad0b4a72837caa74a27f.webp,draft/waatu/ad0b4a72837caa74a27f.webp,draft/waatu/ad0b4a72837caa74a27f.webp,draft/waatu/ad0b4a72837caa74a27f.webp,https://egkdapqwkfprtyqvvnso.supabase.co/storage/v1/object/public/venue-photos/draft/waatu/ad0b4a72837caa74a27f.webp,true,image/webp,226402,xvhxyohqkkpaynrgrvvb,egkdapqwkfprtyqvvnso,venue-photos,venue-photos,venues.photo_url v_import_waatu: https://xvhxyohqkkpaynrgrvvb.supabase.co/storage/v1/object/public/venue-photos/draft/waatu/ad0b4a72837caa74a27f.webp -> https://egkdapqwkfprtyqvvnso.supabase.co/storage/v1/object/public/venue-photos/draft/waatu/ad0b4a72837caa74a27f.webp,https://xvhxyohqkkpaynrgrvvb.supabase.co/storage/v1/object/public/venue-photos/draft/waatu/ad0b4a72837caa74a27f.webp,af77d00d-fa01-4992-b01c-9ca749a9fe3b,draft,EXACT_PATH_MATCH
suka-espresso,v_import_suka_espresso,https://xvhxyohqkkpaynrgrvvb.supabase.co/storage/v1/object/public/venue-photos/draft/suka-espresso/a1c3cfb3f55025cd3026.webp,draft/suka-espresso/a1c3cfb3f55025cd3026.webp,draft/suka-espresso/a1c3cfb3f55025cd3026.webp,draft/suka-espresso/a1c3cfb3f55025cd3026.webp,https://egkdapqwkfprtyqvvnso.supabase.co/storage/v1/object/public/venue-photos/draft/suka-espresso/a1c3cfb3f55025cd3026.webp,true,image/webp,212392,xvhxyohqkkpaynrgrvvb,egkdapqwkfprtyqvvnso,venue-photos,venue-photos,venues.photo_url v_import_suka_espresso: https://xvhxyohqkkpaynrgrvvb.supabase.co/storage/v1/object/public/venue-photos/draft/suka-espresso/a1c3cfb3f55025cd3026.webp -> https://egkdapqwkfprtyqvvnso.supabase.co/storage/v1/object/public/venue-photos/draft/suka-espresso/a1c3cfb3f55025cd3026.webp,https://xvhxyohqkkpaynrgrvvb.supabase.co/storage/v1/object/public/venue-photos/draft/suka-espresso/a1c3cfb3f55025cd3026.webp,83d4cfcd-74eb-4d7d-a98e-c599fcc32610,draft,EXACT_PATH_MATCH
yuki-uluwatu,v_import_yuki_uluwatu,https://xvhxyohqkkpaynrgrvvb.supabase.co/storage/v1/object/public/venue-photos/draft/yuki-uluwatu/2a2dae22053c973915ae.png,draft/yuki-uluwatu/2a2dae22053c973915ae.png,draft/yuki-uluwatu/2a2dae22053c973915ae.png,draft/yuki-uluwatu/2a2dae22053c973915ae.png,https://egkdapqwkfprtyqvvnso.supabase.co/storage/v1/object/public/venue-photos/draft/yuki-uluwatu/2a2dae22053c973915ae.png,true,image/png,1304378,xvhxyohqkkpaynrgrvvb,egkdapqwkfprtyqvvnso,venue-photos,venue-photos,venues.photo_url v_import_yuki_uluwatu: https://xvhxyohqkkpaynrgrvvb.supabase.co/storage/v1/object/public/venue-photos/draft/yuki-uluwatu/2a2dae22053c973915ae.png -> https://egkdapqwkfprtyqvvnso.supabase.co/storage/v1/object/public/venue-photos/draft/yuki-uluwatu/2a2dae22053c973915ae.png,https://xvhxyohqkkpaynrgrvvb.supabase.co/storage/v1/object/public/venue-photos/draft/yuki-uluwatu/2a2dae22053c973915ae.png,66eaa782-143b-4628-ace5-f4f320e4517a,draft,EXACT_PATH_MATCH
white-rock-beach-club,v_import_white_rock_beach_club,https://xvhxyohqkkpaynrgrvvb.supabase.co/storage/v1/object/public/venue-photos/draft/white-rock-beach-club/f6dfdb422ad768ac793a.jpg,draft/white-rock-beach-club/f6dfdb422ad768ac793a.jpg,draft/white-rock-beach-club/f6dfdb422ad768ac793a.jpg,draft/white-rock-beach-club/f6dfdb422ad768ac793a.jpg,https://egkdapqwkfprtyqvvnso.supabase.co/storage/v1/object/public/venue-photos/draft/white-rock-beach-club/f6dfdb422ad768ac793a.jpg,true,image/jpeg,296480,xvhxyohqkkpaynrgrvvb,egkdapqwkfprtyqvvnso,venue-photos,venue-photos,venues.photo_url v_import_white_rock_beach_club: https://xvhxyohqkkpaynrgrvvb.supabase.co/storage/v1/object/public/venue-photos/draft/white-rock-beach-club/f6dfdb422ad768ac793a.jpg -> https://egkdapqwkfprtyqvvnso.supabase.co/storage/v1/object/public/venue-photos/draft/white-rock-beach-club/f6dfdb422ad768ac793a.jpg,https://xvhxyohqkkpaynrgrvvb.supabase.co/storage/v1/object/public/venue-photos/draft/white-rock-beach-club/f6dfdb422ad768ac793a.jpg,99d5c7db-54a7-4464-80b5-1de0c7059939,draft,EXACT_PATH_MATCH
